"행정구역별(1)",행정구역별(2),2010,2010,2010,2011,2011,2011,2012,2012,2012,2013,2013,2013,2014,2014,2014,2015,2015,2015,2016,2016,2016,2017,2017,2017,2018,2018,2018,2019,2019,2019
"행정구역별(1)",행정구역별(2),일반폐기물재활용률<br>(A÷B×100) (%),총재활용량<br>(A) (톤/일),생활폐기물 총발생량<br>(B) (톤/일),일반폐기물재활용률<br>(A÷B×100) (%),총재활용량<br>(A) (톤/일),생활폐기물 총발생량<br>(B) (톤/일),일반폐기물재활용률<br>(A÷B×100) (%),총재활용량<br>(A) (톤/일),생활폐기물 총발생량<br>(B) (톤/일),일반폐기물재활용률<br>(A÷B×100) (%),총재활용량<br>(A) (톤/일),생활폐기물 총발생량<br>(B) (톤/일),일반폐기물재활용률<br>(A÷B×100) (%),총재활용량<br>(A) (톤/일),생활폐기물 총발생량<br>(B) (톤/일),일반폐기물재활용률<br>(A÷B×100) (%),총재활용량<br>(A) (톤/일),생활폐기물 총발생량<br>(B) (톤/일),일반폐기물재활용률<br>(A÷B×100) (%),총재활용량<br>(A) (톤/일),생활폐기물 총발생량<br>(B) (톤/일),일반폐기물재활용률<br>(A÷B×100) (%),총재활용량<br>(A) (톤/일),생활폐기물 총발생량<br>(B) (톤/일),일반폐기물재활용률<br>(A÷B×100) (%),총재활용량<br>(A) (톤/일),생활폐기물 총발생량<br>(B) (톤/일),일반폐기물재활용률<br>(A÷B×100) (%),총재활용량<br>(A) (톤/일),생활폐기물 총발생량<br>(B) (톤/일)
"전국",소계,60.5,29752.9,49159.0,59.1,28938.9,48934.4,59.1,28951.0,48989.8,59.1,28783.9,48728.2,59.0,29454.2,49914.8,59.2,30352.2,51246.8,60.0,32252.9,53771.9,61.6,32931.4,53489.5,62.0,34747.1,56035.4,59.7,34613.3,57961.4
"서울특별시",소계,65.8,6592.7,10020.4,63.5,5993.2,9440.1,65.3,6004.5,9189.3,64.0,5481.4,8559.0,66.8,6423.9,9613.8,68.9,6501.4,9438.7,68.2,6549.7,9608.0,67.1,6180.2,9217.3,68.0,6456.9,9492.9,66.4,6535.4,9847.4
"서울특별시",종로구,65.6,288.0,439.0,63.5,261.1,411.0,69.6,268.9,386.6,62.7,222.5,354.7,62.2,227.4,365.4,61.8,200.5,324.4,56.0,227.2,406.0,60.7,227.7,375.1,64.7,234.7,362.7,64.6,219.6,339.9
"서울특별시",중구,54.5,288.4,529.2,56.5,318.2,562.9,59.7,330.5,553.4,64.6,327.9,507.9,62.9,317.1,504.5,63.0,315.1,500.3,62.5,312.2,499.2,50.5,225.4,446.0,56.2,241.5,429.7,54.2,224.3,413.7
"서울특별시",용산구,88.8,180.8,203.7,49.1,105.1,214.2,53.8,122.5,227.9,50.4,97.3,193.2,64.9,177.3,273.0,64.9,165.5,255.1,63.7,166.9,262.1,63.3,166.2,262.7,66.9,193.0,288.4,65.1,198.6,305.2
"서울특별시",성동구,62.8,177.2,282.0,62.6,181.7,290.2,64.7,173.1,267.6,66.3,173.5,261.8,65.1,165.4,254.1,69.0,179.0,259.4,68.5,176.6,257.8,65.5,167.6,255.7,66.3,178.9,270.0,69.7,211.4,303.1
"서울특별시",광진구,73.6,288.6,392.3,74.1,270.5,365.2,75.1,276.6,368.5,75.3,285.8,379.3,73.0,254.6,348.9,73.8,250.4,339.4,73.8,240.8,326.3,75.0,239.3,319.2,76.9,263.3,342.5,75.8,253.2,333.9
"서울특별시",동대문구,68.2,279.3,409.4,70.0,311.2,444.5,70.7,282.8,400.0,70.4,279.4,396.8,71.1,294.8,414.7,71.4,291.6,408.3,72.9,311.0,426.6,73.5,310.6,422.5,73.5,305.9,416.3,72.6,298.4,411.2
"서울특별시",중랑구,57.7,124.0,214.9,51.9,110.5,213.1,56.0,124.5,222.5,55.9,127.1,227.4,70.9,262.0,369.4,73.4,287.9,392.1,73.1,283.6,387.9,72.9,263.5,361.3,71.9,281.7,391.9,67.5,223.1,330.5
"서울특별시",성북구,67.2,240.4,357.8,58.5,173.9,297.5,57.4,172.6,300.6,57.3,157.6,274.9,67.0,245.6,366.6,69.2,248.6,359.2,70.8,253.8,358.3,68.9,238.0,345.5,71.7,249.8,348.5,74.2,275.6,371.3
"서울특별시",강북구,62.3,145.4,233.4,64.9,157.6,242.9,67.8,164.4,242.5,67.1,156.1,232.6,64.8,150.3,232.0,66.3,152.7,230.2,67.3,154.8,230.0,68.3,153.7,224.9,67.4,155.4,230.6,69.8,175.3,251.2
"서울특별시",도봉구,81.3,325.7,400.6,81.2,328.2,404.3,81.6,326.9,400.4,82.5,318.5,386.2,80.4,279.9,348.1,77.8,244.7,314.7,78.4,247.0,315.1,70.8,172.4,243.6,73.6,188.1,255.7,64.0,220.7,345.1
"서울특별시",노원구,64.1,290.1,452.9,60.2,182.8,303.7,60.8,187.3,307.9,60.5,183.1,302.4,66.5,237.0,356.4,75.6,351.0,464.2,73.8,335.7,455.1,74.2,309.0,416.7,77.1,360.2,467.2,65.4,207.4,317.3
"서울특별시",은평구,49.3,130.4,264.6,50.4,136.2,270.3,52.1,136.0,261.1,52.2,153.9,294.9,52.7,158.2,300.3,70.2,159.8,227.5,52.4,148.6,283.4,57.4,183.3,319.6,58.5,195.0,333.3,60.9,224.9,369.0
"서울특별시",서대문구,62.5,192.8,308.3,66.4,193.6,291.4,62.5,164.8,263.6,60.9,159.8,262.4,67.4,210.0,311.7,67.1,202.4,301.5,65.3,194.8,298.4,60.4,180.2,298.3,61.8,176.3,285.3,61.0,146.5,240.1
"서울특별시",마포구,54.8,166.1,303.1,56.7,175.5,309.6,55.5,155.3,279.6,55.9,160.3,287.0,72.2,330.6,458.1,71.8,331.4,461.6,70.4,321.4,456.6,69.7,305.2,437.7,66.9,293.9,439.5,59.9,285.9,477.5
"서울특별시",양천구,79.6,220.8,277.4,71.5,184.1,257.4,63.1,173.2,274.5,64.9,179.1,276.1,66.3,230.7,347.9,69.0,222.5,322.5,65.1,187.4,287.9,65.7,194.2,295.4,67.2,200.0,297.7,65.0,221.5,340.8
"서울특별시",강서구,67.0,450.0,671.4,73.5,316.1,429.8,71.7,286.1,399.1,65.6,242.7,370.2,69.9,305.4,436.8,70.6,306.7,434.2,68.4,290.8,425.3,71.0,329.4,463.7,70.1,336.4,480.0,74.4,446.2,599.4
"서울특별시",구로구,55.2,170.1,308.1,50.2,139.0,276.7,53.3,152.4,285.7,50.2,139.7,278.5,58.0,186.9,322.5,56.1,176.4,314.7,55.7,177.2,318.2,56.1,174.5,310.8,54.1,172.8,319.4,52.4,171.0,326.5
"서울특별시",금천구,69.4,136.5,196.7,57.9,128.1,221.2,61.4,137.2,223.5,54.9,99.0,180.2,66.4,166.5,250.6,71.4,171.5,240.1,71.0,170.0,239.6,70.3,170.0,241.8,70.4,175.2,248.8,69.1,198.0,286.7
"서울특별시",영등포구,78.0,422.1,541.1,62.1,227.3,366.0,61.1,246.5,403.2,53.5,163.7,305.8,55.1,196.2,356.1,63.9,249.0,389.9,70.7,287.7,406.8,67.6,230.2,340.7,64.6,216.6,335.3,63.8,266.4,417.3
"서울특별시",동작구,63.9,206.3,323.1,62.2,203.7,327.7,71.3,240.8,337.7,69.3,226.9,327.5,70.3,238.9,339.8,70.5,210.0,297.9,67.2,188.4,280.5,66.3,178.3,269.0,68.9,200.1,290.6,71.3,224.9,315.4
"서울특별시",관악구,47.9,163.0,340.0,49.0,157.4,321.0,59.0,187.5,317.6,57.0,179.9,315.5,61.6,218.2,354.3,62.1,209.7,337.9,62.7,212.9,339.7,64.0,231.4,361.8,72.3,315.9,436.8,72.0,313.2,434.7
"서울특별시",서초구,66.7,393.0,589.1,67.7,398.0,588.0,69.2,400.2,578.1,70.7,390.5,552.3,69.5,379.5,546.3,71.5,402.3,562.3,69.5,396.1,570.1,70.9,405.1,571.7,69.4,391.3,563.7,58.8,293.2,498.3
"서울특별시",강남구,63.8,632.2,990.5,64.9,660.5,1017.3,69.0,679.8,984.9,67.0,499.5,745.2,68.8,556.2,808.2,66.0,470.5,713.2,67.1,474.7,707.2,67.0,474.8,708.3,65.8,445.5,677.1,58.9,348.2,591.2
"서울특별시",송파구,74.3,545.1,733.3,70.8,531.7,751.5,72.6,467.5,644.2,71.0,425.7,599.8,65.0,360.9,555.5,69.1,397.6,575.7,70.0,398.7,569.7,67.3,370.4,550.3,68.1,416.9,611.8,74.8,604.8,808.2
"서울특별시",강동구,52.8,136.4,258.5,53.7,141.2,262.7,56.9,147.1,258.6,53.5,131.9,246.4,69.9,274.3,392.6,73.9,304.6,412.4,78.2,391.4,500.2,74.6,279.8,375.0,72.5,268.5,370.1,67.4,283.1,419.9
"부산광역시",소계,68.4,2204.7,3221.9,68.7,2191.3,3189.7,68.8,2195.1,3189.0,68.4,2170.2,3173.8,80.0,2718.6,3397.8,78.6,2647.1,3366.4,79.9,2679.4,3352.2,79.8,2666.9,3343.2,84.7,2827.9,3337.2,81.0,2694.0,3326.0
"부산광역시",중구,45.7,36.1,79.0,43.6,35.3,80.9,42.7,34.7,81.3,44.0,35.1,79.7,52.7,50.1,95.1,44.6,39.6,88.7,47.3,41.6,88.0,46.0,39.1,85.0,70.8,57.7,81.5,66.3,53.9,81.3
"부산광역시",서구,66.9,80.9,120.9,66.4,80.0,120.5,66.5,78.3,117.8,66.4,78.0,117.4,70.8,86.2,121.7,69.2,84.5,122.1,70.5,85.5,121.2,70.1,82.3,117.4,83.1,98.3,118.3,78.4,91.2,116.3
"부산광역시",동구,66.9,67.4,100.8,67.5,66.2,98.1,69.5,65.5,94.3,68.2,64.6,94.7,74.0,74.5,100.7,69.4,69.3,99.9,71.2,69.7,97.9,71.1,66.8,94.0,85.6,81.5,95.2,80.6,74.9,92.9
"부산광역시",영도구,74.2,95.0,128.0,75.2,92.7,123.2,76.1,91.4,120.1,75.1,88.5,117.8,78.4,101.1,129.0,75.9,94.6,124.6,77.1,97.4,126.3,77.6,93.5,120.5,90.4,109.5,121.1,84.8,100.5,118.5
"부산광역시",부산진구,67.0,253.8,378.7,67.3,250.8,372.6,66.9,250.1,373.7,66.4,243.3,366.5,87.0,331.4,381.1,85.5,322.8,377.4,86.9,322.7,371.3,86.6,316.7,365.9,85.6,311.5,364.0,80.8,293.3,363.1
"부산광역시",동래구,71.1,168.5,236.9,70.7,166.8,235.9,71.0,166.2,234.2,72.0,164.2,227.9,89.0,214.6,241.2,88.4,212.8,240.8,90.4,218.8,242.0,89.3,210.0,235.2,86.2,203.1,235.7,79.6,182.0,228.6
"부산광역시",남구,71.1,167.3,235.3,71.8,164.5,229.0,72.9,163.0,223.5,72.3,158.6,219.4,88.7,202.2,228.0,87.3,208.0,238.2,90.4,209.4,231.6,90.0,201.3,223.7,89.2,205.2,230.1,83.1,195.2,234.9
"부산광역시",북구,74.1,193.8,261.4,74.6,191.5,256.8,74.6,192.8,258.5,73.5,192.6,261.9,88.2,247.7,280.8,87.9,246.7,280.7,89.9,249.7,277.7,89.3,241.3,270.3,88.0,236.0,268.3,82.2,216.9,263.9
"부산광역시",해운대구,71.2,264.5,371.4,71.5,265.1,370.8,72.0,275.9,383.2,70.3,263.6,375.2,73.1,288.5,394.9,72.2,284.3,393.5,73.7,295.3,400.6,73.8,286.9,388.7,73.7,283.0,383.8,75.2,290.1,385.6
"부산광역시",사하구,63.2,205.2,324.7,63.2,203.2,321.5,62.6,202.5,323.7,61.7,199.6,323.3,66.6,220.1,330.4,65.5,215.4,329.1,71.0,222.1,312.8,72.0,252.5,350.6,89.2,304.1,341.1,83.9,283.2,337.7
"부산광역시",금정구,72.5,159.6,220.0,72.7,159.3,219.1,72.9,160.4,219.9,72.9,158.5,217.4,90.7,207.0,228.3,90.2,205.8,228.1,91.1,208.7,229.0,91.2,212.1,232.5,90.0,211.2,234.6,84.9,197.9,233.0
"부산광역시",강서구,51.0,39.2,76.9,50.1,40.7,81.2,51.8,41.3,79.7,51.5,43.0,83.5,55.4,52.6,95.0,49.8,50.1,100.7,67.4,76.6,113.6,71.7,100.8,140.5,79.7,114.2,143.2,85.9,131.5,153.1
"부산광역시",연제구,71.3,127.5,178.9,72.3,128.2,177.2,72.1,126.1,174.8,72.3,126.6,175.2,90.0,167.6,186.3,89.2,166.7,186.9,79.6,147.7,185.5,75.8,140.4,185.2,89.7,167.5,186.7,85.3,160.2,187.8
"부산광역시",수영구,72.1,106.7,148.0,73.8,105.7,143.3,73.5,106.3,144.6,71.8,107.0,149.0,90.7,156.3,172.3,89.2,140.0,157.0,79.1,124.9,157.9,74.5,113.4,152.3,88.7,134.0,151.1,84.2,122.3,145.3
"부산광역시",사상구,68.3,190.7,279.2,69.2,189.1,273.2,69.5,185.8,267.2,71.1,188.8,265.7,81.5,224.3,275.1,83.8,229.5,273.8,86.0,227.7,264.9,88.9,222.6,250.4,88.0,221.9,252.2,83.7,212.7,254.2
"부산광역시",기장군,59.3,48.5,81.8,60.4,52.2,86.4,59.2,54.8,92.5,58.7,58.2,99.2,68.5,94.4,137.9,61.6,77.0,124.9,61.9,81.6,131.9,66.6,87.2,131.0,68.5,89.2,130.3,68.0,88.2,129.8
"대구광역시",소계,55.9,1445.4,2584.8,55.0,1442.8,2625.0,52.5,1408.4,2683.8,50.2,1400.5,2789.7,49.8,1444.1,2899.4,48.3,1434.0,2966.5,64.2,1897.4,2956.9,76.6,2217.0,2895.4,76.0,2292.4,3014.8,72.7,2136.1,2938.1
"대구광역시",중구,48.4,95.9,198.1,51.1,93.3,182.7,44.8,84.4,188.4,42.7,81.9,191.6,44.4,75.1,169.0,46.5,85.0,182.8,70.6,136.5,193.3,82.8,153.3,185.1,82.4,151.7,184.1,78.7,136.2,173.0
"대구광역시",동구,53.2,180.6,339.7,53.2,181.2,340.7,48.4,170.8,352.6,46.4,167.2,360.1,47.9,163.6,341.5,45.7,155.7,340.7,63.0,222.8,353.9,79.8,278.6,349.2,81.9,338.5,413.4,72.7,303.5,417.3
"대구광역시",서구,59.0,145.2,246.0,58.6,144.6,246.6,53.5,135.6,253.3,45.7,119.1,260.5,54.5,150.5,276.0,53.8,161.2,299.4,61.6,175.5,285.0,70.7,208.8,295.2,65.3,196.8,301.2,71.2,171.1,240.4
"대구광역시",남구,45.4,114.3,251.6,52.9,112.2,212.1,48.5,105.4,217.1,47.2,105.1,222.6,44.5,83.7,188.0,44.7,90.1,201.5,60.1,122.4,203.7,72.9,141.2,193.8,75.1,142.6,189.8,69.3,127.3,183.8
"대구광역시",북구,55.1,227.0,412.3,52.6,226.1,430.0,50.1,218.4,436.3,47.9,218.8,457.0,49.8,251.5,504.9,46.5,249.5,536.7,65.5,346.0,528.3,82.0,404.3,492.8,79.7,427.2,536.3,71.9,379.0,527.2
"대구광역시",수성구,61.7,230.3,373.4,59.2,239.8,404.9,55.5,230.5,415.1,54.4,244.0,448.7,53.6,225.4,420.6,53.2,234.9,441.3,68.3,313.7,459.6,81.9,362.4,442.7,79.6,370.2,465.3,78.0,346.3,444.2
"대구광역시",달서구,55.6,297.7,535.3,51.0,297.3,582.6,53.4,313.6,587.4,53.2,331.2,622.0,46.3,339.4,733.0,49.3,348.5,707.4,63.1,428.6,679.3,68.4,455.8,666.3,70.4,448.2,637.0,71.2,468.4,657.5
"대구광역시",달성군,67.6,154.4,228.4,65.8,148.3,225.4,64.1,149.7,233.6,58.6,133.2,227.2,58.1,154.9,266.4,42.5,109.1,256.7,59.9,151.9,253.8,78.7,212.6,270.3,75.5,217.2,287.7,69.3,204.3,294.7
"인천광역시",소계,64.5,1494.9,2317.4,64.4,1402.1,2177.6,62.0,1282.9,2070.7,65.7,1585.4,2412.7,55.3,965.2,1746.0,55.0,1043.6,1897.5,56.0,1339.3,2389.5,58.6,1336.4,2280.1,59.8,1659.6,2775.4,53.4,1600.0,2999.0
"인천광역시",중구,58.7,120.4,205.2,59.6,123.8,207.7,60.2,118.0,195.9,46.9,49.1,104.7,45.7,50.2,109.8,40.9,42.0,102.6,55.9,73.8,132.1,61.3,134.3,219.0,54.3,176.1,324.3,43.0,113.2,263.5
"인천광역시",동구,75.9,78.9,103.9,80.3,94.2,117.3,76.6,68.4,89.3,58.1,27.5,47.3,59.7,28.9,48.4,57.0,26.6,46.7,62.2,34.1,54.8,63.8,43.3,67.9,83.6,118.5,141.8,59.8,35.6,59.5
"인천광역시",남구,70.6,283.8,401.7,63.7,196.6,308.7,63.4,188.3,296.8,62.2,179.0,287.7,54.2,126.3,233.2,53.7,128.3,238.9,56.1,147.0,262.1,54.5,141.2,259.1,-,-,-,-,-,-
"인천광역시",연수구,65.6,125.8,191.7,63.8,94.3,147.7,64.5,98.4,152.6,60.4,86.2,142.6,52.8,70.5,133.6,59.1,79.8,135.0,56.4,129.5,229.7,54.9,135.1,246.2,60.0,161.7,269.6,70.9,168.4,237.4
"인천광역시",남동구,53.5,148.1,277.0,54.6,153.6,281.5,55.8,157.4,282.2,54.5,145.8,267.7,59.6,183.9,308.3,62.1,204.9,330.1,43.9,242.2,551.8,63.6,300.8,473.2,64.7,337.5,521.9,65.5,307.4,469.3
"인천광역시",부평구,65.4,316.5,484.3,67.8,327.7,483.5,52.0,183.8,353.4,47.5,168.6,355.0,51.0,169.4,331.9,51.9,173.0,333.1,57.9,228.9,395.5,56.8,220.1,387.5,58.7,242.2,412.6,50.3,209.5,416.3
"인천광역시",계양구,69.7,185.4,266.1,67.0,157.2,234.7,68.8,166.3,241.8,67.3,176.2,262.0,57.5,106.5,185.2,59.3,115.8,195.2,61.2,126.3,206.4,59.3,122.2,206.0,61.5,134.6,218.8,59.9,136.7,228.4
"인천광역시",서구,56.3,125.0,222.2,55.6,123.5,222.3,53.3,116.9,219.2,86.0,674.8,784.8,60.1,177.4,295.2,56.0,172.1,307.1,65.4,314.0,480.2,57.0,194.1,340.4,57.1,253.8,444.4,52.5,266.2,506.8
"인천광역시",미추홀구,-,-,-,-,-,-,-,-,-,-,-,-,-,-,-,-,-,-,-,-,-,-,-,-,54.0,140.2,259.4,52.8,163.9,310.6
"인천광역시",강화군,65.4,43.2,66.1,65.5,40.3,61.5,72.0,57.2,79.4,54.3,24.8,45.7,42.5,12.7,29.9,46.5,21.3,45.8,50.9,25.7,50.5,45.8,22.5,49.1,72.7,69.9,96.2,67.7,88.1,130.2
"인천광역시",옹진군,63.5,12.5,19.7,63.3,15.0,23.7,60.6,13.7,22.6,49.6,6.8,13.7,51.6,6.5,12.6,56.1,8.7,15.5,52.0,9.3,17.9,50.3,9.0,17.9,57.6,10.6,18.4,60.7,12.2,20.1
"광주광역시",소계,63.0,880.5,1396.9,65.5,873.8,1333.9,62.2,826.8,1328.8,62.2,825.6,1327.0,63.9,841.6,1316.4,61.9,787.3,1272.9,59.2,737.9,1247.2,85.5,1085.1,1269.1,56.9,723.9,1272.3,57.9,791.9,1368.3
"광주광역시",동구,67.9,108.3,159.4,68.8,111.7,162.4,67.0,111.0,165.6,63.7,98.7,155.0,64.0,101.0,157.8,55.1,69.9,126.8,44.9,47.7,106.2,83.3,85.2,102.3,44.6,48.5,108.8,50.7,55.1,108.7
"광주광역시",서구,62.4,213.8,342.6,66.7,217.7,326.2,64.3,217.8,338.7,63.3,204.9,323.5,63.5,193.6,304.9,57.2,152.6,266.9,56.0,157.6,281.6,87.5,229.4,262.1,50.5,136.0,269.1,56.6,151.9,268.4
"광주광역시",남구,59.9,118.3,197.6,62.3,127.3,204.4,65.8,116.8,177.6,64.3,111.2,173.0,66.3,120.0,180.9,65.1,125.1,192.1,60.1,114.9,191.2,88.8,166.1,187.0,61.6,117.5,190.8,54.6,89.3,163.6
"광주광역시",북구,59.8,241.6,403.9,62.0,218.5,352.7,59.1,208.7,353.1,60.7,226.1,372.5,60.5,213.7,353.3,56.9,188.4,331.2,57.3,184.8,322.6,85.1,310.5,364.7,63.6,215.4,338.5,58.7,240.0,408.9
"광주광역시",광산구,67.7,198.5,293.4,68.9,198.6,288.2,58.7,172.5,293.8,61.0,184.7,303.0,66.8,213.3,319.5,70.6,251.3,355.9,67.4,232.9,345.6,83.3,293.9,353.0,56.6,206.5,365.1,61.0,255.6,418.7
"대전광역시",소계,64.3,1000.9,1557.6,64.4,977.7,1519.2,66.6,978.0,1468.9,63.6,937.2,1473.4,63.8,925.8,1451.2,67.0,1065.9,1589.8,65.9,1072.7,1628.5,63.6,1057.6,1664.0,71.8,1156.7,1611.3,67.9,988.9,1457.2
"대전광역시",동구,56.6,172.6,304.9,58.9,173.6,294.6,64.5,155.3,240.9,63.3,149.2,235.6,66.6,171.0,256.6,58.3,144.5,247.8,64.3,164.4,255.5,61.5,166.8,271.4,78.1,211.3,270.7,73.9,184.4,249.6
"대전광역시",중구,66.6,177.6,266.7,68.5,182.4,266.4,68.3,182.9,267.7,67.6,186.6,276.0,63.8,151.7,237.6,68.6,179.6,261.7,67.6,200.8,297.2,62.5,182.1,291.4,62.3,184.8,296.7,75.4,201.5,267.4
"대전광역시",서구,66.3,302.8,456.5,66.3,294.1,443.8,64.2,284.3,442.5,62.4,265.9,426.3,62.7,272.5,434.5,65.5,301.8,460.9,64.0,289.0,451.4,63.2,283.9,449.4,66.8,308.6,461.7,64.9,251.1,386.8
"대전광역시",유성구,66.1,181.5,274.6,64.7,175.8,271.7,69.6,196.9,282.7,66.4,189.2,284.9,67.4,199.3,295.8,70.4,229.3,325.9,64.9,227.6,350.8,64.3,227.3,353.6,81.0,262.2,323.7,69.3,237.7,342.8
"대전광역시",대덕구,65.3,166.4,254.9,62.5,151.8,242.7,67.5,158.6,235.1,58.4,146.3,250.6,57.9,131.3,226.7,71.8,210.7,293.5,69.8,190.9,273.6,66.2,197.5,298.2,73.4,189.8,258.5,54.2,114.2,210.6
"울산광역시",소계,67.3,733.8,1091.0,61.8,736.5,1191.3,59.7,764.1,1280.4,62.0,765.1,1234.2,54.2,785.2,1449.3,54.2,841.6,1551.5,52.7,839.3,1591.4,54.5,823.1,1509.8,52.4,812.8,1550.2,48.5,786.3,1622.3
"울산광역시",중구,71.7,148.8,207.4,65.9,146.6,222.5,51.4,126.7,246.7,55.9,144.4,258.4,54.4,144.5,265.8,54.6,148.3,271.7,52.0,152.8,294.0,55.9,147.9,264.8,51.1,130.0,254.6,52.2,129.1,247.2
"울산광역시",남구,65.0,237.1,364.8,59.4,228.3,384.5,65.6,267.3,407.6,60.4,248.2,410.8,54.9,256.4,466.9,54.0,266.8,494.2,53.6,279.3,520.8,55.8,286.0,512.6,51.8,278.3,537.2,48.1,243.5,505.9
"울산광역시",동구,68.5,127.5,186.0,63.6,120.1,188.7,57.3,128.7,224.6,60.0,126.9,211.4,57.6,133.4,231.6,61.1,134.5,220.2,57.1,127.4,223.2,56.7,120.1,212.0,55.9,119.4,213.6,53.5,111.0,207.4
"울산광역시",북구,69.7,105.7,151.7,63.4,110.9,174.8,55.2,108.1,195.7,68.5,106.8,156.0,48.0,114.5,238.4,48.6,116.1,239.1,45.3,119.2,262.9,47.8,119.5,250.1,50.2,125.7,250.6,54.2,132.9,245.2
"울산광역시",울주군,63.3,114.7,181.1,59.1,130.6,220.8,64.8,133.3,205.8,70.2,138.8,197.6,55.3,136.4,246.6,53.9,175.9,326.3,55.3,160.6,290.5,55.3,149.6,270.3,54.2,159.4,294.2,40.8,169.8,416.6
"세종특별자치시",소계,-,-,-,-,-,-,29.5,21.8,74.0,94.1,681.6,724.2,47.3,56.9,120.2,61.3,99.0,161.6,69.7,123.2,176.8,56.3,136.3,241.9,71.3,288.3,404.3,55.3,240.9,435.4
"경기도",소계,61.9,6411.6,10362.4,60.3,6507.8,10798.2,61.3,6389.5,10428.2,58.3,5780.5,9919.2,57.5,6012.8,10452.1,58.9,6752.5,11467.1,59.1,7133.1,12069.5,61.0,7075.6,11605.3,60.7,7530.7,12406.1,59.3,7827.5,13196.9
"경기도",수원시,58.8,602.4,1024.8,59.2,607.8,1027.2,55.6,598.0,1074.7,59.8,627.5,1050.0,56.2,577.6,1028.6,56.3,620.1,1101.5,59.9,743.6,1241.0,63.1,721.4,1143.6,62.3,707.2,1134.5,52.9,539.5,1019.8
"경기도",성남시,55.9,422.1,755.7,51.6,398.7,772.0,52.7,407.7,773.5,52.1,403.8,775.3,50.2,415.2,827.1,55.1,436.2,791.0,56.5,493.4,873.8,47.6,411.5,864.2,48.8,448.2,918.4,48.3,411.0,851.4
"경기도",의정부시,58.5,266.4,455.1,42.8,247.8,579.0,61.6,256.1,415.8,65.4,242.1,370.3,69.3,261.3,376.9,68.4,265.3,387.8,67.0,253.8,378.9,68.1,289.9,425.8,66.0,303.4,460.0,53.8,211.2,392.9
"경기도",안양시,55.9,250.5,448.1,58.6,267.9,457.2,51.7,216.9,419.3,57.8,247.9,429.1,48.2,199.9,414.6,59.0,303.1,513.8,55.7,275.4,494.6,44.7,163.7,366.5,34.1,132.3,388.1,33.1,98.8,298.5
"경기도",부천시,68.9,501.8,728.0,68.1,502.8,738.7,68.3,479.7,702.3,63.2,318.3,503.8,65.4,384.6,587.8,57.9,324.1,559.4,61.1,350.3,573.4,65.5,489.5,747.1,70.7,597.3,844.6,61.4,420.8,684.9
"경기도",광명시,49.3,134.0,271.8,49.3,136.2,276.1,48.3,129.4,268.1,43.8,112.5,256.7,46.2,116.1,251.5,53.1,132.8,250.0,50.4,123.1,244.3,48.4,123.8,255.9,49.9,133.7,268.1,46.0,129.8,282.0
"경기도",평택시,68.3,227.2,332.5,66.4,262.7,395.5,71.3,292.6,410.4,67.4,282.9,419.5,62.6,280.6,448.1,61.7,280.4,454.5,55.8,229.8,411.8,63.2,249.9,395.3,65.5,321.3,490.6,76.7,687.0,895.6
"경기도",동두천시,48.8,38.5,78.9,38.1,40.1,105.2,52.7,38.5,73.0,55.3,36.1,65.3,60.1,42.8,71.2,59.4,42.8,72.1,59.2,47.1,79.5,53.0,40.1,75.6,49.6,38.1,76.8,35.1,27.0,76.9
"경기도",안산시,57.5,250.9,436.5,50.7,225.5,445.0,52.4,258.2,492.4,51.4,273.3,532.1,56.9,340.8,599.4,57.8,324.1,560.9,56.4,316.7,562.0,54.9,303.5,552.7,56.7,336.1,592.9,51.8,321.9,622.0
"경기도",고양시,64.2,541.2,843.5,62.3,546.2,877.2,66.4,561.1,845.6,63.5,569.1,895.9,60.8,531.4,874.2,68.3,623.7,913.0,65.5,580.4,885.6,64.8,618.0,953.4,63.1,583.2,924.3,67.3,630.3,936.9
"경기도",과천시,36.8,29.4,79.8,36.2,28.3,78.2,35.1,27.9,79.5,32.6,25.0,76.8,30.4,22.4,73.6,26.7,19.6,73.5,37.5,33.6,89.6,32.6,22.9,70.3,36.4,32.3,88.7,42.0,37.5,89.2
"경기도",구리시,49.0,102.7,209.6,44.4,86.8,195.6,64.1,123.0,192.0,59.2,104.6,176.7,64.1,134.1,209.3,60.8,117.2,192.9,61.2,136.0,222.2,50.0,78.4,156.9,48.2,80.0,165.9,48.5,90.9,187.4
"경기도",남양주시,69.5,293.0,421.7,70.0,305.4,436.5,71.1,343.6,483.3,54.5,183.4,336.6,54.7,200.6,366.8,51.8,179.4,346.2,58.5,221.8,379.0,59.0,217.0,367.5,50.1,203.9,407.2,66.0,451.5,684.4
"경기도",오산시,59.3,86.0,145.0,64.9,109.3,168.3,65.1,102.9,158.0,69.9,119.1,170.4,65.2,130.6,200.4,62.0,115.8,186.9,60.9,109.5,179.8,56.9,115.3,202.6,58.9,105.1,178.5,57.0,130.1,228.2
"경기도",시흥시,58.9,178.4,303.0,60.7,182.2,300.4,59.5,180.0,302.4,61.6,192.3,312.3,48.4,169.1,349.2,50.5,187.4,371.2,70.3,327.5,465.7,71.5,342.8,479.5,68.1,294.1,432.1,51.1,244.9,479.4
"경기도",군포시,67.2,205.1,305.0,65.4,205.3,314.1,70.1,210.9,301.0,44.0,88.6,201.3,50.5,91.6,181.3,51.4,99.2,193.1,50.0,109.8,219.5,44.8,102.9,229.7,43.2,109.1,252.6,43.2,113.3,262.5
"경기도",의왕시,59.3,72.3,122.0,66.9,68.8,102.9,61.0,65.6,107.5,62.0,79.5,128.3,66.4,95.8,144.2,67.3,91.5,136.0,67.2,97.0,144.4,71.5,107.5,150.4,51.1,57.6,112.7,33.7,30.3,89.9
"경기도",하남시,51.1,86.1,168.4,65.3,85.6,131.1,62.4,84.9,136.0,70.7,104.1,147.2,32.7,103.5,316.9,26.7,103.2,386.1,26.2,85.6,326.8,64.7,114.3,176.6,81.9,318.5,388.9,49.6,109.3,220.3
"경기도",용인시,49.9,392.9,787.4,42.6,329.1,772.3,41.0,319.7,779.1,46.0,362.0,787.8,57.1,470.8,825.0,59.6,582.6,977.3,56.9,604.4,1062.0,64.1,560.4,874.3,71.3,775.8,1088.2,72.4,1105.8,1526.9
"경기도",파주시,77.3,276.1,357.4,70.8,308.6,436.0,70.9,264.8,373.3,69.6,263.6,378.5,66.8,262.7,393.5,63.9,270.0,422.6,61.0,288.6,472.9,47.6,206.7,434.4,62.6,316.5,505.2,63.2,312.5,494.8
"경기도",이천시,68.9,140.1,203.2,76.1,189.2,248.7,74.9,207.3,276.9,43.6,96.7,221.8,55.0,113.6,206.6,57.3,167.1,291.8,72.7,234.2,322.3,72.3,204.0,282.2,68.7,181.7,264.5,76.4,332.3,434.9
"경기도",안성시,75.1,242.2,322.6,77.4,226.5,292.6,74.4,218.3,293.5,49.3,122.9,249.1,50.5,117.0,231.5,49.9,115.4,231.3,52.5,116.9,222.5,53.9,124.4,230.8,61.9,145.5,234.9,59.5,131.3,220.8
"경기도",김포시,68.4,136.6,199.6,69.6,148.3,213.0,69.5,163.3,234.8,62.1,163.4,263.2,58.0,146.5,252.6,56.7,179.5,316.4,45.5,113.5,249.7,54.0,136.9,253.4,55.4,187.1,337.5,39.5,136.1,344.9
"경기도",화성시,70.4,228.3,324.1,69.9,228.9,327.4,72.5,232.0,320.0,64.3,157.3,244.5,65.8,212.6,323.3,53.6,243.3,454.1,55.5,335.3,603.7,70.8,507.6,716.6,62.6,410.4,656.1,62.4,383.6,614.3
"경기도",광주시,66.8,175.2,262.1,67.8,158.4,233.8,71.5,179.3,250.6,67.7,174.5,257.6,67.4,182.9,271.2,71.7,210.0,292.7,71.6,211.8,295.9,72.6,218.4,301.0,66.3,243.2,366.7,51.9,162.0,312.2
"경기도",양주시,72.9,166.9,229.0,64.5,117.3,181.8,72.7,125.2,172.1,74.2,152.9,206.0,74.0,150.5,203.5,68.3,153.3,224.5,72.7,180.0,247.5,75.6,285.8,377.9,67.8,160.2,236.4,53.5,125.8,235.2
"경기도",포천시,62.1,77.7,125.2,62.8,109.5,174.5,58.3,101.4,173.9,62.3,107.8,173.0,61.4,106.4,173.4,82.5,309.0,374.4,63.4,268.9,424.1,47.3,67.9,143.6,22.7,42.6,188.0,68.4,198.6,290.5
"경기도",여주시,-,-,-,-,-,-,-,-,-,67.8,63.0,92.9,68.8,59.5,86.5,76.6,123.4,161.0,76.3,158.2,207.4,77.7,153.6,197.8,82.3,162.4,197.3,65.8,113.0,171.8
"경기도",경기 여주군,85.6,188.0,219.5,89.1,287.4,322.7,79.6,105.1,132.1,-,-,-,-,-,-,-,-,-,-,-,-,-,-,-,-,-,-,-,-,-
"경기도",연천군,54.8,32.5,59.3,54.1,30.4,56.2,52.6,28.4,54.0,47.5,29.1,61.2,54.0,23.5,43.5,37.3,16.2,43.4,19.1,10.1,52.9,26.3,9.7,36.9,30.4,17.9,58.8,73.5,52.8,71.8
"경기도",가평군,31.9,19.0,59.5,31.9,19.0,59.5,45.3,27.4,60.5,62.5,46.6,74.6,70.5,48.4,68.7,71.2,94.0,132.1,69.0,52.8,76.5,83.2,63.0,75.7,77.1,57.5,74.6,50.2,47.9,95.5
"경기도",양평군,57.2,48.1,84.1,60.1,47.8,79.5,55.5,40.3,72.6,49.8,30.6,61.4,39.5,20.4,51.7,41.0,22.8,55.6,39.9,24.0,60.2,37.0,24.8,67.1,39.0,28.5,73.0,50.2,40.7,81.1
"강원도",소계,57.8,1375.2,2379.5,53.6,1183.5,2208.5,52.2,1135.1,2175.3,50.3,1057.1,2100.6,51.5,1082.8,2104.1,50.1,1018.3,2031.6,53.5,1166.8,2179.1,55.3,1289.3,2333.5,55.9,1326.5,2372.3,50.2,1130.1,2250.9
"강원도",춘천시,59.0,280.5,475.5,58.1,280.0,481.6,58.3,271.3,465.6,56.2,244.3,434.9,56.9,277.6,488.0,58.3,254.7,436.8,64.6,278.5,430.8,68.5,280.1,409.2,59.8,276.9,462.9,42.8,118.0,275.4
"강원도",원주시,67.5,226.4,335.2,69.7,241.0,346.0,67.1,216.8,323.2,63.9,198.6,310.7,71.4,174.0,243.7,74.6,181.4,243.3,88.5,237.3,268.2,93.4,423.7,453.8,89.0,386.8,434.4,85.1,375.9,441.6
"강원도",강릉시,65.3,219.5,336.1,65.1,228.3,350.5,64.6,238.6,369.3,65.0,241.2,371.1,64.2,237.7,370.0,62.3,221.8,355.8,58.6,224.9,384.0,49.8,178.6,358.3,51.7,200.0,386.7,52.2,153.8,294.4
"강원도",동해시,40.7,44.2,108.6,33.0,38.9,117.8,31.3,34.5,110.2,34.1,36.6,107.2,37.6,46.0,122.3,37.1,46.5,125.4,34.2,44.8,130.9,33.9,43.7,128.9,92.4,105.1,113.7,50.1,67.7,135.0
"강원도",태백시,69.6,84.1,120.8,81.2,70.3,86.6,56.3,46.7,83.0,45.7,34.9,76.3,60.3,35.3,58.5,54.7,35.0,64.0,54.1,24.8,45.8,41.7,38.8,93.0,21.0,18.3,87.3,30.8,30.0,97.3
"강원도",속초시,52.5,96.1,182.9,49.6,83.4,168.2,49.5,82.2,165.9,49.5,81.8,165.3,45.4,83.1,183.2,22.9,34.6,150.9,27.1,42.4,156.2,20.4,29.8,146.0,10.8,14.4,132.8,6.6,8.4,126.5
"강원도",삼척시,30.4,31.2,102.5,21.2,22.1,104.4,27.9,29.1,104.3,33.1,35.1,106.2,39.5,43.5,110.1,40.5,44.1,108.8,55.7,80.5,144.5,41.2,43.5,105.7,43.0,44.9,104.3,33.3,40.4,121.3
"강원도",홍천군,58.1,65.8,113.3,44.7,30.5,68.2,37.8,21.7,57.4,14.5,6.2,42.9,23.5,11.7,49.8,31.9,19.2,60.1,39.6,31.7,80.1,42.3,32.2,76.2,60.2,67.6,112.2,59.9,108.0,180.4
"강원도",횡성군,52.1,28.2,54.1,49.2,23.9,48.6,43.2,18.6,43.1,27.7,10.4,37.5,36.2,13.4,37.0,38.2,15.4,40.3,32.3,19.2,59.5,56.2,34.3,61.0,60.5,40.2,66.5,56.4,33.7,59.8
"강원도",영월군,45.1,18.3,40.6,43.2,17.9,41.4,45.0,18.0,40.0,61.0,26.8,43.9,56.5,19.9,35.2,51.4,16.6,32.3,48.5,15.8,32.6,49.2,15.2,30.9,48.0,16.6,34.6,40.8,12.8,31.4
"강원도",평창군,90.4,155.4,171.9,61.9,28.0,45.2,61.3,27.3,44.5,55.1,27.0,49.0,62.6,35.0,55.9,63.4,28.9,45.6,75.9,44.1,58.1,72.0,42.5,59.0,81.9,64.0,78.1,70.4,51.0,72.4
"강원도",정선군,45.3,26.2,57.9,46.6,22.6,48.5,41.2,20.2,49.0,52.9,28.4,53.7,53.7,29.3,54.6,60.4,33.6,55.6,66.5,44.0,66.2,48.6,25.3,52.1,36.4,14.7,40.4,68.3,51.3,75.1
"강원도",철원군,58.7,25.7,43.8,37.6,18.0,47.9,48.2,31.9,66.2,30.1,16.6,55.2,23.0,14.0,60.8,21.8,12.6,57.9,21.0,11.7,55.7,16.7,9.3,55.7,20.8,11.2,53.8,21.9,12.3,56.2
"강원도",화천군,35.4,15.6,44.1,33.6,14.3,42.6,31.1,13.2,42.5,28.1,12.4,44.2,25.6,12.4,48.4,25.1,12.4,49.4,24.4,12.1,49.6,24.7,12.3,49.8,16.0,7.2,44.9,9.6,5.7,59.5
"강원도",양구군,26.6,9.8,36.8,38.7,13.7,35.4,39.4,13.9,35.3,38.7,13.7,35.4,38.6,13.7,35.5,61.5,17.6,28.6,58.3,21.0,36.0,61.8,24.3,39.3,27.2,8.5,31.3,37.3,11.3,30.3
"강원도",인제군,31.5,18.6,59.1,26.5,17.5,66.0,32.0,22.5,70.3,26.5,16.1,60.8,36.0,20.0,55.5,38.8,29.6,76.3,19.0,15.9,83.9,23.8,23.9,100.5,21.7,20.6,95.1,17.9,14.1,78.9
"강원도",고성군,34.7,19.6,56.5,32.1,22.9,71.4,30.4,21.6,71.1,27.4,19.1,69.7,13.6,7.9,57.9,13.2,7.7,58.2,20.2,10.1,50.0,33.8,20.7,61.2,47.4,16.1,34.0,36.1,20.1,55.7
"강원도",양양군,25.1,10.0,39.8,26.7,10.2,38.2,20.3,7.0,34.4,21.6,7.9,36.6,22.0,8.3,37.7,15.6,6.6,42.3,17.0,8.0,47.0,21.0,11.1,52.9,22.6,13.4,59.3,26.1,15.6,59.7
"충청북도",소계,56.1,996.4,1774.8,56.1,984.8,1754.0,59.2,1049.6,1773.5,58.7,1035.5,1764.1,60.8,1181.7,1943.0,56.3,945.4,1680.6,55.2,1167.4,2114.4,51.1,1039.4,2032.9,52.5,1135.1,2163.1,49.3,1120.5,2274.4
"충청북도",충북 청주시,60.3,496.3,823.5,57.1,450.3,788.4,61.6,460.4,747.7,64.5,504.5,781.7,-,-,-,-,-,-,-,-,-,-,-,-,-,-,-,-,-,-
"충청북도",충주시,65.2,148.2,227.3,56.1,117.4,209.4,45.9,116.2,253.4,51.8,128.2,247.3,56.0,148.9,265.8,39.2,65.1,166.0,60.2,205.1,340.9,54.8,161.8,295.0,28.8,102.3,355.6,43.3,164.3,379.7
"충청북도",제천시,35.6,53.0,148.9,31.2,43.0,137.7,30.7,37.2,121.1,28.3,36.2,127.9,27.6,33.9,122.8,33.7,41.5,123.0,35.9,40.9,114.0,37.2,44.8,120.3,52.6,78.7,149.5,36.1,48.9,135.3
"충청북도",청주시,-,-,-,-,-,-,-,-,-,-,-,-,69.2,804.8,1163.7,66.4,656.5,989.4,60.4,732.5,1212.7,56.3,632.8,1124.4,64.3,696.6,1083.0,55.7,682.3,1224.2
"충청북도",충북 청원군,62.3,104.7,168.0,70.1,121.1,172.8,83.9,192.9,229.9,81.5,171.0,209.9,-,-,-,-,-,-,-,-,-,-,-,-,-,-,-,-,-,-
"충청북도",보은군,53.4,24.8,46.4,61.3,27.6,45.0,60.6,26.0,42.9,34.1,10.2,29.9,31.7,9.7,30.6,27.9,10.0,35.9,22.6,7.4,32.7,21.2,7.5,35.3,15.6,5.4,34.7,25.6,9.2,35.9
"충청북도",옥천군,30.6,14.3,46.8,43.2,20.1,46.5,39.3,18.4,46.8,28.9,12.7,43.9,33.1,14.7,44.4,9.8,4.3,43.7,37.3,22.7,60.9,41.7,27.3,65.5,43.3,30.1,69.5,47.4,26.6,56.1
"충청북도",영동군,46.0,17.1,37.2,47.3,17.8,37.6,42.7,15.0,35.1,38.4,14.7,38.3,42.1,19.7,46.8,42.0,20.1,47.9,42.2,19.5,46.2,40.7,18.5,45.4,35.0,13.8,39.4,36.0,15.5,43.0
"충청북도",진천군,39.7,25.4,63.9,75.4,80.1,106.3,70.4,62.6,88.9,68.6,61.3,89.3,77.8,48.3,62.1,75.1,54.5,72.6,53.7,42.5,79.2,63.0,67.9,107.8,60.4,69.3,114.7,79.9,72.7,91.0
"충청북도",괴산군,45.3,15.3,33.8,40.3,12.6,31.3,63.9,30.4,47.6,65.7,30.8,46.9,69.7,30.8,44.2,57.5,28.3,49.2,53.2,31.2,58.6,42.7,29.9,70.1,40.8,29.0,71.0,22.1,8.8,39.9
"충청북도",음성군,53.3,50.6,94.9,53.8,53.3,99.0,64.6,60.2,93.2,41.7,31.7,76.1,43.7,38.4,87.9,39.8,28.4,71.3,38.0,30.8,81.1,24.9,21.3,85.4,54.0,83.2,154.0,39.3,61.5,156.6
"충청북도",단양군,53.4,24.1,45.1,47.4,19.9,42.0,49.6,19.3,38.9,45.0,16.8,37.3,34.9,12.5,35.8,38.2,15.0,39.3,28.2,13.4,47.5,21.9,9.8,44.7,20.3,10.7,52.8,20.3,11.3,55.8
"충청북도",증평군,57.9,22.6,39.0,56.8,21.6,38.0,39.3,11.0,28.0,48.9,17.4,35.6,51.4,20.0,38.9,51.3,21.7,42.3,52.7,21.4,40.6,45.6,17.8,39.0,41.1,16.0,38.9,34.1,19.4,56.9
"충청남도",소계,62.1,1528.0,2461.3,58.8,1413.3,2404.0,59.3,1430.5,2411.5,60.2,1554.0,2582.6,57.0,1414.1,2482.8,57.2,1474.4,2579.1,52.2,1305.7,2502.0,51.8,1408.2,2718.3,54.9,1627.3,2961.9,51.5,1452.3,2822.4
"충청남도",천안시,75.4,720.1,954.6,69.9,651.8,932.1,70.4,690.9,981.9,72.0,775.7,1077.7,64.7,610.1,943.3,65.3,557.4,853.9,54.0,476.9,883.0,48.9,460.2,940.9,46.3,380.5,822.1,53.2,429.4,807.3
"충청남도",공주시,60.3,81.5,135.1,60.8,82.4,135.5,62.9,82.1,130.6,63.7,83.2,130.7,58.1,74.4,128.1,68.9,103.3,150.0,67.0,94.6,141.2,69.8,108.7,155.8,71.7,124.6,173.8,57.7,81.3,140.9
"충청남도",보령시,46.8,47.8,102.1,47.0,49.2,104.7,41.6,44.1,106.0,45.9,51.3,111.7,53.5,65.9,123.2,56.6,66.7,117.8,46.9,68.5,145.9,44.3,58.4,131.8,41.0,58.9,143.6,44.7,65.5,146.5
"충청남도",아산시,62.1,186.1,299.6,48.7,117.3,241.0,56.7,154.3,271.9,63.5,206.3,324.7,58.0,168.3,290.2,63.7,243.5,382.2,50.7,150.6,297.0,63.1,291.6,462.3,76.5,581.8,760.9,69.4,431.8,622.0
"충청남도",서산시,57.0,110.4,193.6,55.9,95.0,170.0,54.8,97.3,177.6,54.7,97.8,178.9,54.7,98.1,179.4,39.2,103.2,263.1,51.0,86.6,169.7,48.4,84.0,173.5,47.7,82.3,172.5,47.2,85.6,181.4
"충청남도",논산시,59.8,101.4,169.7,54.0,94.3,174.5,54.0,94.3,174.6,53.6,94.4,176.0,52.7,92.7,175.8,52.4,96.5,184.3,59.0,102.3,173.3,51.0,88.6,173.7,52.8,90.1,170.6,29.4,42.5,144.8
"충청남도",계룡시,56.4,19.8,35.1,71.6,61.7,86.2,52.2,29.5,56.5,50.3,24.0,47.7,59.1,37.8,64.0,48.6,20.3,41.8,53.2,23.8,44.7,57.0,25.8,45.3,55.8,23.9,42.8,59.8,27.7,46.3
"충청남도",당진시,-,-,-,-,-,-,51.2,76.5,149.3,39.1,58.9,150.7,42.8,80.7,188.7,44.9,64.0,142.6,56.4,103.3,183.1,50.3,75.5,150.1,43.5,67.5,155.0,37.0,88.2,238.4
"충청남도",금산군,26.7,11.2,41.9,28.2,12.2,43.2,42.6,23.2,54.4,42.2,23.6,55.9,52.9,32.1,60.7,45.7,24.8,54.3,34.5,19.0,55.0,38.9,22.7,58.4,55.0,28.6,52.0,41.2,19.0,46.1
"충청남도",충남 연기군,26.2,13.8,52.7,26.2,13.7,52.3,-,-,-,-,-,-,-,-,-,-,-,-,-,-,-,-,-,-,-,-,-,-,-,-
"충청남도",부여군,68.4,41.9,61.3,64.3,37.3,58.0,65.2,38.3,58.7,64.9,48.8,75.2,61.9,47.7,77.1,61.3,47.3,77.2,55.6,43.1,77.5,56.7,45.1,79.5,25.3,20.1,79.5,33.6,23.5,69.9
"충청남도",서천군,31.2,11.4,36.5,40.6,15.7,38.7,41.5,17.3,41.7,44.5,19.0,42.7,36.5,15.1,41.4,38.7,23.9,61.7,41.3,29.8,72.1,42.2,29.9,70.8,34.2,31.2,91.2,34.6,27.4,79.2
"충청남도",청양군,30.9,9.2,29.8,43.7,12.4,28.4,44.1,12.4,28.1,44.2,12.5,28.3,37.1,10.1,27.2,31.0,8.0,25.8,30.8,8.1,26.3,51.5,13.9,27.0,56.4,18.1,32.1,48.2,19.2,39.8
"충청남도",홍성군,35.7,21.3,59.6,24.8,15.0,60.6,28.5,17.3,60.6,27.4,18.6,67.9,51.5,35.7,69.3,54.7,39.3,71.8,54.6,42.9,78.6,55.5,47.6,85.7,53.1,52.9,99.6,51.4,49.2,95.8
"충청남도",예산군,47.6,33.2,69.7,53.0,36.2,68.3,40.3,25.7,63.8,21.9,10.6,48.3,36.5,19.0,52.1,40.1,22.4,55.9,47.2,34.0,72.0,42.2,34.2,81.0,48.1,40.0,83.1,48.8,41.1,84.2
"충청남도",태안군,57.0,44.2,77.5,52.7,33.1,62.8,48.9,27.3,55.8,44.3,29.3,66.2,42.4,26.4,62.3,55.6,53.8,96.7,26.9,22.2,82.6,26.7,22.0,82.5,32.3,26.8,83.1,26.2,20.9,79.8
"충청남도",충남 당진군,52.4,74.7,142.5,58.2,86.0,147.7,-,-,-,-,-,-,-,-,-,-,-,-,-,-,-,-,-,-,-,-,-,-,-,-
"전라북도",소계,64.4,1025.4,1592.6,64.5,1180.2,1830.6,56.4,1013.9,1796.4,57.3,948.8,1656.3,57.0,971.8,1705.0,58.4,1069.8,1831.2,60.0,1108.8,1847.5,60.7,1162.8,1916.2,60.9,1284.7,2109.4,56.4,1157.5,2050.6
"전라북도",전주시,77.5,461.2,594.8,74.9,461.9,616.3,73.7,468.0,635.3,73.4,514.0,699.9,67.6,472.7,699.4,73.1,582.1,796.6,72.2,526.1,729.0,68.4,515.3,753.9,68.9,592.1,859.3,55.6,357.6,642.8
"전라북도",군산시,51.5,126.4,245.6,48.1,153.8,319.8,29.9,93.9,313.6,31.7,91.8,289.8,30.9,89.4,289.0,33.8,101.4,299.6,39.2,118.6,302.7,51.2,167.9,327.8,51.4,227.2,442.3,52.3,232.7,444.7
"전라북도",익산시,64.9,166.8,257.2,72.7,230.0,316.4,58.7,224.8,383.1,55.1,110.8,201.0,64.3,142.4,221.3,50.3,130.9,260.3,50.5,133.9,265.3,51.9,131.6,253.5,57.8,139.5,241.3,47.8,114.2,239.1
"전라북도",정읍시,48.1,37.0,77.0,46.7,35.6,76.3,47.7,38.1,79.8,48.4,40.4,83.5,44.8,39.1,87.3,41.6,34.9,83.9,44.9,39.3,87.5,42.7,38.1,89.2,40.4,36.5,90.3,42.2,36.5,86.4
"전라북도",남원시,56.7,57.5,101.4,39.8,33.6,84.5,33.0,25.3,76.6,28.6,20.5,71.7,37.3,26.9,72.2,36.5,25.2,69.1,54.3,50.4,92.8,43.9,37.8,86.1,47.6,42.1,88.5,66.6,106.3,159.5
"전라북도",김제시,63.9,39.0,61.0,59.2,36.9,62.3,60.3,37.5,62.2,61.6,40.7,66.1,65.1,46.7,71.7,64.7,45.8,70.8,63.1,54.6,86.5,60.5,50.3,83.2,63.7,60.8,95.4,48.5,37.8,78.0
"전라북도",완주군,61.9,28.9,46.7,81.8,128.5,157.1,61.3,28.3,46.2,66.9,32.1,48.0,68.7,35.7,52.0,74.0,48.2,65.1,79.1,80.1,101.3,73.6,75.2,102.2,65.9,55.7,84.5,77.7,112.3,144.5
"전라북도",진안군,24.8,5.6,22.6,26.5,5.4,20.4,24.9,5.1,20.5,25.1,5.1,20.3,28.2,6.0,21.3,26.3,5.4,20.5,55.9,8.1,14.5,52.3,6.9,13.2,85.0,9.1,10.7,74.9,15.2,20.3
"전라북도",무주군,42.3,9.9,23.4,44.5,9.8,22.0,49.6,12.1,24.4,45.7,10.7,23.4,77.6,18.7,24.1,65.1,17.5,26.9,69.0,19.8,28.7,68.7,20.0,29.1,70.3,20.4,29.0,80.6,45.6,56.6
"전라북도",장수군,48.6,12.4,25.5,24.2,4.8,19.8,22.1,4.2,19.0,27.4,5.4,19.7,30.8,7.7,25.0,33.9,8.0,23.6,14.2,3.1,21.8,34.2,8.3,24.3,10.8,3.1,28.6,8.9,2.0,22.5
"전라북도",임실군,37.1,7.6,20.5,28.0,4.6,16.4,23.8,3.5,14.7,31.0,3.9,12.6,35.8,5.3,14.8,39.6,6.1,15.4,51.0,7.7,15.1,69.3,8.8,12.7,60.2,6.2,10.3,55.4,7.2,13.0
"전라북도",순창군,43.8,9.8,22.4,45.5,10.2,22.4,46.5,10.5,22.6,41.5,7.3,17.6,36.9,4.8,13.0,39.9,5.7,14.3,39.7,6.0,15.1,43.4,6.9,15.9,39.5,6.2,15.7,49.3,9.9,20.1
"전라북도",고창군,66.7,30.5,45.7,69.2,28.7,41.5,73.1,32.9,45.0,72.4,33.0,45.6,75.4,40.8,54.1,69.8,30.5,43.7,68.8,30.5,44.3,79.8,64.5,80.8,76.7,48.4,63.1,74.7,46.3,62.0
"전라북도",부안군,67.2,32.8,48.8,65.7,36.4,55.4,55.6,29.7,53.4,58.0,33.1,57.1,59.5,35.6,59.8,67.9,28.1,41.4,71.3,30.6,42.9,70.4,31.2,44.3,74.2,37.4,50.4,55.5,33.9,61.1
"전라남도",소계,36.4,658.2,1810.5,38.9,710.6,1828.8,46.4,1012.0,2181.3,48.8,998.9,2046.6,43.8,881.2,2009.7,46.7,909.8,1948.6,50.8,999.6,1966.8,48.1,954.5,1983.0,48.2,996.6,2066.8,44.7,936.8,2097.8
"전라남도",목포시,28.1,82.0,292.3,30.4,92.0,302.3,45.3,138.7,305.9,33.2,82.2,247.4,33.0,78.5,237.8,35.1,90.5,257.8,64.8,174.0,268.6,56.7,134.5,237.2,53.1,136.1,256.3,54.2,142.2,262.5
"전라남도",여수시,27.4,98.4,359.2,32.5,131.9,405.8,28.3,137.1,484.5,31.3,120.5,384.4,25.2,96.0,381.7,30.7,116.2,378.2,36.4,155.5,426.7,27.5,118.1,428.7,32.7,142.4,435.1,28.1,146.9,523.0
"전라남도",순천시,28.9,79.3,274.1,38.1,93.5,245.6,63.3,234.8,371.1,62.8,201.6,321.0,60.2,205.9,342.0,86.0,231.1,268.7,93.6,225.4,240.9,77.5,227.5,293.6,77.0,226.4,293.9,60.6,154.2,254.6
"전라남도",나주시,66.8,62.2,93.1,65.7,61.0,92.8,63.2,57.7,91.3,62.3,56.1,90.1,62.7,57.4,91.6,62.4,59.0,94.6,60.4,50.7,83.9,64.8,55.2,85.2,51.7,37.1,71.8,53.0,44.9,84.7
"전라남도",광양시,41.3,54.1,131.0,37.6,54.1,144.0,36.5,56.7,155.5,61.4,162.6,264.9,40.3,79.0,196.0,41.3,91.1,220.6,32.2,78.6,244.0,36.1,84.4,233.6,39.6,96.5,243.8,47.6,112.6,236.6
"전라남도",담양군,20.0,9.9,49.5,25.9,9.7,37.5,28.2,9.1,32.3,25.7,8.6,33.4,17.6,5.5,31.3,15.2,5.2,34.1,43.0,6.4,14.9,55.1,12.5,22.7,51.7,10.7,20.7,62.3,9.6,15.4
"전라남도",곡성군,69.5,12.3,17.7,64.7,12.1,18.7,62.8,12.5,19.9,62.4,12.6,20.2,66.7,15.2,22.8,56.0,14.9,26.6,59.0,14.8,25.1,100.0,21.7,21.7,100.0,21.5,21.5,100.0,21.0,21.0
"전라남도",구례군,33.9,8.1,23.9,32.8,6.4,19.5,35.1,6.8,19.4,31.3,5.5,17.6,78.7,12.2,15.5,100.0,15.8,15.8,36.7,6.2,16.9,100.0,16.0,16.0,80.3,13.9,17.3,100.0,18.4,18.4
"전라남도",고흥군,42.1,25.7,61.0,42.4,25.5,60.2,48.7,31.3,64.3,44.7,28.4,63.6,35.9,20.8,58.0,33.8,21.5,63.7,28.7,15.8,55.0,21.1,12.8,60.7,15.9,10.3,64.9,33.8,27.1,80.2
"전라남도",보성군,59.8,21.0,35.1,57.3,18.8,32.8,58.4,19.1,32.7,55.0,18.1,32.9,53.2,19.1,35.9,56.7,21.2,37.4,48.4,14.9,30.8,57.4,16.7,29.1,56.2,17.2,30.6,46.7,12.6,27.0
"전라남도",화순군,55.0,25.8,46.9,59.7,26.2,43.9,65.1,28.0,43.0,66.5,28.4,42.7,63.3,27.2,43.0,66.7,28.8,43.2,67.8,29.5,43.5,58.3,24.6,42.2,48.1,22.2,46.2,45.2,16.9,37.4
"전라남도",장흥군,47.7,18.7,39.2,49.4,19.6,39.7,40.1,12.4,30.9,44.7,14.7,32.9,44.8,14.7,32.8,38.9,12.3,31.6,43.9,15.5,35.3,39.3,13.0,33.1,29.5,7.2,24.4,28.4,7.5,26.4
"전라남도",강진군,59.2,15.7,26.5,60.3,14.6,24.2,63.7,16.7,26.2,52.1,15.0,28.8,48.9,13.7,28.0,47.9,13.8,28.8,57.5,21.1,36.7,58.1,21.1,36.3,50.8,15.0,29.5,48.0,14.1,29.4
"전라남도",해남군,63.5,30.8,48.5,70.1,37.5,53.5,66.9,105.2,157.3,65.2,36.6,56.1,66.8,37.8,56.6,72.1,39.0,54.1,69.4,39.7,57.2,67.8,36.9,54.4,66.5,42.0,63.2,66.8,42.7,63.9
"전라남도",영암군,32.7,13.0,39.7,37.4,13.1,35.0,56.1,27.3,48.7,81.1,90.4,111.5,76.3,90.7,118.9,71.7,81.3,113.4,70.5,69.8,99.0,70.3,71.0,101.0,56.6,41.4,73.2,39.0,19.3,49.5
"전라남도",무안군,44.7,21.6,48.3,46.8,27.9,59.6,44.1,25.3,57.4,45.7,30.9,67.6,38.7,35.1,90.6,30.2,21.2,70.1,32.1,24.3,75.6,34.4,27.4,79.7,26.4,21.6,81.9,41.2,50.3,122.2
"전라남도",함평군,30.9,5.5,17.8,34.8,6.4,18.4,45.8,10.4,22.7,29.1,5.0,17.2,10.5,1.6,15.3,10.1,1.6,15.8,6.5,1.1,16.8,16.1,3.4,21.1,19.9,3.8,19.1,36.6,6.7,18.3
"전라남도",영광군,32.9,16.1,48.9,33.6,16.3,48.5,35.8,17.2,48.0,37.4,18.4,49.2,14.1,5.4,38.2,6.4,2.5,39.1,9.9,3.8,38.3,10.1,3.7,36.6,61.7,68.3,110.7,11.0,4.1,37.3
"전라남도",장성군,24.5,5.8,23.7,10.2,2.0,19.6,17.6,4.4,25.0,16.7,4.0,23.9,10.6,2.3,21.8,19.4,6.0,30.9,43.0,18.8,43.7,45.6,16.5,36.2,49.2,21.4,43.5,53.7,26.1,48.6
"전라남도",완도군,36.2,19.5,53.8,29.3,18.0,61.4,36.0,23.5,65.3,26.0,13.6,52.4,34.3,21.5,62.6,20.2,10.5,52.0,23.3,10.0,43.0,23.2,10.0,43.1,22.8,10.0,43.9,25.1,9.5,37.8
"전라남도",진도군,51.2,19.7,38.5,48.5,11.5,23.7,59.1,21.2,35.9,62.2,28.9,46.5,53.4,26.2,49.1,39.6,12.8,32.3,27.8,8.3,29.9,32.6,9.7,29.8,43.9,15.6,35.5,37.1,15.9,42.8
"전라남도",신안군,31.1,13.0,41.8,29.7,12.5,42.1,37.7,16.6,44.0,39.7,16.8,42.3,38.3,15.4,40.2,33.9,13.5,39.8,37.6,15.4,41.0,43.4,17.8,41.0,40.2,16.0,39.8,56.3,34.2,60.8
"경상북도",소계,51.2,1370.5,2679.1,48.8,1267.1,2594.2,45.5,1192.8,2623.2,50.0,1401.3,2804.4,49.2,1375.0,2795.3,45.7,1282.2,2805.0,44.1,1273.7,2885.4,48.1,1521.3,3163.5,49.2,1597.7,3246.2,50.1,1787.0,3569.4
"경상북도",포항시,58.1,340.4,586.3,55.0,354.1,643.9,51.3,386.8,753.3,52.4,399.9,762.5,51.4,326.9,635.4,42.7,224.3,525.2,48.1,260.4,541.1,60.4,315.1,521.9,63.3,318.8,503.3,46.1,208.3,451.4
"경상북도",경주시,54.3,148.3,272.9,52.9,142.2,268.8,52.7,146.1,277.4,50.5,137.5,272.4,55.3,149.0,269.3,57.3,164.5,287.3,58.7,176.4,300.7,64.5,265.0,410.6,55.5,322.8,582.0,49.8,188.4,378.6
"경상북도",김천시,79.3,165.4,208.7,54.9,62.2,113.2,48.8,52.9,108.3,52.8,62.8,119.0,45.0,47.7,106.1,40.1,44.6,111.1,47.9,65.6,136.9,41.1,51.4,125.0,66.3,83.0,125.2,63.4,82.2,129.6
"경상북도",안동시,54.4,113.6,208.9,52.6,101.3,192.7,44.4,73.6,165.9,88.8,247.0,278.2,90.9,272.6,300.0,64.3,182.0,282.9,37.4,74.6,199.5,58.4,173.3,296.8,44.0,81.2,184.6,52.4,139.0,265.4
"경상북도",구미시,46.6,119.0,255.2,46.9,119.4,254.6,45.5,115.5,253.9,40.9,101.8,249.2,41.3,148.1,358.5,47.0,189.5,402.8,40.8,155.0,380.3,43.1,198.8,461.6,50.2,233.5,464.9,71.2,588.4,826.6
"경상북도",영주시,44.3,75.4,170.2,45.6,77.1,169.0,47.6,86.6,181.8,45.7,78.8,172.4,46.4,81.6,175.7,47.4,76.8,162.1,40.2,78.5,195.5,33.6,58.5,174.3,30.4,53.8,177.0,39.0,85.5,219.0
"경상북도",영천시,34.3,30.3,88.4,45.0,29.4,65.4,36.6,21.9,59.9,38.2,23.4,61.2,35.4,23.5,66.4,39.5,32.0,81.0,62.3,80.4,129.0,53.6,69.0,128.8,50.7,58.4,115.1,35.9,53.3,148.3
"경상북도",상주시,52.5,49.4,94.1,48.8,47.1,96.5,45.6,39.8,87.3,43.5,37.0,85.0,45.2,40.7,90.1,42.6,40.9,95.9,41.8,40.0,95.6,32.9,35.6,108.3,31.1,26.8,86.3,30.8,31.7,102.9
"경상북도",문경시,37.2,45.8,123.1,27.6,29.0,105.2,31.3,32.4,103.5,33.6,37.7,112.3,38.3,44.7,116.6,35.4,39.9,112.7,36.2,45.4,125.3,24.3,26.3,108.1,43.5,61.2,140.8,38.4,50.7,132.1
"경상북도",경산시,55.7,112.9,202.6,57.9,108.7,187.7,47.9,81.6,170.3,43.4,74.6,172.0,43.6,79.2,181.8,52.2,114.3,218.9,53.1,125.1,235.5,51.8,123.7,239.0,51.2,137.7,268.8,44.0,112.8,256.1
"경상북도",군위군,42.4,9.7,22.9,45.5,8.0,17.6,35.6,6.2,17.4,40.8,7.1,17.4,27.7,4.3,15.5,23.8,4.6,19.3,24.8,5.3,21.4,13.9,3.4,24.4,15.2,3.3,21.7,34.0,14.1,41.5
"경상북도",의성군,31.2,11.9,38.2,67.6,58.4,86.4,37.3,15.6,41.8,31.8,13.5,42.4,31.3,14.4,46.0,27.3,10.8,39.5,44.0,18.8,42.7,41.0,20.6,50.3,56.9,33.0,58.0,45.0,22.9,50.9
"경상북도",청송군,37.7,9.8,26.0,39.9,11.0,27.6,33.2,8.2,24.7,33.7,8.4,24.9,34.1,9.2,27.0,45.0,14.4,32.0,40.5,11.1,27.4,22.2,6.8,30.6,18.8,5.8,30.8,15.9,5.9,37.1
"경상북도",영양군,24.5,3.5,14.3,24.1,3.4,14.1,27.0,3.4,12.6,19.1,2.5,13.1,21.8,2.9,13.3,20.7,2.8,13.5,20.9,3.1,14.8,16.9,2.5,14.8,17.9,2.7,15.1,13.0,2.6,20.0
"경상북도",영덕군,26.9,10.3,38.3,13.1,5.6,42.6,28.7,15.8,55.1,19.6,9.8,50.0,26.8,13.9,51.9,24.9,12.9,51.9,38.6,22.6,58.5,50.5,33.5,66.4,30.5,15.9,52.2,39.8,29.6,74.3
"경상북도",청도군,66.9,10.9,16.3,61.6,10.1,16.4,35.1,6.6,18.8,62.6,12.2,19.5,59.1,12.0,20.3,58.6,12.9,22.0,26.6,8.4,31.6,45.1,13.7,30.4,47.1,13.6,28.9,44.6,13.7,30.7
"경상북도",고령군,30.4,6.2,20.4,28.6,5.6,19.6,29.6,5.8,19.6,15.4,2.7,17.5,26.6,5.4,20.3,23.6,5.6,23.7,23.9,6.1,25.5,24.1,6.5,27.0,47.4,18.5,39.0,49.0,26.4,53.9
"경상북도",성주군,21.8,5.6,25.7,22.9,5.2,22.7,28.4,6.7,23.6,25.0,6.4,25.6,28.0,7.8,27.9,47.8,18.1,37.9,28.1,9.1,32.4,44.0,17.2,39.1,45.3,18.1,40.0,50.7,24.6,48.5
"경상북도",칠곡군,29.7,33.7,113.4,28.6,31.6,110.6,26.0,26.9,103.6,23.5,26.3,112.0,21.9,25.5,116.3,15.3,18.3,119.6,19.7,24.8,126.2,16.5,20.8,126.0,17.2,21.0,122.2,16.2,19.4,119.9
"경상북도",예천군,36.4,16.8,46.1,29.4,9.1,30.9,25.6,7.2,28.1,71.3,64.5,90.4,44.8,21.4,47.8,38.6,12.8,33.2,40.5,14.1,34.8,63.2,29.2,46.2,61.7,33.0,53.5,49.7,17.0,34.2
"경상북도",봉화군,51.9,20.0,38.5,50.7,19.0,37.5,52.9,22.1,41.8,43.0,17.5,40.7,34.8,17.6,50.6,47.0,30.1,64.1,42.0,23.8,56.7,41.5,22.7,54.7,44.0,23.6,53.6,34.4,14.2,41.3
"경상북도",울진군,53.1,28.4,53.5,49.4,27.5,55.7,53.0,29.0,54.7,52.5,28.2,53.7,55.9,26.0,46.5,52.6,29.5,56.1,40.6,24.2,59.6,37.4,23.8,63.6,39.4,26.0,66.0,56.5,51.8,91.7
"경상북도",울릉군,21.2,3.2,15.1,13.5,2.1,15.5,10.6,2.1,19.8,13.1,1.7,13.0,5.0,0.6,12.0,4.9,0.6,12.3,6.3,0.9,14.4,25.0,3.9,15.6,34.9,6.0,17.2,29.2,4.5,15.4
"경상남도",소계,51.9,1697.2,3270.0,50.8,1664.2,3274.6,51.2,1767.9,3453.6,51.8,1644.6,3176.2,52.9,1826.4,3452.5,52.1,1822.7,3496.4,54.7,2161.6,3951.4,55.7,2229.7,4003.9,57.3,2258.0,3937.3,59.5,2661.2,4471.8
"경상남도",진주시,56.0,211.0,376.7,57.1,214.8,376.3,57.0,214.2,376.1,58.1,241.2,415.1,60.0,247.9,413.2,61.0,260.9,427.8,60.9,244.6,401.7,61.8,263.0,425.5,62.7,280.6,447.7,59.4,274.0,461.0
"경상남도",통영시,31.1,60.0,192.9,33.5,63.9,191.0,32.8,62.4,190.5,28.8,55.2,191.4,29.4,56.7,192.6,33.4,69.5,208.0,33.3,76.5,229.8,39.1,91.1,232.8,39.8,85.5,214.8,36.6,74.1,202.5
"경상남도",사천시,44.6,55.1,123.5,37.7,55.1,146.1,34.1,52.4,153.5,40.7,68.8,169.0,38.7,59.2,153.0,39.1,66.3,169.6,35.9,68.2,190.1,51.7,87.5,169.1,52.1,79.6,152.9,51.6,80.8,156.5
"경상남도",김해시,63.1,286.3,453.9,65.3,293.0,448.7,64.4,285.7,443.6,61.3,275.4,449.4,58.9,257.6,437.0,59.2,269.7,455.3,61.3,305.7,498.8,63.0,303.4,481.7,64.8,320.5,494.6,75.7,549.0,725.3
"경상남도",밀양시,50.9,47.1,92.5,50.9,45.1,88.6,50.5,43.9,87.0,40.1,36.3,90.5,64.0,100.8,157.5,48.9,48.1,98.3,50.9,57.2,112.4,53.6,67.4,125.8,59.5,74.7,125.5,51.6,59.0,114.3
"경상남도",거제시,53.7,154.2,286.9,51.0,142.8,280.2,54.4,128.1,235.5,51.6,100.8,195.2,52.1,130.3,250.2,55.1,146.0,264.8,65.7,230.3,350.4,66.6,246.0,369.1,59.0,208.2,352.7,49.9,177.2,355.0
"경상남도",양산시,50.7,92.8,183.1,44.9,95.9,213.5,56.5,141.2,250.1,58.3,137.6,235.9,59.0,157.4,266.6,52.5,141.5,269.5,55.1,196.9,357.5,59.4,219.6,370.0,61.0,241.4,395.5,58.4,242.4,415.0
"경상남도",창원시,52.8,632.8,1199.6,51.6,596.9,1156.0,49.2,639.0,1299.8,51.1,483.3,945.0,52.9,593.2,1121.7,52.1,584.9,1123.2,54.6,680.6,1245.7,52.4,682.5,1301.5,56.4,695.7,1232.9,53.7,658.7,1226.2
"경상남도",의령군,43.3,9.3,21.5,45.5,9.5,20.9,42.6,8.9,20.9,27.2,6.4,23.5,50.0,15.8,31.6,89.4,22.8,25.5,85.0,24.3,28.6,86.4,24.2,28.0,86.3,25.3,29.3,84.9,23.1,27.2
"경상남도",함안군,23.5,8.7,37.0,17.2,7.5,43.7,43.0,24.4,56.7,57.2,46.0,80.4,55.7,46.3,83.1,52.2,39.3,75.3,51.2,39.7,77.6,50.7,38.6,76.2,45.1,31.4,69.7,52.9,56.2,106.3
"경상남도",창녕군,62.7,27.2,43.4,61.8,29.0,46.9,61.4,30.4,49.5,64.3,31.9,49.6,63.2,32.5,51.4,55.8,28.3,50.7,55.5,28.6,51.5,55.5,29.4,53.0,54.2,30.7,56.6,92.6,281.2,303.8
"경상남도",고성군,41.6,13.7,32.9,45.0,14.5,32.2,37.5,13.3,35.5,46.9,17.3,36.9,49.3,18.5,37.5,55.1,21.6,39.2,51.4,26.2,51.0,53.9,25.4,47.1,51.1,26.1,51.1,28.2,9.0,31.9
"경상남도",남해군,65.0,26.2,40.3,62.5,23.5,37.6,62.9,24.1,38.3,70.2,27.6,39.3,71.8,25.7,35.8,68.4,37.6,55.0,73.0,49.6,67.9,68.9,42.4,61.5,84.4,57.0,67.5,71.5,43.7,61.1
"경상남도",하동군,57.5,26.4,45.9,42.4,17.0,40.1,46.1,20.3,44.0,36.2,15.5,42.8,32.7,14.4,44.1,29.7,13.8,46.4,40.8,22.9,56.1,44.8,25.2,56.2,46.3,24.7,53.3,53.5,22.4,41.9
"경상남도",산청군,34.0,9.1,26.8,55.5,18.7,33.7,42.4,10.9,25.7,53.2,21.5,40.4,31.7,9.0,28.4,28.7,8.6,30.0,31.3,13.1,41.8,26.6,10.4,39.1,30.5,11.3,37.0,29.0,10.8,37.2
"경상남도",함양군,23.4,6.4,27.3,22.6,6.0,26.5,23.8,6.2,26.1,31.6,9.8,31.0,27.8,10.5,37.8,23.3,7.7,33.0,33.4,15.6,46.7,19.5,8.4,43.0,17.1,7.4,43.2,31.5,16.8,53.3
"경상남도",거창군,29.1,14.7,50.5,28.2,15.9,56.4,51.3,40.7,79.4,50.6,40.2,79.5,43.7,30.4,69.5,46.0,36.3,78.9,54.5,45.4,83.3,56.6,43.2,76.3,52.1,36.6,70.3,55.3,53.8,97.3
"경상남도",합천군,45.9,16.2,35.3,41.7,15.1,36.2,52.7,21.8,41.4,48.6,29.8,61.3,48.7,20.2,41.5,43.1,19.8,45.9,59.8,36.2,60.5,45.8,22.0,48.0,49.9,21.3,42.7,51.8,29.0,56.0
"제주특별자치도",소계,52.8,337.5,638.8,53.6,410.0,764.7,55.5,478.1,861.9,52.4,516.2,984.2,56.0,547.1,976.2,56.5,657.2,1162.3,53.4,697.3,1305.3,57.0,748.0,1312.1,58.8,772.0,1313.9,62.2,766.9,1233.5
"제주특별자치도",제주시,57.7,272.0,471.4,56.7,316.3,557.4,55.5,311.7,561.2,53.8,326.0,605.9,54.8,360.5,657.5,55.0,450.9,819.3,50.9,449.2,881.9,56.7,499.9,881.3,57.8,533.3,923.2,59.6,512.5,860.3
"제주특별자치도",서귀포시,39.1,65.5,167.4,45.2,93.7,207.3,55.3,166.4,300.7,50.3,190.2,378.3,58.6,186.6,318.7,60.1,206.3,343.0,58.6,248.1,423.4,57.6,248.1,430.8,61.1,238.7,390.7,68.2,254.4,373.2
