"행정구역별",2010,2010,2010,2011,2011,2011,2012,2012,2012,2013,2013,2013,2014,2014,2014,2015,2015,2015,2016,2016,2016,2017,2017,2017,2018,2018,2018,2019,2019,2019
"행정구역별",주민1인당 생활폐기물배출량<br>(A÷B) (kg/일),생활폐기물발생량<br>(A) (톤/일),주민등록인구<br>(B) (명),주민1인당 생활폐기물배출량<br>(A÷B) (kg/일),생활폐기물발생량<br>(A) (톤/일),주민등록인구<br>(B) (명),주민1인당 생활폐기물배출량<br>(A÷B) (kg/일),생활폐기물발생량<br>(A) (톤/일),주민등록인구<br>(B) (명),주민1인당 생활폐기물배출량<br>(A÷B) (kg/일),생활폐기물발생량<br>(A) (톤/일),주민등록인구<br>(B) (명),주민1인당 생활폐기물배출량<br>(A÷B) (kg/일),생활폐기물발생량<br>(A) (톤/일),주민등록인구<br>(B) (명),주민1인당 생활폐기물배출량<br>(A÷B) (kg/일),생활폐기물발생량<br>(A) (톤/일),주민등록인구<br>(B) (명),주민1인당 생활폐기물배출량<br>(A÷B) (kg/일),생활폐기물발생량<br>(A) (톤/일),주민등록인구<br>(B) (명),주민1인당 생활폐기물배출량<br>(A÷B) (kg/일),생활폐기물발생량<br>(A) (톤/일),주민등록인구<br>(B) (명),주민1인당 생활폐기물배출량<br>(A÷B) (kg/일),생활폐기물발생량<br>(A) (톤/일),주민등록인구<br>(B) (명),주민1인당 생활폐기물배출량<br>(A÷B) (kg/일),생활폐기물발생량<br>(A) (톤/일),주민등록인구<br>(B) (명)
"전국",1.0,49159.0,50515666,1.0,48934.4,50734284,1.0,48989.8,50948272,1.0,48728.2,51141463,1.0,49914.8,51327916,1.0,51246.8,51529338,1.0,53771.9,51696216,1.0,53489.5,51778544,1.1,56035.4,51826059,1.1,57961.4,51849861
"서울특별시",1.0,10020.4,10312545,0.9,9440.1,10249679,0.9,9189.3,10195318,0.8,8559.0,10143645,1.0,9613.8,10103233,0.9,9438.7,10022181,1.0,9608.0,9930616,0.9,9217.3,9857426,1.0,9492.9,9765623,1.0,9847.4,9729107
"종로구",2.6,439.0,170578,2.4,411.0,168382,2.3,386.6,165207,2.2,354.7,160070,2.3,365.4,156993,2.1,324.4,154986,2.7,406.0,152737,2.4,375.1,154770,2.4,362.7,153065,2.2,339.9,151290
"중구",4.0,529.2,132822,4.2,562.9,133193,4.1,553.4,133360,3.9,507.9,130465,3.9,504.5,128065,4.0,500.3,125733,4.0,499.2,125249,3.5,446.0,125709,3.4,429.7,125725,3.3,413.7,126171
"용산구",0.8,203.7,244853,0.9,214.2,246501,0.9,227.9,243232,0.8,193.2,239740,1.2,273.0,235951,1.1,255.1,233342,1.1,262.1,230241,1.1,262.7,229161,1.3,288.4,228999,1.3,305.2,228670
"성동구",0.9,282.0,309093,1.0,290.2,300711,0.9,267.6,299604,0.9,261.8,299337,0.9,254.1,296086,0.9,259.4,297003,0.9,257.8,299259,0.8,255.7,304808,0.9,270.0,308221,1.0,303.1,300889
"광진구",1.0,392.3,375463,1.0,365.2,371936,1.0,368.5,371313,1.0,379.3,368927,1.0,348.9,363354,0.9,339.4,360369,0.9,326.3,357215,0.9,319.2,357703,1.0,342.5,355559,1.0,333.9,351350
"동대문구",1.1,409.4,366786,1.2,444.5,365486,1.1,400.0,363258,1.1,396.8,364273,1.1,414.7,363687,1.1,408.3,360153,1.2,426.6,355069,1.2,422.5,350647,1.2,416.3,348052,1.2,411.2,346194
"중랑구",0.5,214.9,427455,0.5,213.1,423706,0.5,222.5,419295,0.5,227.4,416798,0.9,369.4,418836,0.9,392.1,413909,0.9,387.9,411005,0.9,361.3,408226,1.0,391.9,403209,0.8,330.5,397015
"성북구",0.7,357.8,488932,0.6,297.5,485171,0.6,300.6,481857,0.6,274.9,476589,0.8,366.6,466706,0.8,359.2,459275,0.8,358.3,450355,0.8,345.5,444055,0.8,348.5,435868,0.8,371.3,442650
"강북구",0.7,233.4,346520,0.7,242.9,345054,0.7,242.5,343157,0.7,232.6,338707,0.7,232.0,335025,0.7,230.2,330873,0.7,230.0,327195,0.7,224.9,324479,0.7,230.6,319164,0.8,251.2,313954
"도봉구",1.1,400.6,368298,1.1,404.3,365573,1.1,400.4,362270,1.1,386.2,358582,1.0,348.1,353709,0.9,314.7,351242,0.9,315.1,348220,0.7,243.6,344166,0.8,255.7,339413,1.0,345.1,333362
"노원구",0.7,452.9,611230,0.5,303.7,603930,0.5,307.9,597189,0.5,302.4,590479,0.6,356.4,582552,0.8,464.2,574583,0.8,455.1,567581,0.8,416.7,554403,0.9,467.2,543752,0.6,317.3,532905
"은평구",0.5,264.6,488109,0.5,270.3,493634,0.5,261.1,501480,0.6,294.9,503660,0.6,300.3,498644,0.5,227.5,497920,0.6,283.4,491476,0.7,319.6,486794,0.7,333.3,483197,0.8,369.0,480032
"서대문구",0.9,308.3,324541,0.9,291.4,314852,0.8,263.6,315113,0.8,262.4,314110,1.0,311.7,310376,1.0,301.5,312141,0.9,298.4,314194,1.0,298.3,312800,0.9,285.3,310313,0.8,240.1,309397
"마포구",0.8,303.1,391865,0.8,309.6,389493,0.7,279.6,384644,0.8,287.0,381856,1.2,458.1,385439,1.2,461.6,387643,1.2,456.6,379892,1.2,437.7,374915,1.2,439.5,375077,1.3,477.5,374035
"양천구",0.6,277.4,500001,0.5,257.4,500210,0.6,274.5,495911,0.6,276.1,492528,0.7,347.9,486221,0.7,322.5,484532,0.6,287.9,477739,0.6,295.4,471154,0.6,297.7,464185,0.7,340.8,458165
"강서구",1.2,671.4,574127,0.8,429.8,569072,0.7,399.1,567431,0.7,370.2,569070,0.7,436.8,585160,0.7,434.2,589074,0.7,425.3,595485,0.8,463.7,601691,0.8,480.0,596949,1.0,599.4,591796
"구로구",0.7,308.1,423736,0.6,276.7,427468,0.7,285.7,427520,0.7,278.5,424964,0.8,322.5,425831,0.7,314.7,422092,0.8,318.2,417551,0.8,310.8,410742,0.8,319.4,404497,0.8,326.5,406664
"금천구",0.8,196.7,245195,0.9,221.2,243438,0.9,223.5,243288,0.7,180.2,241020,1.1,250.6,238463,1.0,240.1,236284,1.0,239.6,235386,1.0,241.8,235154,1.1,248.8,233917,1.2,286.7,232810
"영등포구",1.3,541.1,406833,0.9,366.0,397443,1.0,403.2,391408,0.8,305.8,386471,0.9,356.1,382352,1.0,389.9,378504,1.1,406.8,370613,0.9,340.7,368550,0.9,335.3,367778,1.1,417.3,367678
"동작구",0.8,323.1,402709,0.8,327.7,401408,0.8,337.7,405491,0.8,327.5,410815,0.8,339.8,407470,0.7,297.9,400641,0.7,280.5,400997,0.7,269.0,396217,0.7,290.6,396203,0.8,315.4,395963
"관악구",0.6,340.0,531434,0.6,321.0,526397,0.6,317.6,523029,0.6,315.5,518028,0.7,354.3,513186,0.7,337.9,509663,0.7,339.7,506851,0.7,361.8,503297,0.9,436.8,501957,0.9,434.7,500094
"서초구",1.4,589.1,434720,1.4,588.0,433564,1.3,578.1,435044,1.3,552.3,441763,1.2,546.3,449678,1.3,562.3,446764,1.3,570.1,447192,1.3,571.7,441102,1.3,563.7,433951,1.2,498.3,430826
"강남구",1.7,990.5,570095,1.8,1017.3,565710,1.7,984.9,564197,1.3,745.2,563599,1.4,808.2,578114,1.2,713.2,576495,1.2,707.2,567115,1.3,708.3,556164,1.2,677.1,542364,1.1,591.2,545169
"송파구",1.1,733.3,685279,1.1,751.5,682209,1.0,644.2,673115,0.9,599.8,668415,0.8,555.5,664738,0.9,575.7,660302,0.9,569.7,657831,0.8,550.3,664496,0.9,611.8,666635,1.2,808.2,675961
"강동구",0.5,258.5,491871,0.5,262.7,495138,0.5,258.6,487905,0.5,246.4,483379,0.8,392.6,476597,0.9,412.4,458658,1.1,500.2,444168,0.9,375.0,436223,0.9,370.1,427573,1.0,419.9,436067
"부산광역시",0.9,3221.9,3567910,0.9,3189.7,3550963,0.9,3189.0,3538484,0.9,3173.8,3527635,1.0,3397.8,3519401,1.0,3366.4,3513777,1.0,3352.2,3498529,1.0,3343.2,3470653,1.0,3337.2,3441453,1.0,3326.0,3413841
"중구",1.6,79.0,49442,1.7,80.9,48686,1.7,81.3,48148,1.7,79.7,47345,2.0,95.1,46737,1.9,88.7,45816,1.9,88.0,45208,1.9,85.0,44218,1.9,81.5,42795,1.9,81.3,41910
"서구",1.0,120.9,126040,1.0,120.5,123718,1.0,117.8,120828,1.0,117.4,118783,1.0,121.7,118115,1.1,122.1,115963,1.1,121.2,112973,1.1,117.4,110039,1.1,118.3,110534,1.1,116.3,108229
"동구",1.0,100.8,101514,1.0,98.1,100420,1.0,94.3,98529,1.0,94.7,96011,1.1,100.7,94565,1.1,99.9,92069,1.1,97.9,89826,1.1,94.0,88868,1.1,95.2,86912,1.1,92.9,88165
"영도구",0.9,128.0,146798,0.9,123.2,143205,0.9,120.1,139765,0.9,117.8,135816,1.0,129.0,132102,1.0,124.6,129385,1.0,126.3,126362,1.0,120.5,123521,1.0,121.1,120109,1.0,118.5,116711
"부산진구",1.0,378.7,395826,0.9,372.6,395044,1.0,373.7,392731,0.9,366.5,389765,1.0,381.1,387378,1.0,377.4,381572,1.0,371.3,376526,1.0,365.9,371703,1.0,364.0,362357,1.0,363.1,357880
"동래구",0.8,236.9,282779,0.8,235.9,283742,0.8,234.2,278767,0.8,227.9,276689,0.9,241.2,275971,0.9,240.8,272837,0.9,242.0,272745,0.9,235.2,270727,0.9,235.7,266515,0.8,228.6,271247
"남구",0.8,235.3,298458,0.8,229.0,295121,0.8,223.5,291175,0.8,219.4,291770,0.8,228.0,286989,0.8,238.2,283101,0.8,231.6,278779,0.8,223.7,273854,0.8,230.1,279917,0.9,234.9,274480
"북구",0.8,261.4,312218,0.8,256.8,307988,0.8,258.5,312937,0.8,261.9,309719,0.9,280.8,306974,0.9,280.7,310484,0.9,277.7,310202,0.9,270.3,302924,0.9,268.3,296952,0.9,263.9,291132
"해운대구",0.9,371.4,426729,0.9,370.8,425618,0.9,383.2,428188,0.9,375.2,425536,0.9,394.9,423531,0.9,393.5,422818,1.0,400.6,419853,0.9,388.7,412039,0.9,383.8,409347,0.9,385.6,406102
"사하구",0.9,324.7,358730,0.9,321.5,355443,0.9,323.7,352726,0.9,323.3,349110,1.0,330.4,343371,1.0,329.1,337781,0.9,312.8,334603,1.1,350.6,333301,1.0,341.1,327791,1.1,337.7,321004
"금정구",0.9,220.0,255419,0.9,219.1,254720,0.9,219.9,255692,0.9,217.4,253526,0.9,228.3,249856,0.9,228.1,246026,0.9,229.0,244624,1.0,232.5,244469,1.0,234.6,242956,1.0,233.0,239062
"강서구",1.2,76.9,62594,1.3,81.2,64733,1.2,79.7,65806,1.2,83.5,69873,1.2,95.0,79619,1.1,100.7,94608,1.0,113.6,108909,1.2,140.5,117382,1.2,143.2,122957,1.2,153.1,129566
"연제구",0.8,178.9,212696,0.8,177.2,213326,0.8,174.8,211536,0.8,175.2,209290,0.9,186.3,208012,0.9,186.9,210718,0.9,185.5,207268,0.9,185.2,206742,0.9,186.7,207840,0.9,187.8,209395
"수영구",0.8,148.0,178267,0.8,143.3,176691,0.8,144.6,176666,0.9,149.0,175098,1.0,172.3,178480,0.9,157.0,179795,0.9,157.9,179324,0.8,152.3,179996,0.9,151.1,176246,0.8,145.3,176148
"사상구",1.1,279.2,257843,1.1,273.2,254413,1.1,267.2,250424,1.1,265.7,246797,1.1,275.1,242953,1.2,273.8,237711,1.1,264.9,232800,1.1,250.4,229219,1.1,252.2,223361,1.2,254.2,218094
"기장군",0.8,81.8,102557,0.8,86.4,108095,0.8,92.5,114566,0.7,99.2,132507,1.0,137.9,144748,0.8,124.9,153093,0.8,131.9,158527,0.8,131.0,161651,0.8,130.3,164864,0.8,129.8,164716
"대구광역시",1.0,2584.8,2511676,1.0,2625.0,2507271,1.1,2683.8,2505644,1.1,2789.7,2501588,1.2,2899.4,2493264,1.2,2966.5,2487829,1.2,2956.9,2484557,1.2,2895.4,2475231,1.2,3014.8,2461769,1.2,2938.1,2438031
"중구",2.5,198.1,77857,2.4,182.7,76600,2.5,188.4,75439,2.5,191.6,76246,2.1,169.0,78812,2.3,182.8,80928,2.4,193.3,79712,2.3,185.1,78986,2.3,184.1,79401,2.2,173.0,77421
"동구",1.0,339.7,337529,1.0,340.7,341206,1.0,352.6,342092,1.0,360.1,343802,1.0,341.5,347975,1.0,340.7,349728,1.0,353.9,351352,1.0,349.2,349379,1.2,413.4,351291,1.2,417.3,345469
"서구",1.1,246.0,224618,1.1,246.6,222619,1.2,253.3,220211,1.2,260.5,215399,1.3,276.0,210770,1.5,299.4,206028,1.4,285.0,199507,1.5,295.2,191992,1.6,301.2,184372,1.4,240.4,175277
"남구",1.5,251.6,171197,1.3,212.1,169095,1.3,217.1,168715,1.3,222.6,166062,1.1,188.0,163492,1.3,201.5,160852,1.3,203.7,156433,1.3,193.8,152845,1.3,189.8,150501,1.2,183.8,148113
"북구",0.9,412.3,452505,1.0,430.0,449775,1.0,436.3,448485,1.0,457.0,444359,1.1,504.9,444375,1.2,536.7,443119,1.2,528.3,440383,1.1,492.8,441375,1.2,536.3,439489,1.2,527.2,437710
"수성구",0.8,373.4,461988,0.9,404.9,461083,0.9,415.1,459779,1.0,448.7,461004,0.9,420.6,456505,1.0,441.3,451786,1.0,459.6,447011,1.0,442.7,439211,1.1,465.3,432759,1.0,444.2,428614
"달서구",0.9,535.3,607083,1.0,582.6,606542,1.0,587.4,606557,1.0,622.0,610358,1.2,733.0,606433,1.2,707.4,602641,1.1,679.3,591891,1.2,666.3,578068,1.1,637.0,573413,1.2,657.5,568887
"달성군",1.3,228.4,178899,1.2,225.4,180351,1.3,233.6,184366,1.2,227.2,184358,1.4,266.4,184902,1.3,256.7,192747,1.2,253.8,218268,1.1,270.3,243375,1.1,287.7,250543,1.1,294.7,256540
"인천광역시",0.8,2317.4,2758296,0.8,2177.6,2801274,0.7,2070.7,2843981,0.8,2412.7,2879782,0.6,1746.0,2902608,0.6,1897.5,2925815,0.8,2389.5,2943069,0.8,2280.1,2948542,0.9,2775.4,2954642,1.0,2999.0,2957026
"중구",2.2,205.2,92890,2.2,207.7,93581,2.0,195.9,98648,1.0,104.7,107774,1.0,109.8,111929,0.9,102.6,114493,1.1,132.1,115249,1.9,219.0,117999,2.6,324.3,122499,1.9,263.5,135135
"동구",1.3,103.9,79663,1.5,117.3,78692,1.2,89.3,76720,0.6,47.3,75093,0.7,48.4,73978,0.6,46.7,72571,0.8,54.8,71014,1.0,67.9,69487,2.1,141.8,66233,0.9,59.5,64427
"남구",0.9,401.7,423876,0.7,308.7,417996,0.7,296.8,414500,0.7,287.7,411330,0.6,233.2,408305,0.6,238.9,404893,0.6,262.1,417103,0.6,259.1,419267,-,-,-,-,-,-
"연수구",0.7,191.7,279230,0.5,147.7,287903,0.5,152.6,292589,0.5,142.6,300305,0.4,133.6,310703,0.4,135.0,319052,0.7,229.7,328627,0.7,246.2,335142,0.8,269.6,346359,0.6,237.4,366550
"남동구",0.6,277.0,473423,0.6,281.5,495469,0.6,282.2,503597,0.5,267.7,507021,0.6,308.3,514656,0.6,330.1,531395,1.0,551.8,530982,0.9,473.2,536578,1.0,521.9,537161,0.9,469.3,532704
"부평구",0.9,484.3,567493,0.9,483.5,560936,0.6,353.4,559047,0.6,355.0,556985,0.6,331.9,556992,0.6,333.1,555844,0.7,395.5,549716,0.7,387.5,539941,0.8,412.6,524640,0.8,416.3,511577
"계양구",0.8,266.1,347810,0.7,234.7,344299,0.7,241.8,342202,0.8,262.0,343806,0.5,185.2,339538,0.6,195.2,334332,0.6,206.4,330284,0.6,206.0,323784,0.7,218.8,312680,0.8,228.4,303471
"서구",0.5,222.2,408068,0.5,222.3,436134,0.5,219.2,469887,1.6,784.8,490035,0.6,295.2,498686,0.6,307.1,504606,0.9,480.2,510733,0.7,340.4,516017,0.8,444.4,538596,0.9,506.8,544556
"미추홀구",-,-,-,-,-,-,-,-,-,-,-,-,-,-,-,-,-,-,-,-,-,-,-,-,0.6,-,416542,0.8,310.6,408862
"강화군",1.0,66.1,67104,0.9,61.5,66779,1.2,79.4,66752,0.7,45.7,66735,0.4,29.9,67118,0.7,45.8,67667,0.7,50.5,68010,0.7,49.1,68754,1.4,96.2,68896,1.9,130.2,69178
"옹진군",1.1,19.7,18739,1.2,23.7,19485,1.1,22.6,20039,0.7,13.7,20698,0.6,12.6,20703,0.7,15.5,20962,0.8,17.9,21351,0.8,17.9,21573,0.9,18.4,21036,1.0,20.1,20566
"광주광역시",1.0,1396.9,1454636,0.9,1333.9,1463464,0.9,1328.8,1469216,0.9,1327.0,1472910,0.9,1316.4,1475884,0.9,1272.9,1472199,0.8,1247.2,1469214,0.9,1269.1,1463770,0.9,1272.3,1459336,0.9,1368.3,1456468
"동구",1.5,159.4,104449,1.5,162.4,106495,1.6,165.6,105580,1.5,155.0,103016,1.6,157.8,100786,1.3,126.8,98784,1.1,106.2,95791,1.1,102.3,95448,1.2,108.8,94475,1.1,108.7,98585
"서구",1.1,342.6,303219,1.0,326.2,317936,1.1,338.7,316545,1.0,323.5,315276,1.0,304.9,310317,0.9,266.9,305028,0.9,281.6,309579,0.9,262.1,306957,0.9,269.1,304172,0.9,268.4,300975
"남구",0.9,197.6,216863,0.9,204.4,219041,0.8,177.6,218313,0.8,173.0,216254,0.8,180.9,219815,0.9,192.1,221318,0.9,191.2,219729,0.9,187.0,218454,0.9,190.8,216369,0.8,163.6,218060
"북구",0.9,403.9,466866,0.8,352.7,444483,0.8,353.1,443677,0.8,372.5,445489,0.8,353.3,447685,0.7,331.2,446316,0.7,322.6,441066,0.8,364.7,438780,0.8,338.5,439773,0.9,408.9,433533
"광산구",0.8,293.4,363239,0.8,288.2,375509,0.8,293.8,385101,0.8,303.0,392875,0.8,319.5,397281,0.9,355.9,400753,0.9,345.6,403049,0.9,353.0,404131,0.9,365.1,404547,1.0,418.7,405315
"대전광역시",1.0,1557.6,1503664,1.0,1519.2,1515603,1.0,1468.9,1524583,1.0,1473.4,1532811,0.9,1451.2,1531809,1.0,1589.8,1518775,1.1,1628.5,1514370,1.1,1664.0,1502227,1.1,1611.3,1489936,1.0,1457.2,1474870
"동구",1.2,304.9,248835,1.2,294.6,251285,1.0,240.9,251945,0.9,235.6,250653,1.0,256.6,245493,1.0,247.8,239579,1.1,255.5,234959,1.2,271.4,230516,1.2,270.7,229071,1.1,249.6,226771
"중구",1.0,266.7,265846,1.0,266.4,265502,1.0,267.7,264125,1.0,276.0,264913,0.9,237.6,261165,1.0,261.7,256186,1.2,297.2,252490,1.2,291.4,248933,1.2,296.7,244421,1.1,267.4,240473
"서구",0.9,456.5,499742,0.9,443.8,499124,0.9,442.5,496513,0.9,426.3,498917,0.9,434.5,496132,0.9,460.9,490859,0.9,451.4,491011,0.9,449.4,487448,1.0,461.7,484663,0.8,386.8,481222
"유성구",1.0,274.6,281692,0.9,271.7,294353,0.9,282.7,306312,0.9,284.9,313968,0.9,295.8,327461,1.0,325.9,335312,1.0,350.8,343222,1.0,353.6,348428,0.9,323.7,349790,1.0,342.8,349373
"대덕구",1.2,254.9,207549,1.2,242.7,205339,1.1,235.1,205688,1.2,250.6,204360,1.1,226.7,201558,1.5,293.5,196839,1.4,273.6,192688,1.6,298.2,186902,1.4,258.5,181991,1.2,210.6,177031
"울산광역시",1.0,1091.0,1126298,1.0,1191.3,1135494,1.1,1280.4,1147256,1.1,1234.2,1156480,1.2,1449.3,1166377,1.3,1551.5,1173534,1.4,1591.4,1172304,1.3,1509.8,1165132,1.3,1550.2,1155623,1.4,1622.3,1148019
"중구",0.9,207.4,232915,1.0,222.5,232634,1.1,246.7,233013,1.1,258.4,234607,1.1,265.8,238825,1.1,271.7,244481,1.2,294.0,242536,1.1,264.8,238652,1.1,254.6,231973,1.1,247.2,223581
"남구",1.1,364.8,344131,1.1,384.5,343504,1.2,407.6,346836,1.2,410.8,349064,1.3,466.9,347759,1.4,494.2,343598,1.5,520.8,340714,1.5,512.6,335439,1.6,537.2,330732,1.6,505.9,323819
"동구",1.1,186.0,170764,1.1,188.7,172172,1.3,224.6,175479,1.2,211.4,178468,1.3,231.6,176668,1.3,220.2,174963,1.3,223.2,174514,1.2,212.0,169605,1.3,213.6,164642,1.3,207.4,159656
"북구",0.9,151.7,177488,1.0,174.8,182504,1.1,195.7,184088,0.8,156.0,185695,1.3,238.4,188733,1.3,239.1,191063,1.3,262.9,195285,1.2,250.1,200718,1.2,250.6,206434,1.1,245.2,217796
"울주군",0.9,181.1,201000,1.1,220.8,204680,1.0,205.8,207840,0.9,197.6,208646,1.2,246.6,214392,1.5,326.3,219429,1.3,290.5,219255,1.2,270.3,220718,1.3,294.2,221842,1.9,416.6,223167
"세종특별자치시",-,-,-,-,-,-,0.7,74.0,113117,5.9,724.2,122153,0.8,120.2,156125,0.8,161.6,210884,0.7,176.8,243048,0.9,241.9,280100,1.3,404.3,314126,1.3,435.4,340575
"경기도",0.9,10362.4,11786622,0.9,10798.2,11937415,0.9,10428.2,12093299,0.8,9919.2,12234630,0.8,10452.1,12357830,0.9,11467.1,12522606,0.9,12069.5,12716780,0.9,11605.3,12873895,0.9,12406.1,13077153,1.0,13196.9,13239666
"수원시",1.0,1024.8,1077535,0.9,1027.2,1088489,1.0,1074.7,1120258,0.9,1050.0,1148157,0.9,1028.6,1174228,0.9,1101.5,1184624,1.0,1241.0,1194041,1.0,1143.6,1202628,0.9,1134.5,1201166,0.9,1019.8,1194465
"성남시",0.8,755.7,980190,0.8,772.0,979323,0.8,773.5,978615,0.8,775.3,979534,0.8,827.1,974608,0.8,791.0,971424,0.9,873.8,974580,0.9,864.2,967510,1.0,918.4,954347,0.9,851.4,942724
"의정부시",1.1,455.1,431801,1.3,579.0,430400,1.0,415.8,429147,0.9,370.3,430976,0.9,376.9,431112,0.9,387.8,433937,0.9,378.9,438457,1.0,425.8,441584,1.0,460.0,447026,0.9,392.9,451868
"안양시",0.7,448.1,621714,0.7,457.2,615642,0.7,419.3,611412,0.7,429.1,607877,0.7,414.6,600809,0.9,513.8,597789,0.8,494.6,597414,0.6,366.5,587764,0.7,388.1,576831,0.5,298.5,567044
"부천시",0.8,728.0,875204,0.8,738.7,872452,0.8,702.3,869944,0.6,503.8,863720,0.7,587.8,855586,0.7,559.4,848987,0.7,573.4,851380,0.9,747.1,850329,1.0,844.6,843768,0.8,684.9,829996
"광명시",0.8,271.8,343982,0.8,276.1,355226,0.8,268.1,355560,0.7,256.7,353100,0.7,251.5,348560,0.7,250.0,344978,0.7,244.3,339484,0.8,255.9,332790,0.8,268.1,326841,0.9,282.0,316552
"평택시",0.8,332.5,419457,0.9,395.5,426886,0.9,410.4,434305,0.9,419.5,442034,1.0,448.1,449555,1.0,454.5,460532,0.9,411.8,470832,0.8,395.3,481530,1.0,490.6,495642,1.7,895.6,513027
"동두천시",0.8,78.9,95653,1.1,105.2,96253,0.8,73.0,97175,0.7,65.3,97557,0.7,71.2,97595,0.7,72.1,97974,0.8,79.5,98277,0.8,75.6,97071,0.8,76.8,96226,0.8,76.9,94768
"안산시",0.6,436.5,714891,0.6,445.0,715586,0.7,492.4,715108,0.7,532.1,713666,0.8,599.4,707876,0.8,560.9,697885,0.8,562.0,689859,0.8,552.7,677710,0.9,592.9,660343,1.0,622.0,650918
"고양시",0.9,843.5,950115,0.9,877.2,961239,0.9,845.6,969916,0.9,895.9,990571,0.9,874.2,1006154,0.9,913.0,1027546,0.9,885.6,1039684,0.9,953.4,1041983,0.9,924.3,1044189,0.9,936.9,1066351
"과천시",1.1,79.8,72279,1.1,78.2,71955,1.1,79.5,71068,1.1,76.8,70578,1.0,73.6,70156,1.1,73.5,68946,1.4,89.6,63778,1.2,70.3,57527,1.5,88.7,58142,1.5,89.2,58289
"구리시",1.1,209.6,196398,1.0,195.6,194881,1.0,192.0,192341,0.9,176.7,189680,1.1,209.3,186820,1.0,192.9,186721,1.1,222.2,193763,0.8,156.9,200042,0.8,165.9,203553,0.9,187.4,199265
"남양주시",0.7,421.7,564141,0.8,436.5,578485,0.8,483.3,599539,0.5,336.6,618305,0.6,366.8,636256,0.5,346.2,653454,0.6,379.0,662154,0.6,367.5,665321,0.6,407.2,681828,1.0,684.4,701830
"오산시",0.8,145.0,182516,0.9,168.3,193892,0.8,158.0,200291,0.8,170.4,205460,1.0,200.4,208565,0.9,186.9,206828,0.9,179.8,208656,0.9,202.6,213437,0.8,178.5,220070,1.0,228.2,226379
"시흥시",0.8,303.0,403797,0.7,300.4,401149,0.8,302.4,399485,0.8,312.3,396765,0.9,349.2,394639,0.9,371.2,398256,1.2,465.7,402888,1.1,479.5,419664,1.0,432.1,448687,1.0,479.4,473682
"군포시",1.1,305.0,287833,1.1,314.1,287294,1.0,301.0,286841,0.7,201.3,286344,0.6,181.3,288408,0.7,193.1,287519,0.8,219.5,284890,0.8,229.7,281205,0.9,252.6,276916,1.0,262.5,275852
"의왕시",0.8,122.0,147443,0.7,102.9,149607,0.7,107.5,154757,0.8,128.3,159772,0.9,144.2,158482,0.9,136.0,157740,0.9,144.4,156763,1.0,150.4,155767,0.7,112.7,153932,0.6,89.9,161153
"하남시",1.1,168.4,150479,0.9,131.1,148397,0.9,136.0,146269,1.0,147.2,145096,2.1,316.9,148896,2.3,386.1,166713,1.5,326.8,211101,0.8,176.6,232487,1.5,388.9,254415,0.8,220.3,272455
"용인시",0.9,787.4,876550,0.9,772.3,896044,0.9,779.1,915959,0.8,787.8,941477,0.9,825.0,961026,1.0,977.3,975746,1.1,1062.0,991126,0.9,874.3,1004081,1.1,1088.2,1035126,1.4,1526.9,1059609
"파주시",1.0,357.4,355632,1.2,436.0,378790,0.9,373.3,394201,0.9,378.5,401718,1.0,393.5,411348,1.0,422.6,423321,1.1,472.9,430781,1.0,434.4,437848,1.1,505.2,451848,1.1,494.8,454040
"이천시",1.0,203.2,202595,1.2,248.7,204566,1.4,276.9,204917,1.1,221.8,205479,1.0,206.6,205014,1.4,291.8,204935,1.5,322.3,210359,1.3,282.2,213142,1.2,264.5,214206,2.0,434.9,215834
"안성시",1.8,322.6,177937,1.6,292.6,180743,1.6,293.5,181608,1.4,249.1,182173,1.3,231.5,181896,1.3,231.3,180199,1.2,222.5,182896,1.3,230.8,182786,1.3,234.9,183579,1.2,220.8,183405
"김포시",0.8,199.6,238339,0.8,213.0,256994,0.8,234.8,287432,0.8,263.2,312305,0.7,252.6,340310,0.9,316.4,349990,0.7,249.7,363443,0.6,253.4,392092,0.8,337.5,423170,0.8,344.9,437221
"화성시",0.6,324.1,505838,0.6,327.4,516765,0.6,320.0,525490,0.5,244.5,530251,0.6,323.3,540862,0.8,454.1,596525,0.9,603.7,640890,1.0,716.6,691086,0.9,656.1,758722,0.8,614.3,815396
"광주시",1.0,262.1,249789,0.9,233.8,265222,0.9,250.6,275656,0.9,257.6,286699,0.9,271.2,298858,0.9,292.7,312579,0.9,295.9,327723,0.9,301.0,345947,1.0,366.7,363782,0.8,312.2,372654
"양주시",1.2,229.0,196706,0.9,181.8,200360,0.9,172.1,200310,1.0,206.0,199143,1.0,203.5,202072,1.1,224.5,205184,1.2,247.5,205513,1.8,377.9,212146,1.1,236.4,216951,1.1,235.2,222314
"포천시",0.8,125.2,158658,1.1,174.5,157967,1.1,173.9,157559,1.1,173.0,156603,1.1,173.4,155798,2.4,374.4,155192,2.7,424.1,154763,0.9,143.6,152925,1.2,188.0,150676,2.0,290.5,148379
"여주시",-,-,-,-,-,-,-,-,-,0.8,92.9,109343,0.8,86.5,110386,1.5,161.0,111033,1.9,207.4,111563,1.8,197.8,111984,1.8,197.3,111525,1.5,171.8,111083
"경기 여주군",2.0,219.5,109250,3.0,322.7,109120,1.2,132.1,109550,-,-,-,-,-,-,-,-,-,-,-,-,-,-,-,-,-,-,-,-,-
"연천군",1.3,59.3,45177,1.3,56.2,44900,1.2,54.0,45599,1.3,61.2,45610,1.0,43.5,45363,0.9,43.4,45725,1.2,52.9,45907,0.8,36.9,45431,1.3,58.8,44633,1.6,71.8,43824
"가평군",1.0,59.5,58890,1.0,59.5,59358,1.0,60.5,60794,1.2,74.6,61017,1.1,68.7,61213,2.1,132.1,62008,1.2,76.5,62448,1.2,75.7,62973,1.2,74.6,62918,1.5,95.5,62415
"양평군",0.9,84.1,95833,0.8,79.5,99430,0.7,72.6,102193,0.6,61.4,103620,0.5,51.7,105379,0.5,55.6,108316,0.5,60.2,111367,0.6,67.1,115105,0.6,73.0,116095,0.7,81.1,116874
"강원도",1.6,2379.5,1529818,1.4,2208.5,1536448,1.4,2175.3,1538630,1.4,2100.6,1542263,1.4,2104.1,1544442,1.3,2031.6,1549507,1.4,2179.1,1550806,1.5,2333.5,1550142,1.5,2372.3,1543052,1.5,2250.9,1541502
"춘천시",1.8,475.5,269950,1.8,481.6,272805,1.7,465.6,273364,1.6,434.9,274455,1.8,488.0,275791,1.6,436.8,277997,1.5,430.8,280707,1.5,409.2,280514,1.6,462.9,280640,1.0,275.4,281291
"원주시",1.1,335.2,314678,1.1,346.0,320536,1.0,323.2,323885,1.0,310.7,324837,0.7,243.7,327292,0.7,243.3,332995,0.8,268.2,337979,1.3,453.8,341337,1.3,434.4,344070,1.3,441.6,349215
"강릉시",1.5,336.1,218503,1.6,350.5,217571,1.7,369.3,217741,1.7,371.1,216806,1.7,370.0,215807,1.7,355.8,214560,1.8,384.0,213846,1.7,358.3,213952,1.8,386.7,212957,1.4,294.4,213442
"동해시",1.1,108.6,95236,1.2,117.8,95804,1.2,110.2,93897,1.1,107.2,95143,1.3,122.3,94562,1.3,125.4,93895,1.4,130.9,93297,1.4,128.9,92851,1.2,113.7,91272,1.5,135.0,90522
"태백시",2.4,120.8,50864,1.7,86.6,50176,1.7,83.0,49493,1.6,76.3,48794,1.2,58.5,48258,1.3,64.0,47501,1.0,45.8,47070,2.0,93.0,45888,1.9,87.3,44858,2.2,97.3,43866
"속초시",2.2,182.9,84302,2.0,168.2,83745,2.0,165.9,83579,2.0,165.3,83109,2.2,183.2,82432,1.8,150.9,81992,1.9,156.2,81793,1.8,146.0,82273,1.6,132.8,81682,1.5,126.5,81786
"삼척시",1.4,102.5,72046,1.4,104.4,72312,1.4,104.3,72463,1.5,106.2,73023,1.5,110.1,72314,1.5,108.8,70839,2.1,144.5,69599,1.5,105.7,68514,1.5,104.3,68326,1.8,121.3,67228
"홍천군",1.6,113.3,69893,1.0,68.2,69899,0.8,57.4,69727,0.6,42.9,70638,0.7,49.8,70451,0.9,60.1,70336,1.1,80.1,70076,1.1,76.2,70340,1.6,112.2,69949,2.6,180.4,69150
"횡성군",1.2,54.1,44254,1.1,48.6,44360,1.0,43.1,44615,0.8,37.5,44937,0.8,37.0,45373,0.9,40.3,45777,1.3,59.5,45991,1.3,61.0,46281,1.4,66.5,46726,1.3,59.8,46575
"영월군",1.0,40.6,40407,1.0,41.4,40199,1.0,40.0,40155,1.1,43.9,40150,0.9,35.2,40191,0.8,32.3,40216,0.8,32.6,40073,0.8,30.9,40067,0.9,34.6,39730,0.8,31.4,39127
"평창군",3.9,171.9,43622,1.0,45.2,43577,1.0,44.5,43627,1.1,49.0,43666,1.3,55.9,43660,1.0,45.6,43500,1.3,58.1,43318,1.4,59.0,43092,1.8,78.1,42610,1.7,72.4,42106
"정선군",1.4,57.9,41045,1.2,48.5,40181,1.2,49.0,39915,1.3,53.7,39985,1.4,54.6,39425,1.4,55.6,39197,1.7,66.2,38718,1.4,52.1,38173,1.1,40.4,37700,2.0,75.1,37271
"철원군",0.9,43.8,48928,1.0,47.9,48084,1.4,66.2,47968,1.2,55.2,47473,1.3,60.8,47590,1.2,57.9,48799,1.2,55.7,48013,1.2,55.7,47185,1.2,53.8,46413,1.2,56.2,45584
"화천군",1.8,44.1,24364,1.7,42.6,24945,1.7,42.5,25020,1.8,44.2,25079,1.8,48.4,27143,1.8,49.4,27020,1.9,49.6,26264,1.9,49.8,26022,1.8,44.9,25084,2.4,59.5,24917
"양구군",1.7,36.8,21843,1.6,35.4,22285,1.5,35.3,22799,1.5,35.4,23594,1.5,35.5,23888,1.2,28.6,24089,1.5,36.0,24010,1.6,39.3,23835,1.3,31.3,23408,1.3,30.3,22764
"인제군",1.9,59.1,31842,2.1,66.0,31970,2.2,70.3,32456,1.9,60.8,32517,1.7,55.5,32475,2.3,76.3,33255,2.6,83.9,32720,3.1,100.5,32582,3.0,95.1,32136,2.5,78.9,31672
"고성군",1.9,56.5,30112,2.4,71.4,30057,2.4,71.1,30124,2.3,69.7,30398,1.9,57.9,30269,1.9,58.2,30060,1.7,50.0,30114,2.0,61.2,30029,1.2,34.0,28144,2.0,55.7,27260
"양양군",1.4,39.8,27929,1.4,38.2,27942,1.2,34.4,27802,1.3,36.6,27659,1.4,37.7,27521,1.5,42.3,27479,1.7,47.0,27218,1.9,52.9,27207,2.2,59.3,27347,2.2,59.7,27726
"충청북도",1.1,1774.8,1549528,1.1,1754.0,1562903,1.1,1773.5,1565628,1.1,1764.1,1572732,1.2,1943.0,1578933,1.1,1680.6,1583952,1.3,2114.4,1591625,1.3,2032.9,1594432,1.4,2163.1,1599252,1.4,2274.4,1600007
"충북 청주시",1.3,823.5,655971,1.2,788.4,661946,1.1,747.7,666852,1.2,781.7,672904,-,-,-,-,-,-,-,-,-,-,-,-,-,-,-,-,-,-
"충주시",1.1,227.3,208481,1.0,209.4,208433,1.2,253.4,208447,1.2,247.3,208115,1.3,265.8,208527,0.8,166.0,207913,1.6,340.9,208350,1.4,295.0,208316,1.7,355.6,210504,1.8,379.7,210737
"제천시",1.1,148.9,137264,1.0,137.7,137689,0.9,121.1,137521,0.9,127.9,137204,0.9,122.8,136805,0.9,123.0,136138,0.8,114.0,136517,0.9,120.3,136432,1.1,149.5,135386,1.0,135.3,134617
"청주시",-,-,-,-,-,-,-,-,-,-,-,-,1.4,1163.7,831521,1.2,989.4,831912,1.5,1212.7,835197,1.3,1124.4,835590,1.3,1083.0,837749,1.5,1224.2,839566
"충북 청원군",1.1,168.0,152944,1.1,172.8,158369,1.5,229.9,154780,1.4,209.9,155002,-,-,-,-,-,-,-,-,-,-,-,-,-,-,-,-,-,-
"보은군",1.3,46.4,34956,1.3,45.0,34717,1.2,42.9,34438,0.9,29.9,34318,0.9,30.6,34240,1.0,35.9,34296,1.0,32.7,34221,1.0,35.3,34053,1.0,34.7,33680,1.1,35.9,32949
"옥천군",0.9,46.8,54025,0.9,46.5,53496,0.9,46.8,53244,0.8,43.9,52763,0.8,44.4,52469,0.8,43.7,52404,1.2,60.9,52267,1.3,65.5,51766,1.4,69.5,51465,1.1,56.1,51023
"영동군",0.7,37.2,50523,0.7,37.6,50621,0.7,35.1,50663,0.8,38.3,50539,0.9,46.8,50803,0.9,47.9,50693,0.9,46.2,50552,0.9,45.4,50240,0.8,39.4,49715,0.9,43.0,48738
"진천군",1.0,63.9,62094,1.7,106.3,63051,1.4,88.9,63458,1.4,89.3,64606,1.0,62.1,65174,1.1,72.6,67981,1.1,79.2,69950,1.5,107.8,73677,1.5,114.7,78218,1.1,91.0,81084
"괴산군",0.9,33.8,36827,0.8,31.3,37333,1.3,47.6,37713,1.2,46.9,38059,1.2,44.2,38351,1.3,49.2,38787,1.5,58.6,38973,1.8,70.1,39054,1.8,71.0,39133,1.0,39.9,39163
"음성군",1.0,94.9,91093,1.1,99.0,91644,1.0,93.2,92980,0.8,76.1,93505,0.9,87.9,95324,0.7,71.3,96396,0.8,81.1,97787,0.9,85.4,97306,1.6,154.0,95830,1.6,156.6,94982
"단양군",1.4,45.1,31817,1.3,42.0,31595,1.2,38.9,31253,1.2,37.3,31171,1.2,35.8,30948,1.3,39.3,30761,1.6,47.5,30503,1.5,44.7,30215,1.7,52.8,30255,1.9,55.8,29756
"증평군",1.2,39.0,33533,1.1,38.0,34009,0.8,28.0,34279,1.0,35.6,34546,1.1,38.9,34771,1.2,42.3,36671,1.1,40.6,37308,1.0,39.0,37783,1.0,38.9,37317,1.5,56.9,37392
"충청남도",1.2,2461.3,2075514,1.1,2404.0,2101284,1.2,2411.5,2028777,1.3,2582.6,2047631,1.2,2482.8,2062273,1.2,2579.1,2077649,1.2,2502.0,2096727,1.3,2718.3,2116770,1.4,2961.9,2126282,1.3,2822.4,2123709
"천안시",1.7,954.6,557673,1.6,932.1,571377,1.7,981.9,581988,1.8,1077.7,591089,1.6,943.3,598346,1.4,853.9,605776,1.4,883.0,617955,1.5,940.9,631531,1.3,822.1,646075,1.2,807.3,652258
"공주시",1.1,135.1,124930,1.1,135.5,124748,1.1,130.6,117298,1.1,130.7,116369,1.1,128.1,113621,1.3,150.0,111261,1.3,141.2,109931,1.4,155.8,108432,1.6,173.8,107581,1.3,140.9,106474
"보령시",1.0,102.1,107346,1.0,104.7,106421,1.0,106.0,105559,1.1,111.7,104938,1.2,123.2,104321,1.1,117.8,104754,1.4,145.9,103873,1.3,131.8,103198,1.4,143.6,101990,1.4,146.5,101114
"아산시",1.1,299.6,265191,0.9,241.0,274523,1.0,271.9,280490,1.1,324.7,287073,1.0,290.2,293954,1.3,382.2,297737,1.0,297.0,302929,1.5,462.3,311453,2.4,760.9,312822,2.0,622.0,314395
"서산시",1.2,193.6,160468,1.1,170.0,161489,1.1,177.6,163315,1.1,178.9,165837,1.1,179.4,167611,1.5,263.1,170099,1.0,169.7,170788,1.0,173.5,171678,1.0,172.5,174162,1.0,181.4,174690
"논산시",1.3,169.7,127507,1.4,174.5,127533,1.4,174.6,126653,1.4,176.0,125844,1.4,175.8,124784,1.5,184.3,124232,1.4,173.3,123213,1.4,173.7,122240,1.4,170.6,120230,1.2,144.8,118842
"계룡시",0.8,35.1,43088,2.0,86.2,42942,1.4,56.5,41550,1.2,47.7,40957,1.6,64.0,40552,1.0,41.8,41730,1.0,44.7,42634,1.0,45.3,43967,1.0,42.8,43731,1.1,46.3,42971
"당진시",-,-,-,-,-,-,1.0,149.3,155104,0.9,150.7,159615,1.2,188.7,162844,0.9,142.6,165122,1.1,183.1,166630,0.9,150.1,167439,0.9,155.0,167770,1.4,238.4,167042
"금산군",0.7,41.9,56555,0.8,43.2,56030,1.0,54.4,55715,1.0,55.9,55441,1.1,60.7,55166,1.0,54.3,54879,1.0,55.0,54612,1.1,58.4,53894,1.0,52.0,53222,0.9,46.1,52257
"충남 연기군",0.6,52.7,81871,0.6,52.3,82890,-,-,-,-,-,-,-,-,-,-,-,-,-,-,-,-,-,-,-,-,-,-,-,-
"부여군",0.8,61.3,75029,0.8,58.0,74004,0.8,58.7,73259,1.0,75.2,72547,1.1,77.1,71754,1.1,77.2,71143,1.1,77.5,70187,1.2,79.5,69086,1.2,79.5,68078,1.0,69.9,66740
"서천군",0.6,36.5,60085,0.6,38.7,59541,0.7,41.7,58920,0.7,42.7,58441,0.7,41.4,57713,1.1,61.7,56910,1.3,72.1,56012,1.3,70.8,55175,1.7,91.2,53922,1.5,79.2,52805
"청양군",0.9,29.8,32541,0.9,28.4,32291,0.9,28.1,32087,0.9,28.3,32155,0.8,27.2,32248,0.8,25.8,32485,0.8,26.3,32753,0.8,27.0,32837,1.0,32.1,32296,1.3,39.8,31717
"홍성군",0.7,59.6,88078,0.7,60.6,88108,0.7,60.6,88415,0.8,67.9,89704,0.8,69.3,91866,0.8,71.8,94553,0.8,78.6,99971,0.8,85.7,101570,1.0,99.6,101082,1.0,95.8,100423
"예산군",0.8,69.7,87002,0.8,68.3,86421,0.7,63.8,85876,0.6,48.3,85205,0.6,52.1,84919,0.7,55.9,83484,0.9,72.0,81339,1.0,81.0,80338,1.0,83.1,80083,1.1,84.2,79238
"태안군",1.2,77.5,63247,1.0,62.8,62747,0.9,55.8,62548,1.1,66.2,62416,1.0,62.3,62574,1.5,96.7,63484,1.3,82.6,63900,1.3,82.5,63932,1.3,83.1,63238,1.3,79.8,62743
"충남 당진군",1.0,142.5,144903,1.0,147.7,150219,-,-,-,-,-,-,-,-,-,-,-,-,-,-,-,-,-,-,-,-,-,-,-,-
"전라북도",0.9,1592.6,1868963,1.0,1830.6,1874031,1.0,1796.4,1873341,0.9,1656.3,1872965,0.9,1705.0,1871560,1.0,1831.2,1869711,1.0,1847.5,1864791,1.0,1916.2,1854607,1.1,2109.4,1836832,1.1,2050.6,1818917
"전주시",0.9,594.8,641525,1.0,616.3,645894,1.0,635.3,648863,1.1,699.9,650082,1.1,699.4,652877,1.2,796.6,652282,1.1,729.0,651744,1.2,753.9,648964,1.3,859.3,651091,1.0,642.8,654394
"군산시",0.9,245.6,272601,1.2,319.8,275659,1.1,313.6,278341,1.0,289.8,278319,1.0,289.0,278098,1.1,299.6,278398,1.1,302.7,277551,1.2,327.8,274997,1.6,442.3,272645,1.6,444.7,270131
"익산시",0.8,257.2,307289,1.0,316.4,309804,1.3,383.1,306469,0.7,201.0,306539,0.7,221.3,304117,0.9,260.3,302061,0.9,265.3,300479,0.8,253.5,300187,0.8,241.3,294062,0.8,239.1,287771
"정읍시",0.6,77.0,122000,0.6,76.3,120466,0.7,79.8,119392,0.7,83.5,118328,0.7,87.3,117183,0.7,83.9,115977,0.8,87.5,115173,0.8,89.2,113776,0.8,90.3,112169,0.8,86.4,110541
"남원시",1.2,101.4,87775,1.0,84.5,87455,0.9,76.6,87000,0.8,71.7,86460,0.8,72.2,85643,0.8,69.1,84856,1.1,92.8,84188,1.0,86.1,83281,1.1,88.5,82554,2.0,159.5,81441
"김제시",0.6,61.0,94346,0.7,62.3,93111,0.7,62.2,92317,0.7,66.1,91218,0.8,71.7,90108,0.8,70.8,88721,1.0,86.5,87782,1.0,83.2,86926,1.1,95.4,85331,0.9,78.0,83895
"완주군",0.5,46.7,85119,1.9,157.1,84660,0.5,46.2,86164,0.6,48.0,86978,0.6,52.0,90377,0.7,65.1,95303,1.1,101.3,95480,1.1,102.2,95975,0.9,84.5,94444,1.6,144.5,92220
"진안군",0.8,22.6,27543,0.7,20.4,28473,0.8,20.5,26963,0.8,20.3,26703,0.8,21.3,26474,0.8,20.5,26203,0.6,14.5,26069,0.5,13.2,26271,0.4,10.7,25963,0.8,20.3,25697
"무주군",0.9,23.4,25578,0.9,22.0,25863,1.0,24.4,25321,0.9,23.4,25398,0.9,24.1,25390,1.1,26.9,25220,1.2,28.7,24949,1.2,29.1,24809,1.2,29.0,24589,2.3,56.6,24303
"장수군",1.1,25.5,23386,0.9,19.8,23215,0.8,19.0,23191,0.8,19.7,23243,1.1,25.0,23335,1.0,23.6,23277,0.9,21.8,23628,1.1,24.3,23003,1.2,28.6,23221,1.0,22.5,22441
"임실군",0.7,20.5,30593,0.5,16.4,30789,0.5,14.7,29956,0.4,12.6,29739,0.5,14.8,29966,0.5,15.4,30271,0.5,15.1,30197,0.4,12.7,30162,0.3,10.3,30072,0.4,13.0,28902
"순창군",0.7,22.4,30209,0.8,22.4,29497,0.8,22.6,30055,0.6,17.6,30272,0.4,13.0,30368,0.5,14.3,30248,0.5,15.1,29949,0.5,15.9,29698,0.5,15.7,29209,0.7,20.1,28382
"고창군",0.8,45.7,60861,0.7,41.5,60065,0.7,45.0,60440,0.8,45.6,60522,0.9,54.1,60090,0.7,43.7,60046,0.7,44.3,60597,1.3,80.8,60472,1.1,63.1,57041,1.1,62.0,55504
"부안군",0.8,48.8,60138,0.9,55.4,59080,0.9,53.4,58869,1.0,57.1,59164,1.0,59.8,57534,0.7,41.4,56848,0.8,42.9,57005,0.8,44.3,56086,0.9,50.4,54441,1.1,61.1,53295
"전라남도",0.9,1810.5,1918485,1.0,1828.8,1914339,1.1,2181.3,1909618,1.1,2046.6,1907172,1.1,2009.7,1905780,1.0,1948.6,1908996,1.0,1966.8,1903914,1.0,1983.0,1896424,1.1,2066.8,1882970,1.1,2097.8,1868745
"목포시",1.2,292.3,245422,1.2,302.3,244871,1.2,305.9,245073,1.0,247.4,240936,1.0,237.8,239109,1.1,257.8,238382,1.1,268.6,237739,1.0,237.2,234379,1.1,256.3,232327,1.1,262.5,229861
"여수시",1.2,359.2,293488,1.4,405.8,292750,1.7,484.5,292217,1.3,384.4,291366,1.3,381.7,290900,1.3,378.2,290168,1.5,426.7,288988,1.5,428.7,286382,1.5,435.1,283300,1.8,523.0,282786
"순천시",1.0,274.1,272620,0.9,245.6,272201,1.4,371.1,273798,1.2,321.0,275668,1.2,342.0,277188,1.0,268.7,278765,0.9,240.9,278548,1.1,293.6,279331,1.1,293.9,279389,0.9,254.6,279598
"나주시",1.0,93.1,90118,1.1,92.8,88243,1.0,91.3,88067,1.0,90.1,87754,1.0,91.6,90669,1.0,94.6,98182,0.8,83.9,104376,0.8,85.2,110110,0.6,71.8,113839,0.7,84.7,114664
"광양시",0.9,131.0,145512,1.0,144.0,150725,1.0,155.5,150837,1.7,264.9,151621,1.3,196.0,152097,1.4,220.6,153587,1.6,244.0,155580,1.5,233.6,155857,1.6,243.8,156564,1.5,236.6,156750
"담양군",1.0,49.5,47808,0.8,37.5,47819,0.7,32.3,47612,0.7,33.4,47365,0.7,31.3,47177,0.7,34.1,47009,0.3,14.9,47229,0.5,22.7,47285,0.4,20.7,46917,0.3,15.4,46535
"곡성군",0.6,17.7,31886,0.6,18.7,31332,0.6,19.9,30878,0.7,20.2,31009,0.7,22.8,30732,0.9,26.6,30672,0.8,25.1,30400,0.7,21.7,30131,0.7,21.5,29624,0.7,21.0,28887
"구례군",0.9,23.9,27375,0.7,19.5,27422,0.7,19.4,27077,0.6,17.6,27115,0.6,15.5,27170,0.6,15.8,27308,0.6,16.9,27412,0.6,16.0,27525,0.6,17.3,27117,0.7,18.4,26563
"고흥군",0.8,61.0,73924,0.8,60.2,72607,0.9,64.3,71560,0.9,63.6,70631,0.8,58.0,69641,0.9,63.7,68601,0.8,55.0,67656,0.9,60.7,66736,1.0,64.9,65777,1.2,80.2,64913
"보성군",0.7,35.1,48792,0.7,32.8,47894,0.7,32.7,47050,0.7,32.9,46385,0.8,35.9,45882,0.8,37.4,45349,0.7,30.8,44469,0.7,29.1,43755,0.7,30.6,42803,0.7,27.0,41420
"화순군",0.7,46.9,69368,0.6,43.9,68985,0.6,43.0,68378,0.6,42.7,67829,0.6,43.0,66772,0.7,43.2,65848,0.7,43.5,65303,0.7,42.2,64680,0.7,46.2,63933,0.6,37.4,62737
"장흥군",0.9,39.2,42394,0.9,39.7,42552,0.7,30.9,42672,0.8,32.9,43004,0.8,32.8,43190,0.7,31.6,43513,0.9,35.3,40669,0.8,33.1,40136,0.6,24.4,39312,0.7,26.4,38563
"강진군",0.6,26.5,41624,0.6,24.2,41599,0.7,26.2,40241,0.7,28.8,40079,0.7,28.0,39861,0.7,28.8,38758,1.0,36.7,37753,1.0,36.3,36868,0.8,29.5,36144,0.8,29.4,35286
"해남군",0.6,48.5,79579,0.7,53.5,78346,2.0,157.3,78150,0.7,56.1,77684,0.7,56.6,76981,0.7,54.1,76194,0.8,57.2,75121,0.7,54.4,73604,0.9,63.2,71901,0.9,63.9,70354
"영암군",0.7,39.7,60082,0.6,35.0,60139,0.8,48.7,59997,1.9,111.5,59061,2.0,118.9,58852,2.0,113.4,58137,1.7,99.0,57045,1.8,101.0,55616,1.3,73.2,54731,0.9,49.5,54593
"무안군",0.6,48.3,74475,0.8,59.6,75718,0.8,57.4,75741,0.9,67.6,79367,1.1,90.6,81696,0.9,70.1,82236,0.9,75.6,82109,1.0,79.7,82872,1.0,81.9,81991,1.5,122.2,81105
"함평군",0.5,17.8,36702,0.5,18.4,36134,0.6,22.7,35780,0.5,17.2,35610,0.4,15.3,35090,0.5,15.8,34876,0.5,16.8,34397,0.6,21.1,34328,0.6,19.1,33420,0.6,18.3,32861
"영광군",0.9,48.9,57362,0.9,48.5,56863,0.8,48.0,57224,0.9,49.2,57617,0.7,38.2,56833,0.7,39.1,56267,0.7,38.3,55618,0.7,36.6,54774,2.0,110.7,54127,0.7,37.3,53852
"장성군",0.5,23.7,46514,0.4,19.6,46245,0.5,25.0,46289,0.5,23.9,46292,0.5,21.8,46273,0.7,30.9,46360,0.9,43.7,46104,0.8,36.2,46111,0.9,43.5,45795,1.1,48.6,45739
"완도군",1.0,53.8,54269,1.1,61.4,54037,1.2,65.3,53871,1.0,52.4,53619,1.2,62.6,53174,1.0,52.0,53014,0.8,43.0,52668,0.8,43.1,52109,0.9,43.9,51477,0.7,37.8,50689
"진도군",1.1,38.5,33743,0.7,23.7,33502,1.1,35.9,33208,1.4,46.5,32998,1.5,49.1,32746,1.0,32.3,32476,0.9,29.9,32078,0.9,29.8,31765,1.1,35.5,31219,1.4,42.8,30715
"신안군",0.9,41.8,45428,0.9,42.1,44355,1.0,44.0,43898,1.0,42.3,44162,0.9,40.2,43747,0.9,39.8,43294,1.0,41.0,42652,1.0,41.0,42070,1.0,39.8,41263,1.5,60.8,40274
"경상북도",1.0,2679.1,2689920,1.0,2594.2,2699195,1.0,2623.2,2698353,1.0,2804.4,2699440,1.0,2795.3,2700794,1.0,2805.0,2702826,1.1,2885.4,2700398,1.2,3163.5,2691706,1.2,3246.2,2676831,1.3,3569.4,2665836
"포항시",1.1,586.3,514755,1.2,643.9,517088,1.5,753.3,518913,1.5,762.5,519467,1.2,635.4,519368,1.0,525.2,519584,1.0,541.1,516775,1.0,521.9,513832,1.0,503.3,510013,0.9,451.4,507025
"경주시",1.0,272.9,267098,1.0,268.8,265488,1.1,277.4,264091,1.0,272.4,263283,1.0,269.3,261535,1.1,287.3,259773,1.2,300.7,259452,1.6,410.6,257903,2.3,582.0,256864,1.5,378.6,255402
"김천시",1.5,208.7,136136,0.8,113.2,136185,0.8,108.3,135504,0.9,119.0,135259,0.8,106.1,135456,0.8,111.1,140132,1.0,136.9,142256,0.9,125.0,142908,0.9,125.2,141104,0.9,129.6,141229
"안동시",1.2,208.9,167886,1.1,192.7,168157,1.0,165.9,168302,1.7,278.2,168461,1.8,300.0,168697,1.7,282.9,169221,1.2,199.5,168798,1.8,296.8,166272,1.1,184.6,162180,1.7,265.4,160052
"구미시",0.6,255.2,404920,0.6,254.6,413446,0.6,253.9,416949,0.6,249.2,419428,0.9,358.5,420320,1.0,402.8,419915,0.9,380.3,419891,1.1,461.6,421799,1.1,464.9,421494,2.0,826.6,419742
"영주시",1.5,170.2,113926,1.5,169.0,114148,1.6,181.8,113547,1.5,172.4,112625,1.6,175.7,110780,1.5,162.1,109735,1.8,195.5,109247,1.6,174.3,108371,1.7,177.0,106801,2.1,219.0,105067
"영천시",0.9,88.4,103190,0.6,65.4,104182,0.6,59.9,101798,0.6,61.2,100778,0.7,66.4,100689,0.8,81.0,100648,1.3,129.0,100521,1.3,128.8,100615,1.1,115.1,101595,1.4,148.3,102470
"상주시",0.9,94.1,105607,0.9,96.5,104685,0.8,87.3,104182,0.8,85.0,103346,0.9,90.1,102892,0.9,95.9,102374,0.9,95.6,101799,1.1,108.3,100947,0.9,86.3,100297,1.0,102.9,100688
"문경시",1.6,123.1,77391,1.4,105.2,76727,1.4,103.5,75899,1.5,112.3,75664,1.5,116.6,75911,1.5,112.7,75784,1.7,125.3,74702,1.5,108.1,73294,2.0,140.8,71874,1.8,132.1,72242
"경산시",0.8,202.6,240708,0.8,187.7,243684,0.7,170.3,246358,0.7,172.0,248805,0.7,181.8,253968,0.9,218.9,256888,0.9,235.5,258037,0.9,239.0,259485,1.0,268.8,261093,1.0,256.1,263185
"군위군",0.9,22.9,24736,0.7,17.6,24268,0.7,17.4,24119,0.7,17.4,24172,0.6,15.5,24170,0.8,19.3,24126,0.9,21.4,24171,1.0,24.4,24215,0.9,21.7,23919,1.7,41.5,23843
"의성군",0.6,38.2,58832,1.5,86.4,57744,0.7,41.8,57043,0.8,42.4,56064,0.8,46.0,55212,0.7,39.5,54477,0.8,42.7,54014,0.9,50.3,53474,1.1,58.0,52944,1.0,50.9,52595
"청송군",1.0,26.0,26715,1.0,27.6,26569,0.9,24.7,26481,0.9,24.9,26470,1.0,27.0,26453,1.2,32.0,26384,1.0,27.4,26301,1.2,30.6,26006,1.2,30.8,25678,1.5,37.1,25416
"영양군",0.8,14.3,18451,0.8,14.1,18241,0.7,12.6,18208,0.7,13.1,18297,0.7,13.3,18197,0.8,13.5,17898,0.8,14.8,17713,0.8,14.8,17479,0.9,15.1,17356,1.2,20.0,16993
"영덕군",0.9,38.3,41377,1.0,42.6,40794,1.4,55.1,40257,1.2,50.0,40142,1.3,51.9,39586,1.3,51.9,39191,1.5,58.5,39052,1.7,66.4,38529,1.4,52.2,38108,2.0,74.3,37361
"청도군",0.4,16.3,44391,0.4,16.4,44298,0.4,18.8,43968,0.4,19.5,43788,0.5,20.3,43993,0.5,22.0,43724,0.7,31.6,43564,0.7,30.4,43346,0.7,28.9,43057,0.7,30.7,42910
"고령군",0.6,20.4,34678,0.6,19.6,35455,0.6,19.6,35343,0.5,17.5,35198,0.6,20.3,35033,0.7,23.7,34594,0.7,25.5,34257,0.8,27.0,33768,1.2,39.0,32969,1.7,53.9,32373
"성주군",0.6,25.7,45289,0.5,22.7,45640,0.5,23.6,45127,0.6,25.6,45067,0.6,27.9,44981,0.8,37.9,45029,0.7,32.4,45205,0.9,39.1,45138,0.9,40.0,44672,1.1,48.5,44015
"칠곡군",1.0,113.4,119087,0.9,110.6,118838,0.9,103.6,119786,0.9,112.0,121182,1.0,116.3,122058,1.0,119.6,122829,1.0,126.2,123199,1.0,126.0,120864,1.0,122.2,118828,1.0,119.9,117047
"예천군",1.0,46.1,47049,0.7,30.9,46579,0.6,28.1,46027,2.0,90.4,45573,1.1,47.8,45104,0.7,33.2,44674,0.8,34.8,46166,0.9,46.2,49253,1.0,53.5,53274,0.6,34.2,55100
"봉화군",1.1,38.5,34567,1.1,37.5,34192,1.2,41.8,33934,1.2,40.7,33894,1.5,50.6,34023,1.9,64.1,33808,1.7,56.7,33539,1.6,54.7,33259,1.6,53.6,32843,1.3,41.3,32150
"울진군",1.0,53.5,52430,1.1,55.7,52045,1.1,54.7,51844,1.0,53.7,51953,0.9,46.5,52104,1.1,56.1,51885,1.2,59.6,51738,1.2,63.6,50974,1.3,66.0,50036,1.9,91.7,49314
"울릉군",1.4,15.1,10701,1.4,15.5,10742,1.9,19.8,10673,1.2,13.0,10524,1.2,12.0,10264,1.2,12.3,10153,1.4,14.4,10001,1.6,15.6,9975,1.7,17.2,9832,1.6,15.4,9617
"경상남도",1.0,3270.0,3290536,1.0,3274.6,3308765,1.0,3453.6,3319314,1.0,3176.2,3333820,1.0,3452.5,3350257,1.0,3496.4,3364702,1.2,3951.4,3373871,1.2,4003.9,3380404,1.2,3937.3,3373988,1.3,4471.8,3362553
"진주시",1.1,376.7,335037,1.1,376.3,335502,1.1,376.1,337314,1.2,415.1,337071,1.2,413.2,340241,1.2,427.8,344426,1.2,401.7,346739,1.2,425.5,346681,1.3,447.7,345987,1.3,461.0,347334
"통영시",1.4,192.9,140297,1.4,191.0,140195,1.4,190.5,139347,1.4,191.4,139719,1.4,192.6,139439,1.5,208.0,139168,1.7,229.8,138160,1.7,232.8,135833,1.6,214.8,133720,1.5,202.5,131404
"사천시",1.1,123.5,114148,1.3,146.1,114133,1.3,153.5,115321,1.4,169.0,116851,1.3,153.0,116485,1.5,169.6,115452,1.7,190.1,114912,1.5,169.1,114252,1.3,152.9,113888,1.4,156.5,111925
"김해시",0.9,453.9,503348,0.9,448.7,507062,0.9,443.6,513260,0.9,449.4,522049,0.8,437.0,527240,0.9,455.3,528865,0.9,498.8,529422,0.9,481.7,532132,0.9,494.6,533672,1.3,725.3,542455
"밀양시",0.8,92.5,110479,0.8,88.6,109329,0.8,87.0,108755,0.8,90.5,108342,1.5,157.5,107765,0.9,98.3,107896,1.0,112.4,108354,1.2,125.8,107898,1.2,125.5,106744,1.1,114.3,105552
"거제시",1.3,286.9,228355,1.2,280.2,232787,1.0,235.5,236944,0.8,195.2,242077,1.0,250.2,248287,1.0,264.8,255828,1.4,350.4,257183,1.5,369.1,254073,1.4,352.7,250516,1.4,355.0,248276
"양산시",0.7,183.1,260239,0.8,213.5,266403,0.9,250.1,270460,0.8,235.9,279565,0.9,266.6,292376,0.9,269.5,301291,1.1,357.5,317037,1.1,370.0,338535,1.1,395.5,348639,1.2,415.0,350759
"창원시",1.1,1199.6,1090181,1.1,1156.0,1091881,1.2,1299.8,1091471,0.9,945.0,1083731,1.0,1121.7,1075168,1.0,1123.2,1070064,1.2,1245.7,1063907,1.2,1301.5,1057032,1.2,1232.9,1053601,1.2,1226.2,1044740
"의령군",0.7,21.5,30162,0.7,20.9,30045,0.7,20.9,30329,0.8,23.5,29417,1.1,31.6,29209,0.9,25.5,28544,1.0,28.6,28111,1.0,28.0,27849,1.1,29.3,27667,1.0,27.2,27168
"함안군",0.6,37.0,67207,0.7,43.7,66971,0.8,56.7,67425,1.2,80.4,67667,1.2,83.1,68741,1.1,75.3,69156,1.1,77.6,68937,1.1,76.2,68207,1.0,69.7,67025,1.6,106.3,65700
"창녕군",0.7,43.4,61714,0.8,46.9,62490,0.8,49.5,62966,0.8,49.6,63447,0.8,51.4,63502,0.8,50.7,63817,0.8,51.5,63982,0.8,53.0,64101,0.9,56.6,63396,4.9,303.8,62331
"고성군",0.6,32.9,57231,0.6,32.2,57264,0.6,35.5,56906,0.7,36.9,56369,0.7,37.5,55916,0.7,39.2,55284,0.9,51.0,54703,0.9,47.1,54060,1.0,51.1,53243,0.6,31.9,52276
"남해군",0.8,40.3,49328,0.7,37.6,50242,0.8,38.3,48223,0.8,39.3,47244,0.8,35.8,46638,1.2,55.0,45865,1.5,67.9,45129,1.4,61.5,44642,1.5,67.5,43990,1.4,61.1,43622
"하동군",0.9,45.9,51509,0.7,40.1,53975,0.9,44.0,50806,0.9,42.8,50177,0.9,44.1,49223,0.9,46.4,50259,1.1,56.1,49622,1.2,56.2,48831,1.1,53.3,47533,0.9,41.9,46574
"산청군",0.8,26.8,35591,0.9,33.7,35651,0.7,25.7,35691,1.1,40.4,35935,0.8,28.4,35849,0.8,30.0,36071,1.2,41.8,36098,1.1,39.1,36340,1.0,37.0,35952,1.1,37.2,35417
"함양군",0.7,27.3,41197,0.6,26.5,41081,0.6,26.1,40714,0.8,31.0,40692,0.9,37.8,40584,0.8,33.0,40339,1.2,46.7,40241,1.1,43.0,40175,1.1,43.2,40044,1.3,53.3,39637
"거창군",0.8,50.5,63421,0.9,56.4,63146,1.3,79.4,63103,1.3,79.5,63177,1.1,69.5,63137,1.2,78.9,63232,1.3,83.3,63308,1.2,76.3,62763,1.1,70.3,62455,1.6,97.3,62179
"합천군",0.7,35.3,51092,0.7,36.2,50608,0.8,41.4,50279,1.2,61.3,50290,0.8,41.5,50457,0.9,45.9,49145,1.3,60.5,48026,1.0,48.0,47000,0.9,42.7,45916,1.2,56.0,45204
"제주특별자치도",1.1,638.8,571255,1.3,764.7,576156,1.5,861.9,583713,1.7,984.2,593806,1.6,976.2,607346,1.9,1162.3,624395,2.0,1305.3,641597,2.0,1312.1,657083,2.0,1313.9,667191,1.8,1233.5,670989
"제주시",1.1,471.4,417539,1.3,557.4,422790,1.3,561.2,429656,1.4,605.9,438165,1.5,657.5,448834,1.8,819.3,459876,1.9,881.9,470665,1.8,881.3,478700,1.9,923.2,485946,1.8,860.3,489405
"서귀포시",1.1,167.4,153716,1.4,207.3,153366,2.0,300.7,154057,2.4,378.3,155641,2.0,318.7,158512,2.1,343.0,164519,2.5,423.4,170932,2.4,430.8,178383,2.2,390.7,181245,2.1,373.2,181584
