"시도(1)",2010,2010,2010,2010,2010,2010,2010,2010,2010,2010,2010,2010,2010,2010,2010,2010,2010,2010,2010,2010,2010,2010,2010,2010,2010,2010,2010,2010,2010,2010,2010,2010,2011,2011,2011,2011,2011,2011,2011,2011,2011,2011,2011,2011,2011,2011,2011,2011,2011,2011,2011,2011,2011,2011,2011,2011,2011,2011,2011,2011,2011,2011,2011,2011,2012,2012,2012,2012,2012,2012,2012,2012,2012,2012,2012,2012,2012,2012,2012,2012,2012,2012,2012,2012,2012,2012,2012,2012,2012,2012,2012,2012,2012,2012,2012,2012,2013,2013,2013,2013,2013,2013,2013,2013,2013,2013,2013,2013,2013,2013,2013,2013,2013,2013,2013,2013,2013,2013,2013,2013,2013,2013,2013,2013,2013,2013,2013,2013,2014,2014,2014,2014,2014,2014,2014,2014,2014,2014,2014,2014,2014,2014,2014,2014,2014,2014,2014,2014,2014,2014,2014,2014,2014,2014,2014,2014,2014,2014,2014,2014,2015,2015,2015,2015,2015,2015,2015,2015,2015,2015,2015,2015,2015,2015,2015,2015,2015,2015,2015,2015,2015,2015,2015,2015,2015,2015,2015,2015,2015,2015,2015,2015,2016,2016,2016,2016,2016,2016,2016,2016,2016,2016,2016,2016,2016,2016,2016,2016,2016,2016,2016,2016,2016,2016,2016,2016,2016,2016,2016,2016,2016,2016,2016,2016,2016,2016,2017,2017,2017,2017,2017,2017,2017,2017,2017,2017,2017,2017,2017,2017,2017,2017,2017,2017,2017,2017,2017,2017,2017,2017,2017,2017,2017,2017,2017,2017,2017,2017,2017,2017,2018,2018,2018,2018,2018,2018,2018,2018,2018,2018,2018,2018,2018,2018,2018,2018,2018,2018,2018,2018,2018,2018,2018,2018,2018,2018,2018,2018,2018,2018,2018,2018,2018,2018,2018,2019,2019,2019,2019,2019,2019,2019,2019,2019,2019,2019,2019,2019,2019,2019,2019,2019,2019,2019,2019,2019,2019,2019,2019,2019,2019,2019,2019,2019,2019,2019,2019,2019,2019,2019,2019,2019,2019,2019,2019,2019,2019
"시도(1)",총계,종량제 방식에 의한 혼합 배출,종량제 방식에 의한 혼합 배출,종량제 방식에 의한 혼합 배출,종량제 방식에 의한 혼합 배출,종량제 방식에 의한 혼합 배출,종량제 방식에 의한 혼합 배출,종량제 방식에 의한 혼합 배출,종량제 방식에 의한 혼합 배출,종량제 방식에 의한 혼합 배출,종량제 방식에 의한 혼합 배출,종량제 방식에 의한 혼합 배출,종량제 방식에 의한 혼합 배출,종량제 방식에 의한 혼합 배출,재활용가능자원 분리배출,재활용가능자원 분리배출,재활용가능자원 분리배출,재활용가능자원 분리배출,재활용가능자원 분리배출,재활용가능자원 분리배출,재활용가능자원 분리배출,재활용가능자원 분리배출,재활용가능자원 분리배출,재활용가능자원 분리배출,재활용가능자원 분리배출,재활용가능자원 분리배출,재활용가능자원 분리배출,재활용가능자원 분리배출,재활용가능자원 분리배출,재활용가능자원 분리배출,재활용가능자원 분리배출,음식물류 폐기물 분리배출,총계,종량제 방식에 의한 혼합 배출,종량제 방식에 의한 혼합 배출,종량제 방식에 의한 혼합 배출,종량제 방식에 의한 혼합 배출,종량제 방식에 의한 혼합 배출,종량제 방식에 의한 혼합 배출,종량제 방식에 의한 혼합 배출,종량제 방식에 의한 혼합 배출,종량제 방식에 의한 혼합 배출,종량제 방식에 의한 혼합 배출,종량제 방식에 의한 혼합 배출,종량제 방식에 의한 혼합 배출,종량제 방식에 의한 혼합 배출,재활용가능자원 분리배출,재활용가능자원 분리배출,재활용가능자원 분리배출,재활용가능자원 분리배출,재활용가능자원 분리배출,재활용가능자원 분리배출,재활용가능자원 분리배출,재활용가능자원 분리배출,재활용가능자원 분리배출,재활용가능자원 분리배출,재활용가능자원 분리배출,재활용가능자원 분리배출,재활용가능자원 분리배출,재활용가능자원 분리배출,재활용가능자원 분리배출,재활용가능자원 분리배출,재활용가능자원 분리배출,음식물류 폐기물 분리배출,총계,종량제 방식에 의한 혼합 배출,종량제 방식에 의한 혼합 배출,종량제 방식에 의한 혼합 배출,종량제 방식에 의한 혼합 배출,종량제 방식에 의한 혼합 배출,종량제 방식에 의한 혼합 배출,종량제 방식에 의한 혼합 배출,종량제 방식에 의한 혼합 배출,종량제 방식에 의한 혼합 배출,종량제 방식에 의한 혼합 배출,종량제 방식에 의한 혼합 배출,종량제 방식에 의한 혼합 배출,종량제 방식에 의한 혼합 배출,재활용가능자원 분리배출,재활용가능자원 분리배출,재활용가능자원 분리배출,재활용가능자원 분리배출,재활용가능자원 분리배출,재활용가능자원 분리배출,재활용가능자원 분리배출,재활용가능자원 분리배출,재활용가능자원 분리배출,재활용가능자원 분리배출,재활용가능자원 분리배출,재활용가능자원 분리배출,재활용가능자원 분리배출,재활용가능자원 분리배출,재활용가능자원 분리배출,재활용가능자원 분리배출,재활용가능자원 분리배출,음식물류 폐기물 분리배출,총계,종량제 방식에 의한 혼합 배출,종량제 방식에 의한 혼합 배출,종량제 방식에 의한 혼합 배출,종량제 방식에 의한 혼합 배출,종량제 방식에 의한 혼합 배출,종량제 방식에 의한 혼합 배출,종량제 방식에 의한 혼합 배출,종량제 방식에 의한 혼합 배출,종량제 방식에 의한 혼합 배출,종량제 방식에 의한 혼합 배출,종량제 방식에 의한 혼합 배출,종량제 방식에 의한 혼합 배출,종량제 방식에 의한 혼합 배출,재활용가능자원 분리배출,재활용가능자원 분리배출,재활용가능자원 분리배출,재활용가능자원 분리배출,재활용가능자원 분리배출,재활용가능자원 분리배출,재활용가능자원 분리배출,재활용가능자원 분리배출,재활용가능자원 분리배출,재활용가능자원 분리배출,재활용가능자원 분리배출,재활용가능자원 분리배출,재활용가능자원 분리배출,재활용가능자원 분리배출,재활용가능자원 분리배출,재활용가능자원 분리배출,재활용가능자원 분리배출,음식물류 폐기물 분리배출,총계,종량제 방식에 의한 혼합 배출,종량제 방식에 의한 혼합 배출,종량제 방식에 의한 혼합 배출,종량제 방식에 의한 혼합 배출,종량제 방식에 의한 혼합 배출,종량제 방식에 의한 혼합 배출,종량제 방식에 의한 혼합 배출,종량제 방식에 의한 혼합 배출,종량제 방식에 의한 혼합 배출,종량제 방식에 의한 혼합 배출,종량제 방식에 의한 혼합 배출,종량제 방식에 의한 혼합 배출,종량제 방식에 의한 혼합 배출,재활용가능자원 분리배출,재활용가능자원 분리배출,재활용가능자원 분리배출,재활용가능자원 분리배출,재활용가능자원 분리배출,재활용가능자원 분리배출,재활용가능자원 분리배출,재활용가능자원 분리배출,재활용가능자원 분리배출,재활용가능자원 분리배출,재활용가능자원 분리배출,재활용가능자원 분리배출,재활용가능자원 분리배출,재활용가능자원 분리배출,재활용가능자원 분리배출,재활용가능자원 분리배출,재활용가능자원 분리배출,음식물류 폐기물 분리배출,총계,종량제 방식에 의한 혼합 배출,종량제 방식에 의한 혼합 배출,종량제 방식에 의한 혼합 배출,종량제 방식에 의한 혼합 배출,종량제 방식에 의한 혼합 배출,종량제 방식에 의한 혼합 배출,종량제 방식에 의한 혼합 배출,종량제 방식에 의한 혼합 배출,종량제 방식에 의한 혼합 배출,종량제 방식에 의한 혼합 배출,종량제 방식에 의한 혼합 배출,종량제 방식에 의한 혼합 배출,종량제 방식에 의한 혼합 배출,재활용가능자원 분리배출,재활용가능자원 분리배출,재활용가능자원 분리배출,재활용가능자원 분리배출,재활용가능자원 분리배출,재활용가능자원 분리배출,재활용가능자원 분리배출,재활용가능자원 분리배출,재활용가능자원 분리배출,재활용가능자원 분리배출,재활용가능자원 분리배출,재활용가능자원 분리배출,재활용가능자원 분리배출,재활용가능자원 분리배출,재활용가능자원 분리배출,재활용가능자원 분리배출,재활용가능자원 분리배출,음식물류 폐기물 분리배출,총계,종량제 방식에 의한 혼합 배출,종량제 방식에 의한 혼합 배출,종량제 방식에 의한 혼합 배출,종량제 방식에 의한 혼합 배출,종량제 방식에 의한 혼합 배출,종량제 방식에 의한 혼합 배출,종량제 방식에 의한 혼합 배출,종량제 방식에 의한 혼합 배출,종량제 방식에 의한 혼합 배출,종량제 방식에 의한 혼합 배출,종량제 방식에 의한 혼합 배출,종량제 방식에 의한 혼합 배출,종량제 방식에 의한 혼합 배출,종량제 방식에 의한 혼합 배출,재활용가능자원 분리배출,재활용가능자원 분리배출,재활용가능자원 분리배출,재활용가능자원 분리배출,재활용가능자원 분리배출,재활용가능자원 분리배출,재활용가능자원 분리배출,재활용가능자원 분리배출,재활용가능자원 분리배출,재활용가능자원 분리배출,재활용가능자원 분리배출,재활용가능자원 분리배출,재활용가능자원 분리배출,재활용가능자원 분리배출,재활용가능자원 분리배출,재활용가능자원 분리배출,재활용가능자원 분리배출,재활용가능자원 분리배출,음식물류 폐기물 분리배출,총계,종량제 방식에 의한 혼합 배출,종량제 방식에 의한 혼합 배출,종량제 방식에 의한 혼합 배출,종량제 방식에 의한 혼합 배출,종량제 방식에 의한 혼합 배출,종량제 방식에 의한 혼합 배출,종량제 방식에 의한 혼합 배출,종량제 방식에 의한 혼합 배출,종량제 방식에 의한 혼합 배출,종량제 방식에 의한 혼합 배출,종량제 방식에 의한 혼합 배출,종량제 방식에 의한 혼합 배출,종량제 방식에 의한 혼합 배출,종량제 방식에 의한 혼합 배출,재활용가능자원 분리배출,재활용가능자원 분리배출,재활용가능자원 분리배출,재활용가능자원 분리배출,재활용가능자원 분리배출,재활용가능자원 분리배출,재활용가능자원 분리배출,재활용가능자원 분리배출,재활용가능자원 분리배출,재활용가능자원 분리배출,재활용가능자원 분리배출,재활용가능자원 분리배출,재활용가능자원 분리배출,재활용가능자원 분리배출,재활용가능자원 분리배출,재활용가능자원 분리배출,재활용가능자원 분리배출,재활용가능자원 분리배출,음식물류 폐기물 분리배출,총계,종량제 방식에 의한 혼합 배출,종량제 방식에 의한 혼합 배출,종량제 방식에 의한 혼합 배출,종량제 방식에 의한 혼합 배출,종량제 방식에 의한 혼합 배출,종량제 방식에 의한 혼합 배출,종량제 방식에 의한 혼합 배출,종량제 방식에 의한 혼합 배출,종량제 방식에 의한 혼합 배출,종량제 방식에 의한 혼합 배출,종량제 방식에 의한 혼합 배출,종량제 방식에 의한 혼합 배출,종량제 방식에 의한 혼합 배출,종량제 방식에 의한 혼합 배출,재활용가능자원 분리배출,재활용가능자원 분리배출,재활용가능자원 분리배출,재활용가능자원 분리배출,재활용가능자원 분리배출,재활용가능자원 분리배출,재활용가능자원 분리배출,재활용가능자원 분리배출,재활용가능자원 분리배출,재활용가능자원 분리배출,재활용가능자원 분리배출,재활용가능자원 분리배출,재활용가능자원 분리배출,재활용가능자원 분리배출,재활용가능자원 분리배출,재활용가능자원 분리배출,재활용가능자원 분리배출,재활용가능자원 분리배출,재활용가능자원 분리배출,음식물류 폐기물 분리배출,총계,종량제 방식에 의한 혼합 배출,종량제 방식에 의한 혼합 배출,종량제 방식에 의한 혼합 배출,종량제 방식에 의한 혼합 배출,종량제 방식에 의한 혼합 배출,종량제 방식에 의한 혼합 배출,종량제 방식에 의한 혼합 배출,종량제 방식에 의한 혼합 배출,종량제 방식에 의한 혼합 배출,종량제 방식에 의한 혼합 배출,종량제 방식에 의한 혼합 배출,종량제 방식에 의한 혼합 배출,종량제 방식에 의한 혼합 배출,종량제 방식에 의한 혼합 배출,종량제 방식에 의한 혼합 배출,종량제 방식에 의한 혼합 배출,종량제 방식에 의한 혼합 배출,종량제 방식에 의한 혼합 배출,재활용가능자원 분리배출,재활용가능자원 분리배출,재활용가능자원 분리배출,재활용가능자원 분리배출,재활용가능자원 분리배출,재활용가능자원 분리배출,재활용가능자원 분리배출,재활용가능자원 분리배출,재활용가능자원 분리배출,재활용가능자원 분리배출,재활용가능자원 분리배출,재활용가능자원 분리배출,재활용가능자원 분리배출,재활용가능자원 분리배출,재활용가능자원 분리배출,재활용가능자원 분리배출,재활용가능자원 분리배출,재활용가능자원 분리배출,재활용가능자원 분리배출,재활용가능자원 분리배출,재활용가능자원 분리배출,재활용가능자원 분리배출,음식물류 폐기물 분리배출
"시도(1)",소계,소계,가연성,가연성,가연성,가연성,가연성,가연성,가연성,불연성,불연성,불연성,불연성,불연성,소계,종이류,폐유리병류,캔류,플라스틱류,합성수지,폐전기전자제품,폐전지류,타이어,윤활유,폐형광등,고철류,폐의류,영농폐기물,폐가구류,폐식용유,기타,소계,소계,소계,가연성,가연성,가연성,가연성,가연성,가연성,가연성,불연성,불연성,불연성,불연성,불연성,소계,종이류,폐유리병류,캔류,플라스틱류,합성수지,폐전기전자제품,폐전지류,타이어,윤활유,폐형광등,고철류,폐의류,영농폐기물,폐가구류,폐식용유,기타,소계,소계,소계,가연성,가연성,가연성,가연성,가연성,가연성,가연성,불연성,불연성,불연성,불연성,불연성,소계,종이류,폐유리병류,캔류,플라스틱류,합성수지,폐전기전자제품,폐전지류,타이어,윤활유,폐형광등,고철류,폐의류,영농폐기물,폐가구류,폐식용유,기타,소계,소계,소계,가연성,가연성,가연성,가연성,가연성,가연성,가연성,불연성,불연성,불연성,불연성,불연성,소계,종이류,폐유리병류,캔류,플라스틱류,합성수지,폐전기전자제품,폐전지류,타이어,윤활유,폐형광등,고철류,폐의류,영농폐기물,폐가구류,폐식용유,기타,소계,소계,소계,가연성,가연성,가연성,가연성,가연성,가연성,가연성,불연성,불연성,불연성,불연성,불연성,소계,종이류,폐유리병류,캔류,플라스틱류,합성수지,폐전기전자제품,폐전지류,타이어,윤활유,폐형광등,고철류,폐의류,영농폐기물,폐가구류,폐식용유,기타,소계,소계,소계,가연성,가연성,가연성,가연성,가연성,가연성,가연성,불연성,불연성,불연성,불연성,불연성,소계,종이류,폐유리병류,캔류,플라스틱류,합성수지,폐전기전자제품,폐전지류,타이어,윤활유,폐형광등,고철류,폐의류,영농폐기물,폐가구류,폐식용유,기타,소계,소계,소계,가연성,가연성,가연성,가연성,가연성,가연성,가연성,불연성,불연성,불연성,불연성,불연성,기타(배출불명 등),소계,종이류,폐유리병류,캔류,플라스틱류,합성수지,발포수지류,폐전기전자제품,폐전지류,타이어,윤활유,폐형광등,고철류,폐의류,영농폐기물,폐가구류,폐식용유,기타,소계,소계,소계,가연성,가연성,가연성,가연성,가연성,가연성,가연성,불연성,불연성,불연성,불연성,불연성,기타(배출불명 등),소계,종이류,폐유리병류,캔류,플라스틱류,합성수지,발포수지류,폐전기전자제품,폐전지류,타이어,윤활유,폐형광등,고철류,폐의류,영농폐기물,폐가구류,폐식용유,기타,소계,소계,소계,가연성,가연성,가연성,가연성,가연성,가연성,가연성,불연성,불연성,불연성,불연성,불연성,기타(배출불명 등),소계,종이류,폐유리병류,금속캔,플라스틱류,합성수지,발포수지류,폐전기전자제품,폐전지류,타이어,윤활유,폐형광등,고철류,폐의류,영농폐기물,폐가구류,폐식용유,재활용잔재물,기타,소계,소계,소계,가연성,가연성,가연성,가연성,가연성,가연성,가연성,가연성,불연성,불연성,불연성,불연성,불연성,불연성,불연성,건설폐재류,기타(배출불명 등),소계,폐지류,폐지류,폐합성수지류,폐합성수지류,폐합성수지류,폐합성수지류,폐고무류,폐유리병류,금속캔,폐전기전자제품,폐전지류,폐형광등,고철류,폐의류,폐섬유류,영농폐기물,영농폐기물,폐가구류,폐식용유,재활용잔재물,기타,소계
"시도(1)",소계,소계,소계,음식물류폐기물,폐지류,폐목재류,폐고무류,플라스틱류,기타,소계,폐유리류,폐금속류,폐토사류,기타,소계,소계,소계,소계,소계,소계,소계,소계,소계,소계,소계,소계,소계,소계,소계,소계,소계,소계,소계,소계,소계,음식물류폐기물,폐지류,폐목재류,폐고무류,플라스틱류,기타,소계,폐유리류,폐금속류,폐토사류,기타,소계,소계,소계,소계,소계,소계,소계,소계,소계,소계,소계,소계,소계,소계,소계,소계,소계,소계,소계,소계,소계,음식물류폐기물,폐지류,폐목재류,폐고무류,플라스틱류,기타,소계,폐유리류,폐금속류,폐토사류,기타,소계,소계,소계,소계,소계,소계,소계,소계,소계,소계,소계,소계,소계,소계,소계,소계,소계,소계,소계,소계,소계,음식물류폐기물,폐지류,폐목재류,폐고무류,플라스틱류,기타,소계,폐유리류,폐금속류,폐토사류,기타,소계,소계,소계,소계,소계,소계,소계,소계,소계,소계,소계,소계,소계,소계,소계,소계,소계,소계,소계,소계,소계,음식물류폐기물,폐지류,폐목재류,폐고무류,플라스틱류,기타,소계,폐유리류,폐금속류,폐토사류,기타,소계,소계,소계,소계,소계,소계,소계,소계,소계,소계,소계,소계,소계,소계,소계,소계,소계,소계,소계,소계,소계,음식물류폐기물,폐지류,폐목재류,폐고무류,플라스틱류,기타,소계,폐유리류,폐금속류,폐토사류,기타,소계,소계,소계,소계,소계,소계,소계,소계,소계,소계,소계,소계,소계,소계,소계,소계,소계,소계,소계,소계,소계,음식물류폐기물,폐지류,폐목재류,폐고무류,플라스틱류,기타,소계,폐유리류,폐금속류,폐토사류,기타,소계,소계,소계,소계,소계,소계,소계,소계,소계,소계,소계,소계,소계,소계,소계,소계,소계,소계,소계,소계,소계,소계,소계,음식물류폐기물,폐지류,폐목재류,폐고무류,플라스틱류,기타,소계,폐유리류,폐금속류,폐토사류,기타,소계,소계,소계,소계,소계,소계,소계,소계,소계,소계,소계,소계,소계,소계,소계,소계,소계,소계,소계,소계,소계,소계,소계,음식물류폐기물,폐지류,폐목재류,폐고무류,플라스틱류,기타,소계,폐유리류,폐금속류,폐토사류,기타,소계,소계,소계,소계,소계,소계,소계,소계,소계,소계,소계,소계,소계,소계,소계,소계,소계,소계,소계,소계,소계,소계,소계,소계,음식물류폐기물,폐지류,폐합성수지류,폐목재류,폐고무류,폐섬유류,기타,소계,연탄재,폐유리류,폐금속류,폐토사류,폐타일 및 도자기류,기타,소계,소계,소계,종이팩,기타,비닐류,발포수지류,PET병,기타,소계,소계,소계,소계,소계,소계,소계,소계,소계,농약용기류,폐비닐,소계,소계,소계,소계,소계
"합계",49159.0,20940.2,17265.7,242.7,4783.0,2204.9,905.3,2640.6,6489.2,3674.5,411.3,337.2,923.5,2002.5,14790.2,4809.7,2034.9,792.4,1350.1,883.9,186.0,15.4,48.6,30.6,142.0,2000.9,186.0,436.1,387.8,57.4,1428.4,13428.6,48934.4,21413.7,17548.1,273.1,4939.8,2314.1,940.3,2644.4,6436.4,3865.6,430.1,330.0,937.3,2168.3,14256.5,4300.7,1907.8,734.7,1305.3,1033.1,156.2,48.5,40.9,30.3,84.6,1971.6,197.7,486.8,408.9,60.6,1488.8,13264.2,48989.8,21271.6,17594.5,171.7,5247.1,1982.2,1032.1,3010.0,6151.4,3677.1,443.8,334.7,737.5,2161.1,14681.3,4486.3,1866.2,730.1,1377.5,1266.6,180.4,57.5,31.4,25.8,54.0,2243.3,193.9,502.1,342.4,27.3,1296.5,13036.9,48728.2,22291.9,18420.3,162.0,5382.7,2776.3,953.6,3126.5,6019.2,3871.6,499.3,346.4,905.6,2120.3,13935.1,4128.4,1797.4,682.7,1238.9,1335.2,130.1,69.2,24.5,17.2,60.4,2207.3,138.8,506.8,365.7,30.2,1202.3,12501.2,49914.8,22264.6,18070.4,475.9,5410.4,1706.1,953.1,3370.0,6154.8,4194.2,536.0,392.0,917.0,2349.2,14428.7,4485.1,1792.0,713.8,1236.8,1430.6,116.8,47.2,33.4,5.2,152.5,1967.1,213.9,482.8,381.6,48.2,1321.8,13221.5,51246.8,23170.3,18574.7,1120.0,5444.5,1627.1,947.4,3738.7,5697.0,4595.6,623.0,447.9,700.8,2823.9,13857.0,4513.7,1692.8,748.9,1199.9,1453.9,125.5,21.6,24.8,5.4,54.8,1691.4,154.4,445.4,416.9,33.8,1273.8,14219.5,53771.9,24965.5,19895.8,1291.0,5631.5,1653.9,1091.0,4312.4,5916.0,4516.0,561.2,434.3,980.8,2539.7,553.7,14417.7,4602.5,1662.8,765.1,1133.2,1709.5,117.1,156.8,20.1,29.3,26.9,183.2,1721.6,165.8,435.2,462.9,79.5,1146.2,14388.7,53489.5,24638.4,19870.4,1503.5,5193.9,1582.0,997.4,4600.9,5992.7,4106.8,608.0,399.4,641.3,2458.1,661.2,14451.2,4151.3,1572.3,670.8,1251.4,2168.5,143.3,149.2,17.6,46.5,28.8,149.1,1489.9,193.2,465.4,533.6,62.2,1358.1,14399.9,56035.4,25572.4,20211.6,1743.9,5184.9,1694.6,1102.3,4884.4,5601.5,4602.7,738.5,496.7,930.9,2436.6,758.1,15985.8,4281.5,1307.5,644.6,1490.7,2315.0,158.1,190.3,13.8,79.0,25.4,91.4,1420.2,193.3,447.6,670.1,58.7,1546.5,1052.1,14477.2,57961.4,29507.6,24145.2,1685.1,4992.6,7430.3,2110.0,584.4,914.1,6428.7,4202.8,155.7,643.8,449.9,602.1,179.3,2172.0,876.0,283.6,14139.6,490.1,3050.6,1559.1,162.3,523.4,1339.0,64.8,831.0,414.4,238.6,36.5,47.3,1086.9,161.8,77.4,61.7,429.2,546.4,80.1,1703.7,1235.3,14314.2
"서울",10020.4,3662.5,3337.1,10.9,700.8,199.4,140.9,366.0,1919.1,325.4,31.9,24.2,128.0,141.3,2975.7,1183.6,414.3,150.5,328.6,191.7,35.6,2.2,27.8,30.3,39.9,220.3,43.6,0.1,131.4,7.9,167.9,3382.2,9440.1,3509.1,3277.7,26.2,899.6,225.5,145.3,381.4,1599.7,231.4,35.7,29.3,45.1,121.3,2545.2,944.2,365.0,126.7,301.1,208.9,27.4,9.7,21.3,24.2,37.1,150.3,26.7,0.0,115.9,16.7,170.0,3385.8,9189.3,3258.3,3043.3,17.9,756.6,228.2,142.0,304.6,1594.0,215.0,48.3,37.5,32.2,97.0,2630.2,971.7,398.0,140.6,256.1,244.3,27.9,17.1,18.6,19.2,18.1,169.7,28.9,0.0,79.4,13.7,226.9,3300.8,8559.0,3079.0,2912.6,2.5,785.5,145.3,118.0,273.5,1587.8,166.4,27.1,24.6,19.2,95.5,2398.0,874.6,355.5,122.9,233.1,246.3,31.1,21.8,11.2,11.0,25.9,134.1,14.7,3.7,112.1,7.8,192.2,3082.0,9613.8,3206.1,3072.9,31.8,783.7,137.9,111.2,280.7,1727.6,133.2,24.4,23.8,14.1,70.9,3226.7,1410.3,470.0,192.8,301.1,313.9,17.0,8.8,1.1,0.0,9.8,195.5,58.8,0.0,127.0,8.0,112.6,3181.0,9438.7,2963.6,2813.4,56.7,927.0,154.9,108.3,326.8,1239.7,150.2,45.2,25.1,24.6,55.3,3309.3,1449.0,445.5,195.3,289.5,371.5,17.1,8.8,1.2,0.0,22.6,173.5,40.0,8.8,115.5,9.7,161.3,3165.8,9608.0,3089.6,2979.5,57.0,984.4,146.1,109.8,351.0,1331.2,105.9,28.4,19.6,15.7,42.2,4.2,3443.0,1399.9,445.0,203.5,307.8,442.1,25.4,18.6,2.7,0.7,12.5,33.9,159.7,40.0,6.7,105.3,35.3,203.9,3075.4,9217.3,3067.0,2892.1,88.1,920.0,199.7,151.0,483.9,1049.4,161.9,29.3,18.2,9.6,104.8,13.0,3278.6,1278.2,417.1,199.4,360.0,478.6,30.0,10.9,6.4,0.8,12.2,18.6,149.4,47.5,6.1,97.2,36.8,129.4,2871.7,9492.9,3075.2,2790.1,114.2,808.0,160.2,148.8,464.2,1094.7,268.7,61.8,43.0,40.4,123.5,16.4,3598.9,1185.1,369.2,192.8,284.2,520.8,38.5,10.8,4.7,1.4,12.0,16.1,154.7,35.7,6.1,75.7,33.8,505.4,151.9,2818.8,9847.4,3832.5,3393.3,137.4,807.0,783.4,201.8,69.8,113.3,1280.6,391.7,3.9,56.0,31.6,115.5,7.6,177.1,21.3,26.2,3208.6,210.0,747.5,438.0,51.2,124.4,286.2,2.5,211.2,128.7,20.3,1.1,11.6,97.4,51.2,24.1,0.0,23.3,84.4,32.4,554.3,108.8,2806.3
"부산",3221.9,1017.2,935.0,0.7,426.1,28.1,50.5,253.4,176.2,82.2,20.2,8.9,-,53.1,1430.3,700.9,188.7,35.9,123.4,25.4,1.0,-,-,-,0.9,182.5,0.8,0.3,0.3,0.5,169.7,774.4,3189.7,998.4,922.2,0.0,438.8,25.2,54.1,235.1,169.0,76.2,9.6,4.6,0.5,61.5,1417.0,701.7,181.7,66.5,116.0,32.5,0.3,0.1,0.0,0.0,1.7,184.7,0.1,0.3,0.0,0.0,131.4,774.3,3189.0,993.9,888.8,0.0,419.3,41.7,54.2,224.9,148.7,105.1,13.7,6.2,2.1,83.1,1417.4,674.5,188.6,64.9,149.1,56.1,0.7,2.7,0.3,0.0,0.6,180.5,0.0,14.3,2.2,0.0,82.9,777.7,3173.8,1003.6,917.5,0.0,405.4,33.2,58.1,235.0,185.8,86.1,8.5,4.9,1.1,71.6,1411.0,683.7,193.2,72.7,174.1,18.3,0.7,0.1,0.0,0.0,0.5,167.9,0.1,0.3,0.0,0.0,99.4,759.2,3397.8,1069.9,923.7,64.0,398.3,52.9,65.7,209.4,133.4,146.2,25.1,17.3,9.4,94.4,1540.6,734.0,198.6,69.0,157.7,51.6,3.1,1.5,4.6,0.0,1.8,190.2,0.2,0.4,0.1,0.0,127.8,787.3,3366.4,1123.3,966.7,59.5,370.9,41.5,20.8,243.3,230.7,156.6,21.1,18.3,0.0,117.2,1458.7,707.2,198.0,78.9,145.4,45.3,6.4,0.1,0.0,0.0,0.7,177.1,0.0,0.0,5.0,0.0,94.6,784.4,3352.2,1121.7,899.1,84.6,264.5,41.9,39.1,310.0,159.0,106.1,7.8,8.7,0.1,89.5,116.5,1447.7,710.6,187.6,65.0,52.4,83.1,5.0,17.6,0.5,0.0,0.0,1.9,192.1,0.1,0.4,0.0,0.0,131.4,782.8,3343.2,1142.2,920.3,63.5,260.3,31.2,32.3,363.3,169.7,120.3,3.0,6.2,0.0,111.1,101.6,1438.3,595.2,244.6,64.7,96.6,79.9,24.7,16.9,0.3,0.0,0.0,2.5,160.0,0.0,0.4,0.0,0.0,152.5,762.7,3337.2,1148.6,971.9,164.1,325.6,51.2,61.9,212.5,156.6,99.4,22.3,8.1,2.5,66.5,77.3,1436.4,588.3,54.4,56.0,204.4,270.8,27.4,18.7,0.5,0.0,0.0,1.4,25.2,12.1,0.4,0.0,0.0,160.6,16.2,752.2,3326.0,1128.9,1043.3,105.5,327.4,417.1,25.8,149.5,0.0,18.0,85.6,0.0,29.9,30.8,0.0,0.0,24.9,0.0,0.0,1432.5,0.3,638.6,157.8,16.9,15.2,168.0,0.8,60.4,75.0,22.4,0.7,1.7,101.2,10.3,13.9,0.0,0.7,0.0,0.5,126.8,21.3,764.6
"대구",2584.8,1139.4,709.5,1.5,151.0,61.0,35.4,148.0,312.6,429.9,57.5,22.2,30.8,319.4,815.7,237.4,186.7,111.3,104.6,25.7,26.7,4.3,-,-,2.5,62.9,6.8,2.6,19.2,-,25.0,629.7,2625.0,1181.0,707.3,0.0,189.8,58.2,24.5,151.9,282.9,473.7,60.0,22.7,39.0,352.0,833.0,190.6,170.1,77.7,101.0,70.9,8.6,6.0,0.6,0.0,1.8,100.2,20.9,1.5,31.2,1.6,50.3,611.0,2683.8,1308.8,781.7,0.0,173.8,62.5,30.0,200.1,315.3,527.1,62.2,21.0,18.2,425.7,779.8,177.3,142.1,60.2,108.9,56.3,9.1,3.7,0.3,0.0,3.8,76.4,20.7,7.5,60.5,1.1,51.9,595.2,2789.7,1382.6,875.7,0.0,164.7,114.2,34.7,215.9,346.2,506.9,74.3,20.0,1.9,410.7,815.2,233.5,149.5,61.8,101.6,73.7,4.6,3.1,0.6,0.0,3.9,79.9,16.4,0.9,31.1,3.8,50.8,591.9,2899.4,1450.7,855.2,27.2,210.9,55.8,20.1,231.6,309.6,595.5,66.2,37.8,2.3,489.2,832.6,270.8,117.4,53.0,88.0,90.9,7.6,0.4,1.1,0.0,3.9,88.5,16.3,0.7,25.0,0.4,68.7,616.1,2966.5,1528.4,997.3,0.0,243.7,71.9,41.1,282.5,358.1,531.1,87.4,37.7,22.7,383.3,812.1,250.6,104.4,65.1,89.1,75.5,4.1,0.6,0.3,0.0,2.8,93.8,18.8,0.1,37.8,0.4,68.7,626.0,2956.9,1476.0,1088.0,29.4,332.9,67.0,41.8,328.0,288.9,387.0,59.9,42.5,19.0,265.6,1.0,796.2,239.3,105.8,59.3,86.0,85.5,7.9,3.7,1.5,1.0,0.2,32.9,56.7,20.0,0.1,13.9,6.8,75.6,684.7,2895.4,1418.6,1284.2,68.7,266.8,54.2,35.9,320.3,538.3,134.4,27.6,22.1,14.0,70.7,0.0,801.6,218.5,105.1,50.3,78.3,100.3,7.8,3.6,0.7,1.4,0.0,26.8,47.4,20.4,0.0,69.3,1.5,70.2,675.2,3014.8,1424.6,1261.1,70.5,268.7,70.6,40.5,302.8,508.0,162.5,30.7,27.5,21.5,82.8,1.0,904.6,235.1,106.1,47.0,90.3,106.7,6.6,20.8,0.9,5.2,0.0,24.1,48.6,32.4,0.0,40.9,2.4,102.7,34.8,685.6,2938.1,1370.2,1232.3,69.2,258.8,288.0,38.4,8.3,48.8,520.8,129.2,0.2,26.7,18.5,8.3,2.5,73.0,8.7,0.0,857.7,35.1,159.7,55.1,9.9,53.9,158.4,1.9,92.0,31.3,16.5,1.1,0.8,56.8,27.3,11.5,0.0,0.9,7.4,2.2,119.4,16.5,710.2
"인천",2317.4,951.5,743.2,0.6,126.2,47.1,24.8,64.0,480.5,208.3,20.2,23.0,56.1,109.0,675.6,155.8,82.7,21.0,32.8,42.3,1.2,0.4,1.3,-,55.4,83.1,2.8,0.1,2.2,2.4,192.1,690.3,2177.6,846.5,668.8,0.4,110.4,29.3,17.6,37.2,473.9,177.7,17.3,17.7,37.8,104.9,646.7,100.5,73.9,9.2,29.6,48.8,1.7,0.2,0.5,0.0,0.6,100.3,2.3,0.1,10.2,2.5,266.3,684.4,2070.7,881.2,743.9,0.0,167.0,48.6,22.5,79.2,426.6,137.3,12.7,13.6,37.5,73.5,496.7,71.6,43.7,7.5,24.1,120.0,3.4,3.0,0.5,0.0,11.3,76.3,2.0,1.0,10.4,0.0,121.9,692.8,2412.7,1447.0,1191.4,2.9,126.5,531.6,48.4,58.8,423.2,255.6,10.8,12.9,138.0,93.9,297.8,39.3,37.1,4.9,21.5,89.9,2.1,0.2,0.0,0.0,0.9,55.8,1.7,0.8,8.2,0.0,35.4,667.9,1746.0,934.0,706.6,4.7,124.3,60.8,45.9,70.5,400.3,227.4,11.7,15.0,93.1,107.6,171.2,11.4,23.1,2.1,11.4,77.3,1.1,0.3,0.2,0.0,0.8,1.4,0.0,2.1,5.6,0.0,34.4,640.8,1897.5,1036.6,705.7,21.1,132.1,77.2,38.3,58.1,378.9,330.9,17.8,84.7,76.9,151.5,140.7,13.1,25.3,2.6,9.5,42.4,1.1,1.0,3.2,0.0,3.8,4.3,0.0,2.0,1.6,0.1,30.7,720.2,2389.5,1313.7,893.4,18.1,199.2,135.3,41.0,115.8,384.0,416.0,18.3,18.7,288.8,90.2,4.3,351.8,110.5,49.0,13.6,35.1,70.6,7.2,5.1,0.5,0.0,0.0,2.8,13.7,14.6,2.4,3.5,0.1,23.1,724.0,2280.1,1168.4,834.6,41.6,181.1,54.1,33.2,183.1,341.5,330.3,21.5,33.3,76.9,198.6,3.5,423.9,119.0,33.4,14.5,40.0,82.9,7.7,4.0,0.8,0.6,0.0,1.9,14.5,13.4,2.0,4.0,0.2,85.0,687.8,2775.4,1480.0,913.2,44.6,187.6,52.5,30.8,223.8,373.9,561.6,49.5,41.4,262.9,207.8,5.2,560.5,128.2,32.0,18.3,57.8,93.7,6.7,17.6,0.5,2.3,0.0,3.1,10.9,16.1,2.0,1.6,0.1,84.1,85.5,734.9,2999.0,1678.7,1398.1,126.2,208.1,410.0,48.9,20.3,42.3,542.3,268.1,1.2,24.0,17.0,16.5,2.3,207.1,11.6,0.9,458.2,14.1,61.3,84.3,4.7,17.9,39.5,2.9,23.3,11.0,6.5,0.5,0.7,7.9,9.5,1.1,0.0,2.0,18.8,1.6,65.2,85.4,862.1
"광주",1396.9,524.5,449.4,-,138.2,73.4,11.0,80.6,146.2,75.1,14.6,6.1,16.9,37.5,395.2,48.4,41.7,23.9,50.0,37.3,3.2,0.3,1.6,-,0.6,77.7,9.0,3.5,46.5,4.0,47.5,477.2,1333.9,467.6,395.3,0.0,117.9,75.6,11.0,75.0,115.8,72.3,9.7,6.7,16.8,39.1,393.9,46.9,31.1,29.8,46.5,29.1,0.4,0.1,1.5,0.0,0.8,95.4,8.9,2.1,42.4,0.1,58.8,472.4,1328.8,502.0,422.1,0.0,130.2,81.9,13.4,82.5,114.1,79.9,11.4,6.4,17.1,45.0,382.2,59.5,40.7,21.3,51.0,60.0,0.6,0.3,0.8,0.0,0.5,64.4,8.1,0.2,1.3,0.2,73.3,444.6,1327.0,501.4,369.1,0.0,100.1,27.9,26.5,98.2,116.4,132.3,20.3,16.3,39.9,55.8,382.8,62.3,39.4,21.8,59.5,59.9,1.4,0.2,0.7,0.1,1.1,64.5,8.7,0.3,5.4,0.4,57.1,442.8,1316.4,474.8,348.8,16.2,112.4,22.7,18.0,98.3,81.2,126.0,20.3,27.8,37.8,40.1,342.7,25.2,45.5,14.6,55.6,52.9,7.2,0.4,0.3,0.0,1.3,66.1,5.4,0.1,20.6,0.4,47.1,498.9,1272.9,485.6,412.2,33.5,173.8,33.6,12.8,125.7,32.8,73.4,0.2,17.4,2.2,53.6,250.6,37.2,30.1,12.5,40.1,68.6,3.8,0.2,0.2,0.0,0.6,30.4,2.4,0.1,8.7,0.1,15.6,536.7,1247.2,509.3,416.4,33.1,154.8,24.8,15.0,121.9,66.8,92.2,0.4,35.3,26.8,29.7,0.7,211.8,20.8,23.7,13.8,40.1,61.0,2.4,2.1,0.2,0.2,0.0,3.5,24.4,1.0,0.1,11.3,3.6,3.6,526.1,1269.1,567.6,414.8,78.9,147.1,25.1,9.2,97.3,57.2,134.0,12.1,9.2,15.0,97.7,18.8,200.3,6.0,19.2,3.0,29.0,63.1,2.4,1.9,0.2,0.3,0.0,3.5,2.1,5.6,0.0,1.6,3.0,59.4,501.2,1272.3,568.9,374.9,60.2,114.3,28.2,14.1,97.7,60.4,175.5,17.2,11.2,16.8,130.3,18.5,194.3,12.8,18.7,2.9,52.1,40.0,3.1,0.4,0.3,0.1,0.0,2.4,3.2,5.3,0.2,0.1,3.1,12.2,37.4,509.1,1368.3,746.4,642.1,36.8,93.0,169.6,86.6,2.9,21.7,231.5,57.5,0.1,9.7,7.3,2.3,0.8,37.3,13.2,33.6,118.4,0.2,10.7,27.3,2.7,15.2,4.5,0.3,10.0,3.0,4.1,0.1,0.5,1.1,0.5,0.0,0.4,0.4,0.0,0.1,29.8,7.5,503.5
"대전",1557.6,569.1,465.3,-,64.6,14.9,7.0,68.0,310.8,103.8,4.6,26.2,33.8,39.2,495.8,155.8,88.6,20.9,66.2,45.7,2.4,0.3,0.5,-,0.7,54.7,2.2,0.5,-,-,57.3,492.7,1519.2,539.6,447.8,13.1,35.4,36.8,24.8,53.3,284.4,91.8,20.1,12.4,28.1,31.2,482.8,150.4,91.3,17.0,60.1,66.8,1.9,0.3,1.2,0.0,0.7,59.0,2.4,0.7,0.0,0.8,30.2,496.8,1468.9,540.8,449.1,0.0,129.4,47.4,33.7,107.7,130.9,91.7,6.1,10.9,4.4,70.3,491.1,159.1,93.2,15.4,51.0,79.5,0.8,0.5,1.4,0.0,0.6,85.0,0.2,1.6,0.0,0.0,2.8,437.0,1473.4,557.8,486.2,0.0,152.0,76.0,30.2,110.8,117.2,71.6,8.6,8.9,6.4,47.7,506.7,149.9,99.6,31.6,66.5,83.3,0.5,0.5,1.1,0.0,0.5,54.3,0.1,0.8,0.0,0.0,18.0,408.9,1451.2,554.4,495.1,38.8,132.8,63.5,31.1,92.7,136.2,59.3,6.9,8.5,5.4,38.5,496.7,137.3,97.4,23.8,57.3,91.9,0.1,0.3,0.4,0.0,0.8,44.1,0.0,1.4,0.0,0.0,41.9,400.1,1589.8,571.8,504.2,22.6,138.5,36.2,27.5,90.4,189.0,67.6,13.5,10.1,4.3,39.7,538.7,153.6,86.0,26.3,63.4,116.7,0.6,0.4,0.4,0.0,0.8,51.3,0.0,1.6,2.9,0.0,34.7,479.3,1628.5,625.5,490.2,27.3,140.8,28.8,29.0,96.5,167.8,92.8,22.7,9.6,5.7,54.8,42.5,527.8,151.1,83.5,35.3,51.8,117.2,1.1,0.8,0.4,0.9,0.0,1.2,51.5,0.0,2.9,6.2,0.1,23.8,475.2,1664.0,677.5,549.9,60.1,146.1,25.3,29.9,110.7,177.8,116.7,32.9,14.6,11.5,57.7,10.9,524.2,151.6,79.7,35.2,54.3,126.7,1.5,0.8,0.4,0.8,0.0,1.9,52.6,0.0,2.9,6.5,0.9,8.4,462.3,1611.3,629.8,538.2,38.2,148.1,56.0,25.1,108.9,161.9,75.5,13.7,8.8,17.0,36.0,16.1,519.1,138.8,70.7,18.8,73.0,86.2,1.6,1.6,0.4,0.9,0.0,0.9,36.0,0.0,0.6,6.1,0.2,53.9,29.4,462.4,1457.2,710.8,610.7,34.9,132.4,135.3,24.1,12.1,27.4,244.5,64.0,3.5,13.2,10.5,4.3,4.8,27.7,34.2,1.9,267.8,6.3,37.2,78.9,2.0,12.8,10.3,2.1,23.1,9.2,2.6,0.6,1.3,9.2,0.7,0.0,0.0,0.6,2.7,0.1,44.5,23.6,478.6
"울산",1091.0,343.2,296.3,13.7,82.7,20.5,21.2,55.7,102.5,46.9,11.5,5.2,16.3,13.9,446.8,115.7,57.9,44.8,44.8,40.5,1.0,0.1,-,0.1,1.1,83.7,7.8,1.2,6.2,-,41.9,301.0,1191.3,434.1,357.8,0.0,100.2,32.4,27.3,61.6,136.3,76.3,15.4,5.8,22.2,32.9,429.8,102.6,47.3,44.9,29.1,41.2,2.0,0.2,1.8,0.1,0.6,98.6,8.0,1.7,8.7,0.1,42.9,327.4,1280.4,507.2,381.6,0.0,104.3,63.8,28.2,73.4,111.9,125.6,26.5,9.6,39.9,49.6,441.3,102.0,49.8,45.5,24.6,49.0,6.4,0.1,0.0,0.1,0.4,103.9,8.1,2.0,5.3,2.0,42.1,331.9,1234.2,463.7,343.4,0.0,99.6,49.5,26.8,71.5,96.0,120.3,12.3,4.9,78.3,24.8,443.5,102.1,51.0,45.6,20.0,51.3,4.6,0.2,0.0,0.1,0.3,105.8,7.6,2.5,5.9,2.0,44.5,327.0,1449.3,662.0,486.7,0.0,89.5,50.9,25.1,83.4,237.8,175.3,14.9,6.9,49.8,103.7,429.5,107.5,52.5,46.7,20.1,37.5,2.8,0.2,3.2,0.1,0.6,103.3,8.9,2.8,5.5,1.1,36.7,357.8,1551.5,715.9,503.1,0.0,88.7,44.8,25.5,84.0,260.1,212.8,9.4,4.8,53.9,144.7,468.5,107.5,56.7,51.0,20.7,53.7,3.5,0.1,0.2,0.0,0.6,104.7,9.7,2.6,0.9,0.1,56.5,367.1,1591.4,817.1,557.1,4.5,96.2,73.0,26.4,108.3,248.7,151.6,13.5,7.8,11.7,118.6,108.4,422.2,106.7,55.5,48.8,23.2,39.7,0.7,4.0,0.1,0.3,0.0,45.0,64.4,8.8,2.9,1.8,0.4,19.9,352.1,1509.8,760.0,548.9,9.6,114.5,85.8,15.4,136.1,187.5,153.9,24.4,18.9,16.8,93.8,57.2,404.0,106.6,51.3,44.8,22.4,38.8,2.8,3.3,0.1,0.3,0.0,43.2,57.7,7.7,2.8,1.5,0.1,20.6,345.8,1550.2,823.9,591.0,8.4,85.1,67.4,15.2,125.0,289.9,209.1,45.3,31.5,29.1,103.2,23.8,378.5,85.2,53.8,31.3,34.2,30.0,3.5,1.6,0.1,0.3,0.0,0.6,42.3,2.6,2.2,0.0,0.1,54.5,36.2,347.8,1622.3,890.2,578.3,10.1,86.2,145.0,78.8,10.8,16.0,231.4,146.4,0.0,28.2,22.3,11.5,10.4,74.0,156.3,9.2,386.6,19.7,61.2,43.6,4.6,18.9,17.6,0.0,40.7,23.6,8.9,0.2,1.4,48.8,4.7,0.0,0.5,4.8,0.0,0.1,53.5,33.8,345.5
"세종",-,-,-,-,-,-,-,-,-,-,-,-,-,-,-,-,-,-,-,-,-,-,-,-,-,-,-,-,-,-,-,-,-,-,-,-,-,-,-,-,-,-,-,-,-,-,-,-,-,-,-,-,-,-,-,-,-,-,-,-,-,-,-,-,74.0,53.9,36.4,14.1,2.9,4.5,1.7,6.6,6.6,17.5,0.3,1.2,11.2,4.8,10.9,2.2,1.8,1.0,0.6,1.4,0.9,0.1,0.2,0.0,0.1,0.6,0.1,0.5,1.4,0.0,0.0,9.2,724.2,688.8,680.8,12.8,4.6,599.7,1.4,15.7,46.6,8.0,0.4,0.2,4.2,3.2,13.1,1.3,2.0,1.0,1.0,1.9,1.5,0.0,0.0,0.0,0.1,0.7,0.0,1.4,1.2,0.0,1.0,22.3,120.2,93.8,62.5,5.1,16.6,9.5,0.5,16.2,14.6,31.3,1.6,1.2,1.6,26.9,10.6,1.5,2.0,0.4,1.1,0.5,0.0,0.0,0.1,0.0,0.1,0.8,0.0,0.3,3.3,0.1,0.4,15.8,161.6,107.3,87.8,6.8,23.5,13.0,0.7,27.3,16.5,19.5,1.7,1.9,2.1,13.8,30.0,1.3,1.2,0.2,4.7,16.6,0.0,0.0,0.0,0.0,0.0,0.3,1.2,0.0,0.0,0.2,4.3,24.3,176.8,108.4,86.0,8.3,27.1,8.1,0.9,25.5,16.1,22.4,2.2,1.6,2.2,16.4,0.0,29.1,9.9,0.8,0.4,0.4,14.0,0.1,0.0,0.0,0.0,0.0,0.1,0.7,0.0,0.8,0.0,1.9,0.0,39.3,241.9,185.4,152.2,7.7,31.4,23.2,1.4,48.3,40.2,33.2,2.9,1.9,4.1,24.3,0.0,11.9,0.3,0.7,0.3,0.5,8.7,0.0,0.4,0.0,0.1,0.0,0.0,0.5,0.0,0.0,0.3,0.1,0.0,44.6,404.3,224.7,186.4,33.0,59.3,11.5,2.1,56.6,23.9,38.3,0.6,0.3,4.1,33.3,0.0,125.5,14.9,0.8,0.3,0.9,13.6,0.1,0.3,0.0,0.2,0.0,0.0,88.6,0.0,0.0,0.5,0.1,4.9,0.3,54.1,435.4,224.7,134.5,6.2,32.5,37.1,2.8,1.5,4.8,49.6,12.7,0.7,3.6,2.2,0.3,0.1,5.8,77.4,0.1,154.8,1.2,31.1,3.5,1.1,3.5,4.7,0.6,8.1,1.8,0.7,0.1,0.2,77.9,0.0,0.3,0.0,0.8,14.8,0.0,4.2,0.2,55.9
"경기",10362.4,4584.3,3982.8,-,1292.4,822.2,230.9,564.4,1072.9,601.5,34.1,32.8,179.5,355.1,2770.2,897.0,488.4,149.4,295.8,241.2,44.1,1.0,3.3,-,16.6,188.0,46.9,46.9,60.7,21.3,269.6,3007.9,10798.2,5001.2,4281.5,3.4,1266.9,925.5,185.6,568.4,1331.7,719.7,23.3,31.2,312.1,353.1,2871.2,881.0,499.0,148.8,298.0,269.1,40.5,9.6,3.4,0.0,4.3,204.8,60.5,62.8,81.1,23.3,285.0,2925.8,10428.2,4654.3,4142.9,0.9,1255.2,694.8,299.1,659.8,1233.1,511.4,16.7,19.5,145.5,329.7,2836.9,865.0,504.4,156.4,320.4,301.4,47.2,13.9,1.8,0.0,6.4,225.4,47.8,38.5,53.6,3.6,251.1,2937.0,9919.2,4684.6,4140.6,29.8,1355.9,480.5,210.2,760.4,1303.8,544.0,36.4,31.0,181.7,294.9,2438.1,597.2,452.5,137.0,252.1,326.5,37.7,14.2,0.6,0.0,13.2,196.1,32.0,41.7,72.5,8.0,256.8,2797.5,10452.1,5129.3,4469.7,75.2,1408.8,576.7,210.5,904.6,1293.9,659.6,91.7,21.6,270.3,276.0,2344.8,572.7,439.4,138.6,234.5,373.6,22.2,6.8,0.7,0.0,6.3,168.4,65.7,34.7,96.4,26.6,158.2,2978.0,11467.1,5885.5,4784.1,355.5,1293.2,607.0,285.4,1026.0,1217.0,1101.4,104.7,39.4,194.8,762.5,2310.6,652.8,429.6,158.5,206.2,332.2,25.2,6.3,1.3,0.0,9.0,152.8,36.2,30.1,108.0,16.9,145.5,3271.0,12069.5,6224.0,5068.4,351.3,1239.6,523.5,429.3,1200.8,1323.9,1131.5,52.1,68.5,361.3,649.6,24.1,2485.6,605.3,405.0,158.1,225.7,466.9,44.3,23.7,10.4,2.9,0.1,42.6,123.6,22.7,25.4,170.1,20.2,138.6,3359.9,11605.3,5553.6,4548.7,399.5,1089.3,431.3,316.6,1130.3,1181.7,881.2,100.8,74.4,240.7,465.3,123.7,2399.0,355.7,324.8,84.6,216.3,697.3,35.7,25.8,3.2,2.3,0.0,30.3,90.1,17.2,25.6,221.2,14.6,254.3,3652.7,12406.1,6084.4,4917.1,544.6,1133.4,506.5,343.7,1412.5,976.4,944.5,145.2,106.6,165.7,527.0,222.8,2810.1,347.5,314.3,103.2,301.1,667.6,39.9,49.6,2.4,11.5,0.0,24.3,122.1,13.6,26.4,323.0,4.7,242.1,216.8,3511.6,13196.9,7327.2,5989.3,496.7,1050.5,2183.2,659.5,133.7,263.2,1202.5,1127.1,43.3,151.6,105.6,213.8,14.2,598.6,160.7,50.1,2666.7,5.4,404.4,366.5,33.2,86.7,426.4,11.3,113.2,29.3,48.2,3.9,6.8,86.4,2.6,24.6,0.6,51.9,292.8,24.2,302.6,345.7,3203.0
"강원",2379.5,1280.1,996.1,13.0,202.3,228.2,46.2,147.3,359.1,284.0,25.4,32.7,89.3,136.6,782.4,212.6,120.5,89.6,36.1,40.4,4.7,0.3,8.2,-,1.2,140.4,7.9,44.8,23.9,0.8,51.0,317.0,2208.5,1153.3,865.5,9.4,201.6,105.8,54.3,149.3,345.1,287.8,27.1,34.0,65.9,160.8,756.1,201.1,102.0,86.7,39.0,34.2,5.6,6.4,4.9,5.7,1.5,143.0,6.4,47.3,27.8,8.4,36.1,299.1,2175.3,1161.6,871.2,37.1,193.8,101.1,57.2,146.5,335.5,290.4,33.2,41.6,66.3,149.3,744.5,204.6,79.7,79.9,43.0,31.1,23.2,2.2,4.7,5.1,1.6,156.5,7.4,41.2,30.7,0.9,32.7,269.2,2100.6,1113.0,834.9,3.3,230.7,77.4,54.2,124.8,344.5,278.1,31.3,42.7,74.6,129.5,694.0,215.5,67.4,67.9,41.5,27.3,5.2,1.7,4.5,5.1,0.5,163.0,7.8,37.2,19.9,0.6,28.9,293.6,2104.1,1095.4,858.5,28.6,203.3,87.0,47.0,175.5,317.1,236.9,27.2,28.0,62.0,119.7,686.8,209.2,63.3,75.3,45.2,25.7,6.5,1.1,3.4,4.6,1.7,146.3,6.1,41.4,16.0,0.2,40.8,321.9,2031.6,1055.9,831.3,51.9,224.0,46.8,37.5,140.3,330.8,224.6,23.8,22.0,40.5,138.3,582.8,166.0,42.1,56.4,36.0,42.3,13.2,1.7,2.4,4.8,6.1,109.9,5.5,40.6,23.8,0.2,31.8,392.9,2179.1,1176.5,904.4,54.0,218.5,68.0,31.9,126.8,405.2,267.8,29.7,26.5,44.0,167.6,4.3,574.2,160.9,41.3,56.0,36.0,33.4,1.2,7.9,0.8,14.0,13.9,2.6,91.8,5.6,34.4,25.9,0.6,47.9,428.4,2333.5,1205.7,893.1,60.4,224.2,52.8,33.0,163.6,359.1,311.2,35.1,32.9,32.9,210.3,1.4,703.3,275.7,40.2,57.1,34.5,44.3,2.0,8.5,0.5,21.7,16.6,1.9,42.0,20.8,58.6,24.9,0.5,53.5,424.5,2372.3,1183.7,902.5,77.4,247.3,64.9,42.5,188.3,282.1,281.2,49.9,38.9,20.5,171.9,0.0,735.0,267.9,46.6,53.4,32.4,84.5,1.4,5.8,0.1,32.9,13.3,0.6,39.8,18.5,37.9,12.3,0.9,53.1,33.6,453.6,2250.9,1309.2,920.4,58.9,248.8,284.7,54.8,16.3,32.3,224.6,338.6,48.2,38.6,27.0,18.0,34.5,172.3,40.3,9.9,502.1,2.2,170.3,25.4,3.7,21.0,21.9,0.0,45.6,10.3,8.2,0.0,0.2,19.9,20.8,0.8,15.4,22.6,7.0,0.0,63.9,42.9,439.6
"충북",1774.8,790.4,523.0,38.7,178.6,96.5,21.0,50.6,137.6,267.4,9.9,8.5,118.1,130.9,588.3,170.2,40.5,18.3,75.4,42.9,25.6,-,-,-,2.1,138.4,5.3,41.3,7.9,1.6,18.8,396.1,1754.0,774.8,535.1,23.7,183.2,91.1,17.5,48.2,171.4,239.7,17.0,6.0,112.8,103.9,646.2,159.4,52.7,18.4,60.5,55.8,21.8,0.8,0.0,0.0,0.8,142.7,5.6,37.6,17.0,0.0,73.1,333.0,1773.5,737.7,511.2,9.9,191.7,55.5,19.6,69.8,164.7,226.5,10.1,13.0,91.6,111.8,716.8,226.6,43.0,13.9,59.9,76.5,24.8,9.5,0.0,0.6,0.8,143.2,6.6,40.8,15.3,0.1,55.2,319.0,1764.1,733.6,492.0,12.2,179.5,69.8,29.4,78.5,122.6,241.6,8.4,9.9,113.0,110.3,748.1,274.9,41.7,16.2,54.1,59.5,2.5,23.5,0.0,0.0,4.8,123.2,7.1,67.7,13.4,0.2,59.3,282.4,1943.0,775.3,532.7,26.7,168.3,88.1,22.6,82.1,144.9,242.6,7.6,7.7,76.7,150.6,806.3,202.4,43.0,13.6,59.8,64.2,1.7,23.8,0.0,0.0,95.5,124.4,6.4,64.7,7.8,0.2,98.8,361.4,1680.6,733.3,595.3,68.0,189.5,39.2,18.8,144.1,135.7,138.0,17.9,15.3,23.8,81.0,525.6,120.2,41.8,12.6,53.6,34.0,1.3,0.2,0.0,0.0,1.1,100.6,5.2,45.1,10.3,3.4,96.2,421.7,2114.4,900.9,677.7,112.1,220.4,27.8,20.2,158.8,138.4,140.9,39.5,24.5,10.7,66.2,82.3,795.1,393.6,19.9,18.4,27.3,28.0,0.8,0.8,0.1,0.0,0.1,0.6,155.8,7.5,62.5,12.0,0.1,67.6,418.4,2032.9,964.7,709.3,87.0,186.3,28.7,35.3,166.7,205.3,141.3,20.6,11.5,7.1,102.1,114.1,622.4,236.8,19.8,14.9,32.2,25.5,5.7,1.4,0.1,0.0,0.0,0.8,106.6,7.5,80.9,8.0,0.5,81.7,445.8,2163.1,1045.1,725.9,82.7,196.2,41.3,30.7,168.2,206.8,175.3,24.2,11.5,12.0,127.6,143.9,668.1,250.3,19.6,19.6,17.8,98.9,6.0,1.5,0.2,0.3,0.0,0.3,46.8,8.8,60.4,32.9,2.9,17.7,84.1,449.9,2274.4,1257.7,868.9,85.8,207.7,233.1,75.3,8.4,30.7,227.9,249.3,19.7,32.5,17.3,9.7,53.8,116.3,72.3,67.2,567.2,4.2,158.7,85.0,3.8,15.2,20.7,0.1,19.5,9.9,3.3,0.1,0.7,85.8,11.4,0.0,3.4,57.7,3.7,5.5,38.4,40.1,449.5
"충남",2461.3,1013.9,739.4,39.8,218.7,126.7,48.8,161.7,143.7,274.5,47.8,45.9,41.9,138.9,1031.0,245.5,86.0,32.9,49.3,44.6,11.0,4.4,1.0,0.2,6.5,439.7,8.2,42.7,5.4,0.5,53.1,416.4,2404.0,1100.7,817.0,104.1,178.3,166.7,78.6,127.5,161.8,283.7,43.0,45.3,26.8,168.6,860.6,185.2,73.0,21.5,40.9,33.1,7.6,0.8,0.8,0.2,29.4,346.7,9.0,39.8,9.7,0.1,62.8,442.7,2411.5,1044.1,764.7,18.9,200.7,82.8,54.0,186.8,221.5,279.4,43.9,52.2,27.5,155.8,904.7,178.1,46.9,19.9,39.1,26.9,6.1,1.6,0.7,0.3,5.2,430.1,5.3,64.2,6.8,0.0,73.5,462.7,2582.6,1086.0,731.9,44.0,220.7,83.7,62.9,170.3,150.3,354.1,44.8,52.1,27.8,229.4,1040.5,180.3,59.2,18.3,37.4,85.8,7.6,1.3,1.1,0.3,2.1,494.6,5.8,62.0,6.4,0.4,77.9,456.1,2482.8,1135.0,940.9,41.8,328.0,59.0,67.3,209.8,235.0,194.1,33.4,27.6,42.9,90.2,883.9,103.3,46.5,14.1,34.9,32.0,10.0,1.0,15.0,0.3,1.2,328.3,8.0,57.5,9.4,0.4,222.0,463.9,2579.1,1178.0,921.5,86.9,233.1,92.9,47.3,222.4,238.9,256.5,31.8,21.2,50.3,153.2,855.9,178.8,42.0,13.6,37.7,38.0,7.8,0.3,3.1,0.4,1.1,265.1,8.0,62.8,5.0,0.1,192.1,545.2,2502.0,1225.7,1010.2,125.1,285.3,114.6,56.4,276.5,152.3,210.3,40.7,30.1,20.0,119.5,5.2,725.7,79.4,39.7,13.2,38.1,57.2,9.3,6.3,0.2,0.3,0.1,2.8,241.3,16.3,59.6,12.4,7.3,142.2,550.6,2718.3,1344.4,1130.6,128.2,250.3,127.5,41.2,258.5,324.9,207.4,51.5,30.1,16.3,109.5,6.4,814.6,134.4,28.3,11.1,34.0,143.1,8.1,9.0,0.4,0.5,0.0,10.6,259.9,16.7,52.3,15.0,1.0,90.2,559.3,2961.9,1440.4,1183.1,115.7,263.2,166.0,98.6,333.8,205.8,254.6,53.6,17.4,50.7,132.9,2.7,892.4,168.0,34.4,12.6,45.9,82.2,7.6,17.2,1.4,0.3,0.0,11.7,365.6,25.7,41.9,8.8,2.4,25.2,41.5,629.1,2822.4,1454.4,1164.1,131.5,279.7,330.6,138.6,46.3,68.8,168.6,242.5,13.5,38.4,24.3,47.0,9.5,109.8,46.7,1.1,765.5,5.3,144.8,87.3,4.3,14.1,46.3,0.7,25.3,10.0,48.5,0.4,0.7,169.9,9.7,0.2,33.6,41.4,7.9,3.8,67.6,43.7,602.5
"전북",1592.6,623.6,493.4,10.4,157.5,72.4,35.1,91.5,126.5,130.2,12.2,13.3,38.9,65.8,387.2,108.4,57.2,23.4,47.0,23.7,3.7,0.2,0.1,-,1.1,20.0,17.3,47.5,29.9,0.9,6.8,581.8,1830.6,782.9,538.8,7.5,165.8,57.2,55.6,101.7,151.0,244.1,17.2,18.2,38.0,170.7,456.2,108.6,54.5,21.9,76.7,52.8,4.3,0.0,0.1,0.0,0.5,18.4,18.6,50.0,28.5,0.7,20.6,591.5,1796.4,788.6,659.3,6.1,190.2,60.2,48.1,130.0,224.7,129.3,18.4,20.2,30.3,60.4,486.6,104.8,56.2,21.1,52.0,35.7,3.3,0.4,0.1,0.0,1.4,19.2,19.4,53.5,25.0,0.5,94.0,521.2,1656.3,722.6,592.7,5.5,190.8,68.8,57.4,121.1,149.1,129.9,26.9,26.7,29.4,46.9,413.8,107.2,48.9,18.9,49.2,59.5,3.1,0.3,2.7,0.0,1.2,17.8,7.2,47.0,40.0,1.2,9.6,519.9,1705.0,757.7,645.7,18.3,203.5,70.5,67.6,119.4,166.4,112.0,22.3,22.7,21.1,45.9,391.5,143.8,29.4,7.2,28.8,22.4,5.2,0.5,1.2,0.0,24.9,15.5,0.6,50.4,12.7,0.3,48.6,555.8,1831.2,841.0,684.2,35.5,211.1,53.1,52.4,163.7,168.4,156.8,21.2,18.8,15.8,101.0,379.4,141.3,25.5,7.2,40.9,14.9,3.3,0.0,1.0,0.0,1.2,4.7,0.4,46.9,16.5,0.2,75.4,610.8,1847.5,875.2,734.4,72.8,231.5,28.1,25.2,185.5,191.3,119.6,37.6,21.1,14.4,46.5,21.2,365.5,98.6,27.8,6.3,55.5,16.2,0.7,4.3,0.2,0.9,0.0,2.6,15.0,2.0,41.4,20.3,0.1,73.6,606.8,1916.2,941.9,742.5,84.6,210.5,51.1,24.3,181.4,190.6,175.8,46.3,27.9,16.2,85.4,23.6,389.5,97.9,27.0,7.5,83.0,25.4,2.4,4.7,0.4,0.6,0.0,2.9,11.9,2.9,39.0,18.6,0.1,65.2,584.8,2109.4,934.2,787.0,36.5,254.6,58.5,35.9,210.6,190.9,125.0,27.5,26.0,14.1,57.4,22.2,515.2,145.1,23.9,7.0,78.2,29.9,2.1,5.2,0.6,0.6,0.0,1.8,35.9,3.1,41.5,50.1,0.2,37.9,52.1,660.0,2050.6,1133.1,867.7,69.8,217.5,242.8,102.4,17.9,55.1,162.2,176.9,6.6,39.9,34.5,14.2,7.5,74.2,71.4,17.1,413.7,4.9,32.6,25.7,5.2,25.2,10.2,1.0,29.5,6.2,5.7,2.7,1.5,44.2,2.2,0.6,3.0,36.3,28.7,1.9,63.7,82.7,503.8
"전남",1810.5,1179.8,994.5,15.1,266.3,65.0,37.3,153.3,457.5,185.3,13.6,19.5,25.2,127.0,236.7,36.6,19.8,9.2,15.0,16.9,4.6,1.1,0.6,-,3.2,26.9,3.8,72.7,7.3,1.8,17.2,394.0,1828.8,1186.0,997.4,12.1,263.5,94.4,34.6,168.8,424.0,188.6,16.4,19.9,29.8,122.5,253.8,28.9,13.7,8.1,19.0,16.9,8.1,0.5,0.6,0.1,0.9,26.8,3.6,104.1,14.9,0.6,7.0,389.0,2181.3,1223.3,1052.1,13.3,302.9,94.8,50.6,185.7,404.8,171.2,19.1,12.5,32.0,107.6,571.8,201.0,26.4,10.7,69.1,32.8,7.1,2.0,1.6,0.5,1.4,82.9,4.9,94.1,23.2,0.5,13.6,386.2,2046.6,1183.2,993.0,18.4,339.3,80.9,34.6,200.7,319.1,190.2,70.1,16.6,26.5,77.0,490.3,122.2,66.2,15.6,48.0,34.8,6.8,0.8,1.6,0.5,0.9,73.4,5.2,89.1,5.7,0.6,18.9,373.1,2009.7,1119.9,946.4,49.9,348.9,55.6,58.7,176.7,256.6,173.5,22.8,21.8,36.0,92.9,462.1,74.7,26.5,13.9,34.3,65.9,5.5,1.1,0.6,0.2,1.0,53.7,4.0,88.4,3.7,0.6,88.0,427.7,1948.6,1040.3,891.7,87.6,303.3,44.9,41.9,199.3,214.7,148.6,25.1,26.1,25.5,71.9,428.1,66.7,24.4,12.8,32.6,61.2,5.7,0.6,0.6,0.2,1.0,35.9,5.1,84.9,4.6,0.6,91.2,480.2,1966.8,1094.7,932.7,100.1,298.3,56.4,51.9,232.1,193.9,157.9,30.8,31.4,17.4,78.3,4.1,367.2,69.0,24.3,12.6,29.2,38.2,4.0,6.0,1.4,0.1,0.0,1.2,30.4,5.2,69.1,9.0,0.3,67.2,504.9,1983.0,1142.5,910.5,78.6,237.3,64.4,53.8,202.4,274.0,221.1,34.2,31.3,39.3,116.3,10.9,329.7,57.3,22.8,13.3,31.6,35.5,3.2,6.6,2.3,0.2,0.0,1.6,28.8,7.7,72.5,5.9,0.1,40.3,510.8,2066.8,1136.4,896.9,91.5,245.1,58.7,47.6,232.5,221.5,221.8,43.2,33.0,39.5,106.1,17.7,393.9,102.3,17.5,11.6,17.3,44.5,2.9,5.4,0.1,0.1,0.0,1.6,27.8,1.8,88.5,10.6,0.0,8.8,53.1,536.5,2097.8,1345.3,1154.7,63.4,280.9,319.0,81.5,18.3,37.5,354.1,176.0,5.3,30.0,20.3,5.6,2.6,112.2,10.4,4.2,198.3,2.9,28.1,4.8,1.5,10.3,5.9,0.2,11.6,5.3,7.2,0.4,1.0,7.4,1.9,0.0,1.2,71.5,0.9,0.7,31.4,4.1,554.2
"경북",2679.1,1322.5,1039.8,9.4,298.2,157.2,58.3,142.0,374.7,282.7,26.5,34.2,63.9,158.1,754.9,217.3,49.9,24.1,33.5,16.3,12.0,0.7,-,-,1.8,113.9,10.9,96.7,11.3,1.6,164.9,601.7,2594.2,1405.6,1117.0,17.7,327.9,187.3,63.1,160.0,361.0,288.6,23.6,33.1,60.1,171.8,627.4,188.9,51.1,15.7,35.7,21.5,16.6,0.4,0.1,0.0,3.3,106.2,11.5,89.2,14.1,1.6,71.5,561.2,2623.2,1482.6,1217.0,13.7,406.5,164.4,58.4,176.1,397.9,265.6,22.0,28.3,61.0,154.3,583.4,198.9,42.6,15.4,30.7,20.7,8.8,0.3,0.1,0.0,1.3,124.0,7.5,81.7,14.7,1.4,35.3,557.2,2804.4,1649.5,1344.5,21.4,433.0,189.7,60.3,277.9,362.2,305.0,31.3,31.3,72.9,169.5,626.6,201.6,37.7,11.3,31.1,21.7,8.4,0.4,0.1,0.0,1.8,134.0,8.2,90.0,13.9,1.5,64.9,528.3,2795.3,1648.8,1184.9,36.2,362.4,153.8,57.1,259.6,315.8,463.9,35.7,84.2,110.8,233.2,538.2,210.5,41.2,10.8,30.0,36.9,7.6,0.4,0.1,0.0,1.8,58.9,7.6,75.7,12.6,0.1,44.0,608.3,2805.0,1698.0,1302.6,65.5,374.7,147.5,74.4,305.0,335.5,395.4,66.3,53.4,70.2,205.5,425.7,100.1,44.0,12.7,28.4,32.4,11.6,1.1,0.3,0.0,2.6,50.5,6.1,63.2,29.9,0.1,42.7,681.3,2885.4,1810.3,1437.7,92.8,404.5,165.8,68.8,301.6,404.2,315.1,44.6,37.1,53.5,179.9,57.5,373.4,70.5,37.4,13.2,32.7,24.5,2.3,27.4,0.9,0.7,0.0,1.8,38.7,3.7,53.4,32.8,0.2,33.2,701.7,3163.5,1988.5,1582.8,99.2,393.3,145.7,85.8,408.4,450.4,349.3,56.4,28.4,53.9,210.6,56.4,454.7,84.2,36.1,10.6,35.2,49.1,1.5,26.6,1.3,0.5,0.0,1.1,25.8,5.0,62.5,28.9,0.5,85.8,720.3,3246.2,1988.4,1509.1,81.6,370.6,124.5,54.6,446.8,431.0,385.2,35.4,29.0,145.9,174.9,94.1,512.4,81.2,35.9,10.6,26.5,37.0,1.8,10.1,0.9,0.5,0.1,1.2,25.6,5.1,68.0,63.7,2.1,45.5,96.6,745.4,3569.4,2545.8,2191.8,70.2,281.2,925.8,247.1,17.3,37.6,612.6,244.4,4.8,40.2,19.6,48.8,3.7,127.3,89.4,20.2,335.4,16.0,41.0,12.0,1.4,16.1,8.6,13.4,25.0,5.0,10.8,0.2,0.9,42.1,1.9,0.0,2.9,57.1,30.8,5.5,37.4,7.3,688.2
"경남",3270.0,1636.9,1351.0,79.0,354.8,167.2,124.4,269.5,356.1,285.9,47.0,31.6,65.5,141.8,852.8,247.1,86.4,31.4,33.2,47.1,8.7,0.1,4.2,-,8.4,152.3,12.7,35.2,35.6,14.1,136.3,780.3,3274.6,1680.6,1387.9,43.8,354.7,178.3,124.2,298.3,388.6,292.7,67.3,38.0,66.9,120.6,820.3,234.2,89.2,35.2,38.0,48.0,9.4,13.4,4.1,0.0,0.6,181.0,13.2,39.2,7.4,4.1,103.3,773.7,3453.6,1748.8,1380.9,27.4,504.5,118.8,104.4,348.6,277.2,367.9,66.4,30.2,85.5,185.8,909.7,214.5,95.1,43.1,50.7,66.2,10.1,0.1,0.3,0.0,0.4,244.9,20.9,51.1,11.8,3.3,97.2,795.1,3176.2,1547.2,1217.3,7.0,448.3,107.8,81.0,285.8,287.4,329.9,42.4,25.8,68.0,193.7,884.8,213.2,85.0,27.9,42.5,61.5,12.1,0.8,0.3,0.1,2.6,219.7,11.1,41.1,29.0,1.7,136.2,744.2,3452.5,1728.4,1340.5,0.1,440.7,152.0,99.6,336.3,311.8,387.9,39.5,29.7,54.1,264.6,903.0,210.3,85.7,30.2,52.0,74.1,12.7,0.5,0.3,0.0,0.9,222.1,11.0,48.7,32.2,1.9,120.4,821.1,3496.4,1695.7,1329.7,155.7,426.3,107.5,109.7,282.7,247.8,366.0,31.7,38.9,52.5,242.9,890.7,223.6,87.0,32.4,52.7,78.4,18.2,0.1,0.0,0.0,0.6,188.6,9.9,51.1,45.7,0.8,101.6,910.0,3951.4,1982.4,1382.1,102.9,408.3,124.8,98.0,335.7,312.4,522.9,32.2,38.5,50.7,401.5,77.4,1037.8,246.8,102.4,34.9,58.6,120.3,4.2,28.0,0.1,0.1,0.0,7.4,232.4,10.9,66.5,37.7,1.5,86.0,931.2,4003.9,1938.2,1380.0,130.1,406.6,156.2,93.1,311.2,282.8,438.5,34.9,27.4,58.6,317.6,119.7,1137.3,267.3,103.6,37.6,65.5,153.0,5.1,22.6,0.4,6.3,0.0,1.1,221.4,12.1,53.8,29.6,1.4,156.5,928.4,3937.3,1842.2,1312.0,156.3,352.5,166.4,106.5,262.8,267.5,433.8,53.0,49.8,66.0,265.0,96.4,1181.6,285.8,86.8,35.0,139.1,91.0,8.1,23.7,0.6,22.4,0.0,1.0,189.3,12.5,53.1,43.8,5.7,106.8,76.9,913.5,4471.8,2098.9,1554.5,157.4,395.1,427.3,233.9,47.1,96.6,197.1,440.4,3.2,68.8,52.5,83.8,24.2,207.9,62.1,41.9,1260.7,155.1,124.8,47.4,15.1,56.4,97.0,26.1,66.4,33.2,17.5,24.3,16.9,115.5,7.1,0.3,0.7,51.5,46.5,1.4,76.0,281.5,1112.2
"제주",638.8,301.3,209.9,9.9,124.6,25.1,12.5,24.6,13.2,91.4,34.3,2.9,19.3,34.9,151.6,77.4,25.6,5.8,14.4,2.2,0.5,-,-,-,-,16.4,-,-,-,-,9.3,185.9,764.7,352.3,231.0,11.7,105.8,24.8,22.2,26.7,39.8,121.3,27.4,5.1,35.4,53.4,216.3,76.5,12.2,6.6,14.1,3.5,0.0,0.0,0.0,0.0,0.0,13.5,0.0,10.4,0.0,0.0,79.5,196.1,861.9,384.5,248.3,12.4,118.1,31.2,15.0,27.7,43.9,136.2,32.8,10.8,35.2,57.4,277.3,74.9,14.0,13.3,47.2,8.7,0.0,0.0,0.0,0.0,0.1,60.3,6.0,9.9,0.8,0.0,42.1,200.1,984.2,448.3,296.7,2.2,146.1,40.3,19.5,27.6,61.0,151.6,45.4,17.6,22.7,65.9,330.8,69.6,11.5,7.3,5.7,34.0,0.2,0.1,0.0,0.0,0.1,122.5,5.1,20.3,1.0,2.0,51.4,205.1,976.2,429.1,199.6,11.3,78.0,9.4,5.1,23.2,72.6,229.5,84.7,10.4,29.6,104.8,361.5,60.2,10.5,7.7,25.0,19.3,6.5,0.1,1.1,0.0,0.1,159.6,14.9,13.5,3.7,7.9,31.4,185.6,1162.3,510.1,243.9,13.2,91.1,15.1,5.0,17.1,102.4,266.2,104.2,12.8,40.7,108.5,449.6,144.7,9.2,10.8,49.4,30.2,2.6,0.1,10.6,0.0,0.2,147.9,5.9,5.5,0.7,0.9,30.9,202.6,1305.3,614.5,338.5,17.6,125.2,19.9,6.3,37.6,131.9,276.0,100.8,12.8,38.8,123.6,0.0,463.6,129.6,14.1,12.7,33.3,11.6,0.5,0.5,0.1,7.2,0.0,0.3,229.4,7.4,6.6,0.7,1.0,8.6,227.2,1312.1,572.2,375.9,17.7,128.8,25.7,6.0,35.4,162.3,196.3,74.5,11.1,28.4,82.3,0.0,517.9,166.6,18.6,21.9,38.0,16.3,2.7,2.2,0.1,10.1,0.0,0.4,219.2,8.7,6.0,1.1,0.9,5.1,222.0,1313.9,541.9,351.2,24.4,125.3,10.2,3.7,37.4,150.2,190.7,65.4,12.7,22.2,90.4,0.0,559.3,245.0,22.8,24.2,35.5,17.6,0.8,0.0,0.1,0.0,0.0,0.3,157.8,0.0,18.4,0.0,0.0,31.1,5.7,212.7,1233.5,453.6,401.2,25.1,85.8,98.3,9.7,3.9,18.0,160.4,52.4,1.5,12.5,8.6,2.5,0.8,26.5,0.0,0.0,545.4,7.2,198.6,16.5,1.0,16.6,12.8,0.9,26.1,21.6,7.2,0.1,0.4,115.4,0.0,0.0,0.0,5.7,0.0,0.1,25.0,90.2,234.5
