행정구역,연도,명
강원도,2011.01,1528790
강원도,2011.02,1527843
강원도,2011.03,1529915
강원도,2011.04,1531721
강원도,2011.05,1531996
강원도,2011.06,1532178
강원도,2011.07,1532825
강원도,2011.08,1533172
강원도,2011.09,1533638
강원도,2011.10,1534555
강원도,2011.11,1535771
강원도,2011.12,1536448
강원도,2012.01,1535335
강원도,2012.02,1534310
강원도,2012.03,1536525
강원도,2012.04,1537096
강원도,2012.05,1537673
강원도,2012.06,1537750
강원도,2012.07,1538198
강원도,2012.08,1538136
강원도,2012.09,1538934
강원도,2012.10,1538869
강원도,2012.11,1539116
강원도,2012.12,1538630
강원도,2013.01,1537704
강원도,2013.02,1536718
강원도,2013.03,1538219
강원도,2013.04,1539169
강원도,2013.05,1539403
강원도,2013.06,1539767
강원도,2013.07,1540014
강원도,2013.08,1540264
강원도,2013.09,1540796
강원도,2013.10,1541457
강원도,2013.11,1542069
강원도,2013.12,1542263
강원도,2014.01,1540745
강원도,2014.02,1539343
강원도,2014.03,1541051
강원도,2014.04,1541556
강원도,2014.05,1541841
강원도,2014.06,1541568
강원도,2014.07,1541315
강원도,2014.08,1541010
강원도,2014.09,1541414
강원도,2014.10,1542147
강원도,2014.11,1542604
강원도,2014.12,1544442
강원도,2015.01,1543640
강원도,2015.02,1542918
강원도,2015.03,1543187
강원도,2015.04,1543811
강원도,2015.05,1545194
강원도,2015.06,1547166
강원도,2015.07,1547737
강원도,2015.08,1547646
강원도,2015.09,1548082
강원도,2015.10,1549221
강원도,2015.11,1549178
강원도,2015.12,1549507
강원도,2016.01,1549193
강원도,2016.02,1548016
강원도,2016.03,1547845
강원도,2016.04,1548170
강원도,2016.05,1547821
강원도,2016.06,1548603
강원도,2016.07,1548636
강원도,2016.08,1548844
강원도,2016.09,1549483
강원도,2016.10,1550021
강원도,2016.11,1550209
강원도,2016.12,1550806
강원도,2017.01,1549212
강원도,2017.02,1548252
강원도,2017.03,1547735
강원도,2017.04,1547579
강원도,2017.05,1547453
강원도,2017.06,1547829
강원도,2017.07,1547387
강원도,2017.08,1547455
강원도,2017.09,1547768
강원도,2017.10,1547999
강원도,2017.11,1549344
강원도,2017.12,1550142
강원도,2018.01,1548078
강원도,2018.02,1546259
강원도,2018.03,1546152
강원도,2018.04,1545452
강원도,2018.05,1545291
강원도,2018.06,1544843
강원도,2018.07,1544258
강원도,2018.08,1543668
강원도,2018.09,1543780
강원도,2018.10,1543441
강원도,2018.11,1543556
강원도,2018.12,1543052
강원도,2019.01,1541693
강원도,2019.02,1540445
강원도,2019.03,1540488
강원도,2019.04,1540794
강원도,2019.05,1540776
강원도,2019.06,1540855
강원도,2019.07,1540714
강원도,2019.08,1540780
강원도,2019.09,1540721
강원도,2019.10,1540897
강원도,2019.11,1541399
강원도,2019.12,1541502
강원도,2020.01,1540540
강원도,2020.02,1539521
강원도,2020.03,1538577
강원도,2020.04,1537780
강원도,2020.05,1538639
강원도,2020.06,1539282
강원도,2020.07,1540094
강원도,2020.08,1540689
강원도,2020.09,1541104
강원도,2020.10,1541836
강원도,2020.11,1542374
강원도,2020.12,1542840
강원도,2021.01,1541696
강원도,2021.02,1540875
강원도,2021.03,1536399
강원도,2021.04,1536175
강원도,2021.05,1535491
강원도,2021.06,1535530
강원도,2021.07,1536140
강원도,2021.08,1536270
강원도,2021.09,1536765
강원도,2021.10,1537717
강원도,2021.11,1538273
강원도,2021.12,1538492
강원도,2022.01,1538660
강원도,2022.02,1539051
강원도,2022.03,1539036
경기도,2011.01,11801232
경기도,2011.02,11815120
경기도,2011.03,11829316
경기도,2011.04,11841400
경기도,2011.05,11854092
경기도,2011.06,11862889
경기도,2011.07,11874213
경기도,2011.08,11887932
경기도,2011.09,11898590
경기도,2011.10,11908014
경기도,2011.11,11920340
경기도,2011.12,11937415
경기도,2012.01,11948596
경기도,2012.02,11961481
경기도,2012.03,11972408
경기도,2012.04,11984985
경기도,2012.05,11998173
경기도,2012.06,12009150
경기도,2012.07,12021422
경기도,2012.08,12035714
경기도,2012.09,12047601
경기도,2012.10,12060335
경기도,2012.11,12071878
경기도,2012.12,12093299
경기도,2013.01,12107216
경기도,2013.02,12123024
경기도,2013.03,12133590
경기도,2013.04,12144383
경기도,2013.05,12156714
경기도,2013.06,12167575
경기도,2013.07,12181553
경기도,2013.08,12193532
경기도,2013.09,12203080
경기도,2013.10,12211807
경기도,2013.11,12219786
경기도,2013.12,12234630
경기도,2014.01,12245960
경기도,2014.02,12256617
경기도,2014.03,12266541
경기도,2014.04,12276751
경기도,2014.05,12286470
경기도,2014.06,12300698
경기도,2014.07,12313649
경기도,2014.08,12324470
경기도,2014.09,12334023
경기도,2014.10,12342448
경기도,2014.11,12348078
경기도,2014.12,12357830
경기도,2015.01,12366711
경기도,2015.02,12376944
경기도,2015.03,12392297
경기도,2015.04,12405279
경기도,2015.05,12418899
경기도,2015.06,12432063
경기도,2015.07,12444924
경기도,2015.08,12460604
경기도,2015.09,12475565
경기도,2015.10,12491080
경기도,2015.11,12504790
경기도,2015.12,12522606
경기도,2016.01,12536474
경기도,2016.02,12551398
경기도,2016.03,12565891
경기도,2016.04,12578597
경기도,2016.05,12594829
경기도,2016.06,12610877
경기도,2016.07,12629325
경기도,2016.08,12649894
경기도,2016.09,12666278
경기도,2016.10,12683730
경기도,2016.11,12699920
경기도,2016.12,12716780
경기도,2017.01,12728620
경기도,2017.02,12741266
경기도,2017.03,12753983
경기도,2017.04,12763961
경기도,2017.05,12775175
경기도,2017.06,12783741
경기도,2017.07,12795378
경기도,2017.08,12810014
경기도,2017.09,12827633
경기도,2017.10,12841321
경기도,2017.11,12858161
경기도,2017.12,12873895
경기도,2018.01,12890445
경기도,2018.02,12908010
경기도,2018.03,12925761
경기도,2018.04,12941604
경기도,2018.05,12958648
경기도,2018.06,12975176
경기도,2018.07,12993165
경기도,2018.08,13012486
경기도,2018.09,13027338
경기도,2018.10,13045223
경기도,2018.11,13061074
경기도,2018.12,13077153
경기도,2019.01,13090648
경기도,2019.02,13104696
경기도,2019.03,13116579
경기도,2019.04,13129508
경기도,2019.05,13145482
경기도,2019.06,13159178
경기도,2019.07,13176011
경기도,2019.08,13193943
경기도,2019.09,13207219
경기도,2019.10,13218912
경기도,2019.11,13228177
경기도,2019.12,13239666
경기도,2020.01,13250368
경기도,2020.02,13265377
경기도,2020.03,13288975
경기도,2020.04,13311254
경기도,2020.05,13324041
경기도,2020.06,13338020
경기도,2020.07,13351891
경기도,2020.08,13370714
경기도,2020.09,13388485
경기도,2020.10,13400615
경기도,2020.11,13413459
경기도,2020.12,13427014
경기도,2021.01,13449499
경기도,2021.02,13471758
경기도,2021.03,13465837
경기도,2021.04,13479798
경기도,2021.05,13488910
경기도,2021.06,13500688
경기도,2021.07,13512867
경기도,2021.08,13530519
경기도,2021.09,13542284
경기도,2021.10,13549577
경기도,2021.11,13557973
경기도,2021.12,13565450
경기도,2022.01,13571450
경기도,2022.02,13574369
경기도,2022.03,13575936
경상남도,2011.01,3291435
경상남도,2011.02,3291281
경상남도,2011.03,3293002
경상남도,2011.04,3295686
경상남도,2011.05,3296893
경상남도,2011.06,3297769
경상남도,2011.07,3298607
경상남도,2011.08,3300895
경상남도,2011.09,3303549
경상남도,2011.10,3305621
경상남도,2011.11,3307201
경상남도,2011.12,3308765
경상남도,2012.01,3309559
경상남도,2012.02,3307822
경상남도,2012.03,3308081
경상남도,2012.04,3309325
경상남도,2012.05,3311574
경상남도,2012.06,3313207
경상남도,2012.07,3313689
경상남도,2012.08,3314183
경상남도,2012.09,3315343
경상남도,2012.10,3317523
경상남도,2012.11,3318202
경상남도,2012.12,3319314
경상남도,2013.01,3318979
경상남도,2013.02,3318548
경상남도,2013.03,3318175
경상남도,2013.04,3318877
경상남도,2013.05,3320074
경상남도,2013.06,3322702
경상남도,2013.07,3324324
경상남도,2013.08,3325351
경상남도,2013.09,3326527
경상남도,2013.10,3328969
경상남도,2013.11,3330810
경상남도,2013.12,3333820
경상남도,2014.01,3334948
경상남도,2014.02,3334412
경상남도,2014.03,3335088
경상남도,2014.04,3336980
경상남도,2014.05,3339869
경상남도,2014.06,3341111
경상남도,2014.07,3342286
경상남도,2014.08,3343307
경상남도,2014.09,3343878
경상남도,2014.10,3344403
경상남도,2014.11,3347317
경상남도,2014.12,3350257
경상남도,2015.01,3351038
경상남도,2015.02,3351137
경상남도,2015.03,3352780
경상남도,2015.04,3354602
경상남도,2015.05,3356168
경상남도,2015.06,3356540
경상남도,2015.07,3356488
경상남도,2015.08,3357120
경상남도,2015.09,3359523
경상남도,2015.10,3361489
경상남도,2015.11,3362754
경상남도,2015.12,3364702
경상남도,2016.01,3364764
경상남도,2016.02,3364695
경상남도,2016.03,3365021
경상남도,2016.04,3366658
경상남도,2016.05,3367730
경상남도,2016.06,3368792
경상남도,2016.07,3369271
경상남도,2016.08,3369074
경상남도,2016.09,3369695
경상남도,2016.10,3370815
경상남도,2016.11,3371731
경상남도,2016.12,3373871
경상남도,2017.01,3374065
경상남도,2017.02,3372266
경상남도,2017.03,3371696
경상남도,2017.04,3371703
경상남도,2017.05,3372586
경상남도,2017.06,3373334
경상남도,2017.07,3374601
경상남도,2017.08,3374467
경상남도,2017.09,3375329
경상남도,2017.10,3377635
경상남도,2017.11,3379020
경상남도,2017.12,3380404
경상남도,2018.01,3379981
경상남도,2018.02,3378430
경상남도,2018.03,3377516
경상남도,2018.04,3377126
경상남도,2018.05,3377626
경상남도,2018.06,3377483
경상남도,2018.07,3377248
경상남도,2018.08,3376730
경상남도,2018.09,3376031
경상남도,2018.10,3375357
경상남도,2018.11,3375047
경상남도,2018.12,3373988
경상남도,2019.01,3373214
경상남도,2019.02,3371016
경상남도,2019.03,3369949
경상남도,2019.04,3368933
경상남도,2019.05,3367857
경상남도,2019.06,3366989
경상남도,2019.07,3366286
경상남도,2019.08,3365282
경상남도,2019.09,3364039
경상남도,2019.10,3363883
경상남도,2019.11,3363274
경상남도,2019.12,3362553
경상남도,2020.01,3361344
경상남도,2020.02,3358828
경상남도,2020.03,3355341
경상남도,2020.04,3353380
경상남도,2020.05,3351347
경상남도,2020.06,3349454
경상남도,2020.07,3347637
경상남도,2020.08,3345169
경상남도,2020.09,3343770
경상남도,2020.10,3342831
경상남도,2020.11,3341063
경상남도,2020.12,3340216
경상남도,2021.01,3338396
경상남도,2021.02,3336045
경상남도,2021.03,3330463
경상남도,2021.04,3329623
경상남도,2021.05,3327298
경상남도,2021.06,3325840
경상남도,2021.07,3324735
경상남도,2021.08,3322373
경상남도,2021.09,3319271
경상남도,2021.10,3318161
경상남도,2021.11,3316365
경상남도,2021.12,3314183
경상남도,2022.01,3311438
경상남도,2022.02,3307005
경상남도,2022.03,3303274
경상북도,2011.01,2688586
경상북도,2011.02,2687178
경상북도,2011.03,2687521
경상북도,2011.04,2688469
경상북도,2011.05,2689130
경상북도,2011.06,2689904
경상북도,2011.07,2691181
경상북도,2011.08,2692036
경상북도,2011.09,2693707
경상북도,2011.10,2695145
경상북도,2011.11,2696596
경상북도,2011.12,2699195
경상북도,2012.01,2697104
경상북도,2012.02,2694794
경상북도,2012.03,2694822
경상북도,2012.04,2694944
경상북도,2012.05,2694930
경상북도,2012.06,2695113
경상북도,2012.07,2695263
경상북도,2012.08,2695008
경상북도,2012.09,2695316
경상북도,2012.10,2696180
경상북도,2012.11,2697569
경상북도,2012.12,2698353
경상북도,2013.01,2698263
경상북도,2013.02,2696802
경상북도,2013.03,2696554
경상북도,2013.04,2696341
경상북도,2013.05,2696447
경상북도,2013.06,2696833
경상북도,2013.07,2696446
경상북도,2013.08,2696492
경상북도,2013.09,2696705
경상북도,2013.10,2697450
경상북도,2013.11,2698619
경상북도,2013.12,2699440
경상북도,2014.01,2698306
경상북도,2014.02,2697306
경상북도,2014.03,2697169
경상북도,2014.04,2697438
경상북도,2014.05,2697563
경상북도,2014.06,2697248
경상북도,2014.07,2697325
경상북도,2014.08,2697927
경상북도,2014.09,2703929
경상북도,2014.10,2700328
경상북도,2014.11,2699686
경상북도,2014.12,2700794
경상북도,2015.01,2699275
경상북도,2015.02,2698469
경상북도,2015.03,2697302
경상북도,2015.04,2696837
경상북도,2015.05,2696674
경상북도,2015.06,2697791
경상북도,2015.07,2698899
경상북도,2015.08,2699955
경상북도,2015.09,2700461
경상북도,2015.10,2700878
경상북도,2015.11,2702186
경상북도,2015.12,2702826
경상북도,2016.01,2701160
경상북도,2016.02,2701055
경상북도,2016.03,2701148
경상북도,2016.04,2701238
경상북도,2016.05,2701912
경상북도,2016.06,2702385
경상북도,2016.07,2702210
경상북도,2016.08,2701293
경상북도,2016.09,2701445
경상북도,2016.10,2700957
경상북도,2016.11,2700843
경상북도,2016.12,2700398
경상북도,2017.01,2698803
경상북도,2017.02,2696329
경상북도,2017.03,2694544
경상북도,2017.04,2693810
경상북도,2017.05,2692859
경상북도,2017.06,2691727
경상북도,2017.07,2690974
경상북도,2017.08,2690671
경상북도,2017.09,2691502
경상북도,2017.10,2691794
경상북도,2017.11,2691878
경상북도,2017.12,2691706
경상북도,2018.01,2688747
경상북도,2018.02,2685633
경상북도,2018.03,2683661
경상북도,2018.04,2682897
경상북도,2018.05,2682316
경상북도,2018.06,2681090
경상북도,2018.07,2679546
경상북도,2018.08,2678272
경상북도,2018.09,2677762
경상북도,2018.10,2676904
경상북도,2018.11,2677014
경상북도,2018.12,2676831
경상북도,2019.01,2674005
경상북도,2019.02,2671587
경상북도,2019.03,2671036
경상북도,2019.04,2670375
경상북도,2019.05,2669731
경상북도,2019.06,2669850
경상북도,2019.07,2668836
경상북도,2019.08,2667657
경상북도,2019.09,2666795
경상북도,2019.10,2666072
경상북도,2019.11,2665775
경상북도,2019.12,2665836
경상북도,2020.01,2662508
경상북도,2020.02,2658956
경상북도,2020.03,2653418
경상북도,2020.04,2651054
경상북도,2020.05,2648760
경상북도,2020.06,2646493
경상북도,2020.07,2644001
경상북도,2020.08,2640932
경상북도,2020.09,2640003
경상북도,2020.10,2639763
경상북도,2020.11,2639245
경상북도,2020.12,2639422
경상북도,2021.01,2637639
경상북도,2021.02,2636747
경상북도,2021.03,2635563
경상북도,2021.04,2635896
경상북도,2021.05,2633592
경상북도,2021.06,2632401
경상북도,2021.07,2631649
경상북도,2021.08,2630254
경상북도,2021.09,2628344
경상북도,2021.10,2627925
경상북도,2021.11,2627468
경상북도,2021.12,2626609
경상북도,2022.01,2624310
경상북도,2022.02,2622026
경상북도,2022.03,2619641
광주광역시,2011.01,1456308
광주광역시,2011.02,1458195
광주광역시,2011.03,1458326
광주광역시,2011.04,1458814
광주광역시,2011.05,1459615
광주광역시,2011.06,1459862
광주광역시,2011.07,1461368
광주광역시,2011.08,1462915
광주광역시,2011.09,1463432
광주광역시,2011.10,1464073
광주광역시,2011.11,1464516
광주광역시,2011.12,1463464
광주광역시,2012.01,1465313
광주광역시,2012.02,1466516
광주광역시,2012.03,1466810
광주광역시,2012.04,1466676
광주광역시,2012.05,1466464
광주광역시,2012.06,1466388
광주광역시,2012.07,1467030
광주광역시,2012.08,1467979
광주광역시,2012.09,1468777
광주광역시,2012.10,1469614
광주광역시,2012.11,1470669
광주광역시,2012.12,1469216
광주광역시,2013.01,1470061
광주광역시,2013.02,1470969
광주광역시,2013.03,1470979
광주광역시,2013.04,1471324
광주광역시,2013.05,1471801
광주광역시,2013.06,1471867
광주광역시,2013.07,1472357
광주광역시,2013.08,1472807
광주광역시,2013.09,1473229
광주광역시,2013.10,1473576
광주광역시,2013.11,1473689
광주광역시,2013.12,1472910
광주광역시,2014.01,1473529
광주광역시,2014.02,1473327
광주광역시,2014.03,1472490
광주광역시,2014.04,1471850
광주광역시,2014.05,1473697
광주광역시,2014.06,1474546
광주광역시,2014.07,1475676
광주광역시,2014.08,1476459
광주광역시,2014.09,1477517
광주광역시,2014.10,1477780
광주광역시,2014.11,1478204
광주광역시,2014.12,1475884
광주광역시,2015.01,1476891
광주광역시,2015.02,1477340
광주광역시,2015.03,1477504
광주광역시,2015.04,1477609
광주광역시,2015.05,1477212
광주광역시,2015.06,1476974
광주광역시,2015.07,1476716
광주광역시,2015.08,1476152
광주광역시,2015.09,1475590
광주광역시,2015.10,1474603
광주광역시,2015.11,1474910
광주광역시,2015.12,1472199
광주광역시,2016.01,1472802
광주광역시,2016.02,1472153
광주광역시,2016.03,1471618
광주광역시,2016.04,1471819
광주광역시,2016.05,1472317
광주광역시,2016.06,1472285
광주광역시,2016.07,1472481
광주광역시,2016.08,1472432
광주광역시,2016.09,1472379
광주광역시,2016.10,1471911
광주광역시,2016.11,1471384
광주광역시,2016.12,1469214
광주광역시,2017.01,1469583
광주광역시,2017.02,1468527
광주광역시,2017.03,1467766
광주광역시,2017.04,1467002
광주광역시,2017.05,1466741
광주광역시,2017.06,1466451
광주광역시,2017.07,1466415
광주광역시,2017.08,1466642
광주광역시,2017.09,1466639
광주광역시,2017.10,1466716
광주광역시,2017.11,1466328
광주광역시,2017.12,1463770
광주광역시,2018.01,1464037
광주광역시,2018.02,1463100
광주광역시,2018.03,1462033
광주광역시,2018.04,1460972
광주광역시,2018.05,1460564
광주광역시,2018.06,1460745
광주광역시,2018.07,1461203
광주광역시,2018.08,1461463
광주광역시,2018.09,1461790
광주광역시,2018.10,1461904
광주광역시,2018.11,1461009
광주광역시,2018.12,1459336
광주광역시,2019.01,1459832
광주광역시,2019.02,1459208
광주광역시,2019.03,1458930
광주광역시,2019.04,1458940
광주광역시,2019.05,1459003
광주광역시,2019.06,1459024
광주광역시,2019.07,1459486
광주광역시,2019.08,1459438
광주광역시,2019.09,1459632
광주광역시,2019.10,1459360
광주광역시,2019.11,1458915
광주광역시,2019.12,1456468
광주광역시,2020.01,1456688
광주광역시,2020.02,1456121
광주광역시,2020.03,1455705
광주광역시,2020.04,1456096
광주광역시,2020.05,1455533
광주광역시,2020.06,1455048
광주광역시,2020.07,1454709
광주광역시,2020.08,1454154
광주광역시,2020.09,1453952
광주광역시,2020.10,1452994
광주광역시,2020.11,1451993
광주광역시,2020.12,1450062
광주광역시,2021.01,1449115
광주광역시,2021.02,1447953
광주광역시,2021.03,1445473
광주광역시,2021.04,1444787
광주광역시,2021.05,1443154
광주광역시,2021.06,1442647
광주광역시,2021.07,1442482
광주광역시,2021.08,1441970
광주광역시,2021.09,1442827
광주광역시,2021.10,1442454
광주광역시,2021.11,1442138
광주광역시,2021.12,1441611
광주광역시,2022.01,1441636
광주광역시,2022.02,1440032
광주광역시,2022.03,1438463
대구광역시,2011.01,2512071
대구광역시,2011.02,2512321
대구광역시,2011.03,2511231
대구광역시,2011.04,2510773
대구광역시,2011.05,2510644
대구광역시,2011.06,2510243
대구광역시,2011.07,2509833
대구광역시,2011.08,2510079
대구광역시,2011.09,2509609
대구광역시,2011.10,2509297
대구광역시,2011.11,2508935
대구광역시,2011.12,2507271
대구광역시,2012.01,2508370
대구광역시,2012.02,2508563
대구광역시,2012.03,2507586
대구광역시,2012.04,2507310
대구광역시,2012.05,2507022
대구광역시,2012.06,2506977
대구광역시,2012.07,2506969
대구광역시,2012.08,2507715
대구광역시,2012.09,2507791
대구광역시,2012.10,2507571
대구광역시,2012.11,2507910
대구광역시,2012.12,2505644
대구광역시,2013.01,2504945
대구광역시,2013.02,2505040
대구광역시,2013.03,2504623
대구광역시,2013.04,2504888
대구광역시,2013.05,2505083
대구광역시,2013.06,2503728
대구광역시,2013.07,2503604
대구광역시,2013.08,2503400
대구광역시,2013.09,2503679
대구광역시,2013.10,2503648
대구광역시,2013.11,2503283
대구광역시,2013.12,2501588
대구광역시,2014.01,2501823
대구광역시,2014.02,2500778
대구광역시,2014.03,2500874
대구광역시,2014.04,2499880
대구광역시,2014.05,2498632
대구광역시,2014.06,2498450
대구광역시,2014.07,2497705
대구광역시,2014.08,2496596
대구광역시,2014.09,2491269
대구광역시,2014.10,2492994
대구광역시,2014.11,2493857
대구광역시,2014.12,2493264
대구광역시,2015.01,2492658
대구광역시,2015.02,2492583
대구광역시,2015.03,2491897
대구광역시,2015.04,2491545
대구광역시,2015.05,2491867
대구광역시,2015.06,2491137
대구광역시,2015.07,2490799
대구광역시,2015.08,2490621
대구광역시,2015.09,2490584
대구광역시,2015.10,2489847
대구광역시,2015.11,2489339
대구광역시,2015.12,2487829
대구광역시,2016.01,2487823
대구광역시,2016.02,2486589
대구광역시,2016.03,2486059
대구광역시,2016.04,2485663
대구광역시,2016.05,2485134
대구광역시,2016.06,2484864
대구광역시,2016.07,2484856
대구광역시,2016.08,2485537
대구광역시,2016.09,2485692
대구광역시,2016.10,2485484
대구광역시,2016.11,2485535
대구광역시,2016.12,2484557
대구광역시,2017.01,2484688
대구광역시,2017.02,2484578
대구광역시,2017.03,2483488
대구광역시,2017.04,2483105
대구광역시,2017.05,2482476
대구광역시,2017.06,2481985
대구광역시,2017.07,2481489
대구광역시,2017.08,2479887
대구광역시,2017.09,2478236
대구광역시,2017.10,2477186
대구광역시,2017.11,2476557
대구광역시,2017.12,2475231
대구광역시,2018.01,2474309
대구광역시,2018.02,2473466
대구광역시,2018.03,2472175
대구광역시,2018.04,2471136
대구광역시,2018.05,2469936
대구광역시,2018.06,2469617
대구광역시,2018.07,2468824
대구광역시,2018.08,2467385
대구광역시,2018.09,2466454
대구광역시,2018.10,2465145
대구광역시,2018.11,2464002
대구광역시,2018.12,2461769
대구광역시,2019.01,2460382
대구광역시,2019.02,2458138
대구광역시,2019.03,2455829
대구광역시,2019.04,2454154
대구광역시,2019.05,2452291
대구광역시,2019.06,2450478
대구광역시,2019.07,2448666
대구광역시,2019.08,2446745
대구광역시,2019.09,2445270
대구광역시,2019.10,2443528
대구광역시,2019.11,2441581
대구광역시,2019.12,2438031
대구광역시,2020.01,2436488
대구광역시,2020.02,2432883
대구광역시,2020.03,2433568
대구광역시,2020.04,2431523
대구광역시,2020.05,2429059
대구광역시,2020.06,2427954
대구광역시,2020.07,2428022
대구광역시,2020.08,2428228
대구광역시,2020.09,2426849
대구광역시,2020.10,2424171
대구광역시,2020.11,2421859
대구광역시,2020.12,2418346
대구광역시,2021.01,2415813
대구광역시,2021.02,2413191
대구광역시,2021.03,2408875
대구광역시,2021.04,2406296
대구광역시,2021.05,2402940
대구광역시,2021.06,2397646
대구광역시,2021.07,2395749
대구광역시,2021.08,2393626
대구광역시,2021.09,2392787
대구광역시,2021.10,2390721
대구광역시,2021.11,2388230
대구광역시,2021.12,2385412
대구광역시,2022.01,2383858
대구광역시,2022.02,2381095
대구광역시,2022.03,2380494
대전광역시,2011.01,1504617
대전광역시,2011.02,1506136
대전광역시,2011.03,1506995
대전광역시,2011.04,1507751
대전광역시,2011.05,1509032
대전광역시,2011.06,1509963
대전광역시,2011.07,1510468
대전광역시,2011.08,1511531
대전광역시,2011.09,1512557
대전광역시,2011.10,1513877
대전광역시,2011.11,1514979
대전광역시,2011.12,1515603
대전광역시,2012.01,1517299
대전광역시,2012.02,1518651
대전광역시,2012.03,1519490
대전광역시,2012.04,1520628
대전광역시,2012.05,1521659
대전광역시,2012.06,1522595
대전광역시,2012.07,1522581
대전광역시,2012.08,1522189
대전광역시,2012.09,1522880
대전광역시,2012.10,1523647
대전광역시,2012.11,1524566
대전광역시,2012.12,1524583
대전광역시,2013.01,1525888
대전광역시,2013.02,1527383
대전광역시,2013.03,1527857
대전광역시,2013.04,1528578
대전광역시,2013.05,1529085
대전광역시,2013.06,1529655
대전광역시,2013.07,1530226
대전광역시,2013.08,1530908
대전광역시,2013.09,1531418
대전광역시,2013.10,1532456
대전광역시,2013.11,1533114
대전광역시,2013.12,1532811
대전광역시,2014.01,1533497
대전광역시,2014.02,1534335
대전광역시,2014.03,1534954
대전광역시,2014.04,1535367
대전광역시,2014.05,1535415
대전광역시,2014.06,1535701
대전광역시,2014.07,1536349
대전광역시,2014.08,1536286
대전광역시,2014.09,1535815
대전광역시,2014.10,1535028
대전광역시,2014.11,1534041
대전광역시,2014.12,1531809
대전광역시,2015.01,1531287
대전광역시,2015.02,1529431
대전광역시,2015.03,1528090
대전광역시,2015.04,1527314
대전광역시,2015.05,1526568
대전광역시,2015.06,1525656
대전광역시,2015.07,1525195
대전광역시,2015.08,1524025
대전광역시,2015.09,1523338
대전광역시,2015.10,1522288
대전광역시,2015.11,1521142
대전광역시,2015.12,1518775
대전광역시,2016.01,1518024
대전광역시,2016.02,1517716
대전광역시,2016.03,1517118
대전광역시,2016.04,1516904
대전광역시,2016.05,1516494
대전광역시,2016.06,1516208
대전광역시,2016.07,1516291
대전광역시,2016.08,1516165
대전광역시,2016.09,1516241
대전광역시,2016.10,1515787
대전광역시,2016.11,1515394
대전광역시,2016.12,1514370
대전광역시,2017.01,1514354
대전광역시,2017.02,1513877
대전광역시,2017.03,1512189
대전광역시,2017.04,1511396
대전광역시,2017.05,1509587
대전광역시,2017.06,1508137
대전광역시,2017.07,1507597
대전광역시,2017.08,1507116
대전광역시,2017.09,1506741
대전광역시,2017.10,1505829
대전광역시,2017.11,1504307
대전광역시,2017.12,1502227
대전광역시,2018.01,1501378
대전광역시,2018.02,1499187
대전광역시,2018.03,1497572
대전광역시,2018.04,1496123
대전광역시,2018.05,1495234
대전광역시,2018.06,1494878
대전광역시,2018.07,1495029
대전광역시,2018.08,1494286
대전광역시,2018.09,1493654
대전광역시,2018.10,1492589
대전광역시,2018.11,1491716
대전광역시,2018.12,1489936
대전광역시,2019.01,1488725
대전광역시,2019.02,1487605
대전광역시,2019.03,1486647
대전광역시,2019.04,1485509
대전광역시,2019.05,1484398
대전광역시,2019.06,1482938
대전광역시,2019.07,1481701
대전광역시,2019.08,1480520
대전광역시,2019.09,1479641
대전광역시,2019.10,1478436
대전광역시,2019.11,1476955
대전광역시,2019.12,1474870
대전광역시,2020.01,1474152
대전광역시,2020.02,1473125
대전광역시,2020.03,1471858
대전광역시,2020.04,1471650
대전광역시,2020.05,1471915
대전광역시,2020.06,1471040
대전광역시,2020.07,1470225
대전광역시,2020.08,1469431
대전광역시,2020.09,1469099
대전광역시,2020.10,1467556
대전광역시,2020.11,1465893
대전광역시,2020.12,1463882
대전광역시,2021.01,1463291
대전광역시,2021.02,1462064
대전광역시,2021.03,1458463
대전광역시,2021.04,1457619
대전광역시,2021.05,1457161
대전광역시,2021.06,1456107
대전광역시,2021.07,1455300
대전광역시,2021.08,1454679
대전광역시,2021.09,1455058
대전광역시,2021.10,1454228
대전광역시,2021.11,1453675
대전광역시,2021.12,1452251
대전광역시,2022.01,1451272
대전광역시,2022.02,1450862
대전광역시,2022.03,1450057
부산광역시,2011.01,3566560
부산광역시,2011.02,3566480
부산광역시,2011.03,3564873
부산광역시,2011.04,3563042
부산광역시,2011.05,3562985
부산광역시,2011.06,3563295
부산광역시,2011.07,3560813
부산광역시,2011.08,3558372
부산광역시,2011.09,3556565
부산광역시,2011.10,3554635
부산광역시,2011.11,3553997
부산광역시,2011.12,3550963
부산광역시,2012.01,3549501
부산광역시,2012.02,3548640
부산광역시,2012.03,3547141
부산광역시,2012.04,3545806
부산광역시,2012.05,3543688
부산광역시,2012.06,3542239
부산광역시,2012.07,3542218
부산광역시,2012.08,3541431
부산광역시,2012.09,3540802
부산광역시,2012.10,3540098
부산광역시,2012.11,3539273
부산광역시,2012.12,3538484
부산광역시,2013.01,3538191
부산광역시,2013.02,3539455
부산광역시,2013.03,3538285
부산광역시,2013.04,3537758
부산광역시,2013.05,3536426
부산광역시,2013.06,3534500
부산광역시,2013.07,3532994
부산광역시,2013.08,3531796
부산광역시,2013.09,3531643
부산광역시,2013.10,3530579
부산광역시,2013.11,3529884
부산광역시,2013.12,3527635
부산광역시,2014.01,3526648
부산광역시,2014.02,3527439
부산광역시,2014.03,3525512
부산광역시,2014.04,3523386
부산광역시,2014.05,3521473
부산광역시,2014.06,3521210
부산광역시,2014.07,3520288
부산광역시,2014.08,3520287
부산광역시,2014.09,3520732
부산광역시,2014.10,3525913
부산광역시,2014.11,3522643
부산광역시,2014.12,3519401
부산광역시,2015.01,3517898
부산광역시,2015.02,3517939
부산광역시,2015.03,3515839
부산광역시,2015.04,3515439
부산광역시,2015.05,3515806
부산광역시,2015.06,3517491
부산광역시,2015.07,3518955
부산광역시,2015.08,3517907
부산광역시,2015.09,3516704
부산광역시,2015.10,3515689
부산광역시,2015.11,3514842
부산광역시,2015.12,3513777
부산광역시,2016.01,3513361
부산광역시,2016.02,3513192
부산광역시,2016.03,3512444
부산광역시,2016.04,3511974
부산광역시,2016.05,3510833
부산광역시,2016.06,3509462
부산광역시,2016.07,3508095
부산광역시,2016.08,3507205
부산광역시,2016.09,3505821
부산광역시,2016.10,3503789
부산광역시,2016.11,3501671
부산광역시,2016.12,3498529
부산광역시,2017.01,3496779
부산광역시,2017.02,3495478
부산광역시,2017.03,3493041
부산광역시,2017.04,3491282
부산광역시,2017.05,3489212
부산광역시,2017.06,3486570
부산광역시,2017.07,3484836
부산광역시,2017.08,3484183
부산광역시,2017.09,3482804
부산광역시,2017.10,3478109
부산광역시,2017.11,3474534
부산광역시,2017.12,3470653
부산광역시,2018.01,3467055
부산광역시,2018.02,3465407
부산광역시,2018.03,3463103
부산광역시,2018.04,3460707
부산광역시,2018.05,3458134
부산광역시,2018.06,3455611
부산광역시,2018.07,3453198
부산광역시,2018.08,3451049
부산광역시,2018.09,3449593
부산광역시,2018.10,3446856
부산광역시,2018.11,3444540
부산광역시,2018.12,3441453
부산광역시,2019.01,3438259
부산광역시,2019.02,3436230
부산광역시,2019.03,3434091
부산광역시,2019.04,3431750
부산광역시,2019.05,3429595
부산광역시,2019.06,3427632
부산광역시,2019.07,3425317
부산광역시,2019.08,3423209
부산광역시,2019.09,3421502
부산광역시,2019.10,3418871
부산광역시,2019.11,3416721
부산광역시,2019.12,3413841
부산광역시,2020.01,3411819
부산광역시,2020.02,3410925
부산광역시,2020.03,3409932
부산광역시,2020.04,3408347
부산광역시,2020.05,3406942
부산광역시,2020.06,3404423
부산광역시,2020.07,3402776
부산광역시,2020.08,3401072
부산광역시,2020.09,3399749
부산광역시,2020.10,3397598
부산광역시,2020.11,3395514
부산광역시,2020.12,3391946
부산광역시,2021.01,3389388
부산광역시,2021.02,3387761
부산광역시,2021.03,3372399
부산광역시,2021.04,3369704
부산광역시,2021.05,3367334
부산광역시,2021.06,3364358
부산광역시,2021.07,3361781
부산광역시,2021.08,3359527
부산광역시,2021.09,3358763
부산광역시,2021.10,3356311
부산광역시,2021.11,3353627
부산광역시,2021.12,3350380
부산광역시,2022.01,3348874
부산광역시,2022.02,3347396
부산광역시,2022.03,3343504
서울특별시,2011.01,10312835
서울특별시,2011.02,10314245
서울특별시,2011.03,10307783
서울특별시,2011.04,10301829
서울특별시,2011.05,10295643
서울특별시,2011.06,10288284
서울특별시,2011.07,10282472
서울특별시,2011.08,10277507
서울특별시,2011.09,10271880
서울특별시,2011.10,10266174
서울특별시,2011.11,10257741
서울특별시,2011.12,10249679
서울특별시,2012.01,10250134
서울특별시,2012.02,10251297
서울특별시,2012.03,10245782
서울특별시,2012.04,10241387
서울특별시,2012.05,10237054
서울특별시,2012.06,10232281
서울특별시,2012.07,10227761
서울특별시,2012.08,10223243
서울특별시,2012.09,10219334
서울특별시,2012.10,10212445
서울특별시,2012.11,10205843
서울특별시,2012.12,10195318
서울특별시,2013.01,10195064
서울특별시,2013.02,10196434
서울특별시,2013.03,10192057
서울특별시,2013.04,10185955
서울특별시,2013.05,10181807
서울특별시,2013.06,10176560
서울특별시,2013.07,10172002
서울특별시,2013.08,10168997
서울특별시,2013.09,10166691
서울특별시,2013.10,10162099
서울특별시,2013.11,10154180
서울특별시,2013.12,10143645
서울특별시,2014.01,10143164
서울특별시,2014.02,10144173
서울특별시,2014.03,10141727
서울특별시,2014.04,10137313
서울특별시,2014.05,10133734
서울특별시,2014.06,10129223
서울특별시,2014.07,10125912
서울특별시,2014.08,10124243
서울특별시,2014.09,10122661
서울특별시,2014.10,10117909
서울특별시,2014.11,10112156
서울특별시,2014.12,10103233
서울특별시,2015.01,10104515
서울특별시,2015.02,10105206
서울특별시,2015.03,10100987
서울특별시,2015.04,10094889
서울특별시,2015.05,10088393
서울특별시,2015.06,10078850
서울특별시,2015.07,10071654
서울특별시,2015.08,10063197
서울특별시,2015.09,10055027
서울특별시,2015.10,10045027
서울특별시,2015.11,10035597
서울특별시,2015.12,10022181
서울특별시,2016.01,10018537
서울특별시,2016.02,10014261
서울특별시,2016.03,10009588
서울특별시,2016.04,10002979
서울특별시,2016.05,9995784
서울특별시,2016.06,9989795
서울특별시,2016.07,9981673
서울특별시,2016.08,9971111
서울특별시,2016.09,9964291
서울특별시,2016.10,9954791
서울특별시,2016.11,9943333
서울특별시,2016.12,9930616
서울특별시,2017.01,9930478
서울특별시,2017.02,9931412
서울특별시,2017.03,9926968
서울특별시,2017.04,9922745
서울특별시,2017.05,9919016
서울특별시,2017.06,9914381
서울특별시,2017.07,9908612
서울특별시,2017.08,9902072
서울특별시,2017.09,9891448
서울특별시,2017.10,9882810
서울특별시,2017.11,9870167
서울특별시,2017.12,9857426
서울특별시,2018.01,9851767
서울특별시,2018.02,9845336
서울특별시,2018.03,9838892
서울특별시,2018.04,9830452
서울특별시,2018.05,9820971
서울특별시,2018.06,9814049
서울특별시,2018.07,9806538
서울특별시,2018.08,9799075
서울특별시,2018.09,9793003
서울특별시,2018.10,9784112
서울특별시,2018.11,9774088
서울특별시,2018.12,9765623
서울특별시,2019.01,9766288
서울특별시,2019.02,9770638
서울특별시,2019.03,9770216
서울특별시,2019.04,9766886
서울특별시,2019.05,9762062
서울특별시,2019.06,9757144
서울특별시,2019.07,9751415
서울특별시,2019.08,9744888
서울특별시,2019.09,9740398
서울특별시,2019.10,9736289
서울특별시,2019.11,9732577
서울특별시,2019.12,9729107
서울특별시,2020.01,9733509
서울특별시,2020.02,9736962
서울특별시,2020.03,9733655
서울특별시,2020.04,9726787
서울특별시,2020.05,9724496
서울특별시,2020.06,9720846
서울특별시,2020.07,9715429
서울특별시,2020.08,9708247
서울특별시,2020.09,9699232
서울특별시,2020.10,9689159
서울특별시,2020.11,9679771
서울특별시,2020.12,9668465
서울특별시,2021.01,9657969
서울특별시,2021.02,9648606
서울특별시,2021.03,9598484
서울특별시,2021.04,9588711
서울특별시,2021.05,9575355
서울특별시,2021.06,9565990
서울특별시,2021.07,9558153
서울특별시,2021.08,9550227
서울특별시,2021.09,9542256
서울특별시,2021.10,9532428
서울특별시,2021.11,9520880
서울특별시,2021.12,9509458
서울특별시,2022.01,9505926
서울특별시,2022.02,9508451
서울특별시,2022.03,9506778
세종특별자치시,2011.01,0
세종특별자치시,2011.02,0
세종특별자치시,2011.03,0
세종특별자치시,2011.04,0
세종특별자치시,2011.05,0
세종특별자치시,2011.06,0
세종특별자치시,2011.07,0
세종특별자치시,2011.08,0
세종특별자치시,2011.09,0
세종특별자치시,2011.10,0
세종특별자치시,2011.11,0
세종특별자치시,2011.12,0
세종특별자치시,2012.01,0
세종특별자치시,2012.02,0
세종특별자치시,2012.03,0
세종특별자치시,2012.04,0
세종특별자치시,2012.05,0
세종특별자치시,2012.06,0
세종특별자치시,2012.07,103127
세종특별자치시,2012.08,106625
세종특별자치시,2012.09,108027
세종특별자치시,2012.10,109823
세종특별자치시,2012.11,111191
세종특별자치시,2012.12,113117
세종특별자치시,2013.01,113911
세종특별자치시,2013.02,115269
세종특별자치시,2013.03,115955
세종특별자치시,2013.04,116345
세종특별자치시,2013.05,116842
세종특별자치시,2013.06,117012
세종특별자치시,2013.07,117369
세종특별자치시,2013.08,117939
세종특별자치시,2013.09,118273
세종특별자치시,2013.10,118745
세종특별자치시,2013.11,119309
세종특별자치시,2013.12,122153
세종특별자치시,2014.01,123802
세종특별자치시,2014.02,125944
세종특별자치시,2014.03,126857
세종특별자치시,2014.04,128200
세종특별자치시,2014.05,129669
세종특별자치시,2014.06,130708
세종특별자치시,2014.07,132016
세종특별자치시,2014.08,134631
세종특별자치시,2014.09,138136
세종특별자치시,2014.10,142686
세종특별자치시,2014.11,148151
세종특별자치시,2014.12,156125
세종특별자치시,2015.01,161716
세종특별자치시,2015.02,169762
세종특별자치시,2015.03,174920
세종특별자치시,2015.04,178656
세종특별자치시,2015.05,182028
세종특별자치시,2015.06,185212
세종특별자치시,2015.07,189478
세종특별자치시,2015.08,194173
세종특별자치시,2015.09,197964
세종특별자치시,2015.10,202214
세종특별자치시,2015.11,206044
세종특별자치시,2015.12,210884
세종특별자치시,2016.01,215418
세종특별자치시,2016.02,220108
세종특별자치시,2016.03,223461
세종특별자치시,2016.04,225488
세종특별자치시,2016.05,227972
세종특별자치시,2016.06,230327
세종특별자치시,2016.07,232117
세종특별자치시,2016.08,234510
세종특별자치시,2016.09,236134
세종특별자치시,2016.10,238533
세종특별자치시,2016.11,240560
세종특별자치시,2016.12,243048
세종특별자치시,2017.01,244939
세종특별자치시,2017.02,247600
세종특별자치시,2017.03,251178
세종특별자치시,2017.04,254112
세종특별자치시,2017.05,259157
세종특별자치시,2017.06,263056
세종특별자치시,2017.07,266075
세종특별자치시,2017.08,269102
세종특별자치시,2017.09,271410
세종특별자치시,2017.10,274092
세종특별자치시,2017.11,276879
세종특별자치시,2017.12,280100
세종특별자치시,2018.01,283198
세종특별자치시,2018.02,288079
세종특별자치시,2018.03,291182
세종특별자치시,2018.04,295041
세종특별자치시,2018.05,297604
세종특별자치시,2018.06,300332
세종특별자치시,2018.07,302703
세종특별자치시,2018.08,305648
세종특별자치시,2018.09,308068
세종특별자치시,2018.10,310403
세종특별자치시,2018.11,312103
세종특별자치시,2018.12,314126
세종특별자치시,2019.01,316814
세종특별자치시,2019.02,320326
세종특별자치시,2019.03,322693
세종특별자치시,2019.04,324417
세종특별자치시,2019.05,325777
세종특별자치시,2019.06,327643
세종특별자치시,2019.07,330298
세종특별자치시,2019.08,332098
세종특별자치시,2019.09,333757
세종특별자치시,2019.10,336356
세종특별자치시,2019.11,338647
세종특별자치시,2019.12,340575
세종특별자치시,2020.01,342328
세종특별자치시,2020.02,343788
세종특별자치시,2020.03,344792
세종특별자치시,2020.04,345216
세종특별자치시,2020.05,345373
세종특별자치시,2020.06,345341
세종특별자치시,2020.07,346217
세종특별자치시,2020.08,347232
세종특별자치시,2020.09,348014
세종특별자치시,2020.10,351007
세종특별자치시,2020.11,353430
세종특별자치시,2020.12,355831
세종특별자치시,2021.01,357871
세종특별자치시,2021.02,359569
세종특별자치시,2021.03,360462
세종특별자치시,2021.04,361396
세종특별자치시,2021.05,362036
세종특별자치시,2021.06,362995
세종특별자치시,2021.07,364364
세종특별자치시,2021.08,365309
세종특별자치시,2021.09,366560
세종특별자치시,2021.10,368276
세종특별자치시,2021.11,369465
세종특별자치시,2021.12,371895
세종특별자치시,2022.01,374377
세종특별자치시,2022.02,376399
세종특별자치시,2022.03,377296
울산광역시,2011.01,1127337
울산광역시,2011.02,1127647
울산광역시,2011.03,1128324
울산광역시,2011.04,1129038
울산광역시,2011.05,1129612
울산광역시,2011.06,1130832
울산광역시,2011.07,1131325
울산광역시,2011.08,1131979
울산광역시,2011.09,1132910
울산광역시,2011.10,1134125
울산광역시,2011.11,1134904
울산광역시,2011.12,1135494
울산광역시,2012.01,1136464
울산광역시,2012.02,1136948
울산광역시,2012.03,1137918
울산광역시,2012.04,1139628
울산광역시,2012.05,1140673
울산광역시,2012.06,1140954
울산광역시,2012.07,1141483
울산광역시,2012.08,1142528
울산광역시,2012.09,1143464
울산광역시,2012.10,1145096
울산광역시,2012.11,1146555
울산광역시,2012.12,1147256
울산광역시,2013.01,1148130
울산광역시,2013.02,1148713
울산광역시,2013.03,1150215
울산광역시,2013.04,1150708
울산광역시,2013.05,1151340
울산광역시,2013.06,1152039
울산광역시,2013.07,1152765
울산광역시,2013.08,1154208
울산광역시,2013.09,1154382
울산광역시,2013.10,1154956
울산광역시,2013.11,1155867
울산광역시,2013.12,1156480
울산광역시,2014.01,1157199
울산광역시,2014.02,1157627
울산광역시,2014.03,1158245
울산광역시,2014.04,1159234
울산광역시,2014.05,1160275
울산광역시,2014.06,1161019
울산광역시,2014.07,1161538
울산광역시,2014.08,1162316
울산광역시,2014.09,1163048
울산광역시,2014.10,1163690
울산광역시,2014.11,1166229
울산광역시,2014.12,1166377
울산광역시,2015.01,1167232
울산광역시,2015.02,1167385
울산광역시,2015.03,1168692
울산광역시,2015.04,1169433
울산광역시,2015.05,1169658
울산광역시,2015.06,1169768
울산광역시,2015.07,1170232
울산광역시,2015.08,1170640
울산광역시,2015.09,1170980
울산광역시,2015.10,1173050
울산광역시,2015.11,1174051
울산광역시,2015.12,1173534
울산광역시,2016.01,1173568
울산광역시,2016.02,1173143
울산광역시,2016.03,1172959
울산광역시,2016.04,1172925
울산광역시,2016.05,1173147
울산광역시,2016.06,1173143
울산광역시,2016.07,1173066
울산광역시,2016.08,1173005
울산광역시,2016.09,1172965
울산광역시,2016.10,1173178
울산광역시,2016.11,1172891
울산광역시,2016.12,1172304
울산광역시,2017.01,1171656
울산광역시,2017.02,1169957
울산광역시,2017.03,1168843
울산광역시,2017.04,1168501
울산광역시,2017.05,1167960
울산광역시,2017.06,1167525
울산광역시,2017.07,1166942
울산광역시,2017.08,1165909
울산광역시,2017.09,1165385
울산광역시,2017.10,1165528
울산광역시,2017.11,1165317
울산광역시,2017.12,1165132
울산광역시,2018.01,1164489
울산광역시,2018.02,1163151
울산광역시,2018.03,1162074
울산광역시,2018.04,1161303
울산광역시,2018.05,1160657
울산광역시,2018.06,1159594
울산광역시,2018.07,1158847
울산광역시,2018.08,1157964
울산광역시,2018.09,1157420
울산광역시,2018.10,1156917
울산광역시,2018.11,1156260
울산광역시,2018.12,1155623
울산광역시,2019.01,1154786
울산광역시,2019.02,1153735
울산광역시,2019.03,1152800
울산광역시,2019.04,1152293
울산광역시,2019.05,1151685
울산광역시,2019.06,1151301
울산광역시,2019.07,1150891
울산광역시,2019.08,1150294
울산광역시,2019.09,1149873
울산광역시,2019.10,1149409
울산광역시,2019.11,1148922
울산광역시,2019.12,1148019
울산광역시,2020.01,1147037
울산광역시,2020.02,1145710
울산광역시,2020.03,1144563
울산광역시,2020.04,1144098
울산광역시,2020.05,1143148
울산광역시,2020.06,1142190
울산광역시,2020.07,1141362
울산광역시,2020.08,1140310
울산광역시,2020.09,1139368
울산광역시,2020.10,1138581
울산광역시,2020.11,1137345
울산광역시,2020.12,1136017
울산광역시,2021.01,1135370
울산광역시,2021.02,1132953
울산광역시,2021.03,1129254
울산광역시,2021.04,1128163
울산광역시,2021.05,1127175
울산광역시,2021.06,1126369
울산광역시,2021.07,1125727
울산광역시,2021.08,1124459
울산광역시,2021.09,1123236
울산광역시,2021.10,1122566
울산광역시,2021.11,1122495
울산광역시,2021.12,1121592
울산광역시,2022.01,1121100
울산광역시,2022.02,1119446
울산광역시,2022.03,1118010
인천광역시,2011.01,2761122
인천광역시,2011.02,2765025
인천광역시,2011.03,2768648
인천광역시,2011.04,2772131
인천광역시,2011.05,2775394
인천광역시,2011.06,2779133
인천광역시,2011.07,2782458
인천광역시,2011.08,2786717
인천광역시,2011.09,2790226
인천광역시,2011.10,2794493
인천광역시,2011.11,2798762
인천광역시,2011.12,2801274
인천광역시,2012.01,2804287
인천광역시,2012.02,2808286
인천광역시,2012.03,2811410
인천광역시,2012.04,2815158
인천광역시,2012.05,2818348
인천광역시,2012.06,2820994
인천광역시,2012.07,2824150
인천광역시,2012.08,2828342
인천광역시,2012.09,2831729
인천광역시,2012.10,2836080
인천광역시,2012.11,2840308
인천광역시,2012.12,2843981
인천광역시,2013.01,2846899
인천광역시,2013.02,2850543
인천광역시,2013.03,2853489
인천광역시,2013.04,2856667
인천광역시,2013.05,2859335
인천광역시,2013.06,2861722
인천광역시,2013.07,2864951
인천광역시,2013.08,2867429
인천광역시,2013.09,2870125
인천광역시,2013.10,2873451
인천광역시,2013.11,2876797
인천광역시,2013.12,2879782
인천광역시,2014.01,2882047
인천광역시,2014.02,2884824
인천광역시,2014.03,2886580
인천광역시,2014.04,2889258
인천광역시,2014.05,2891615
인천광역시,2014.06,2892483
인천광역시,2014.07,2894151
인천광역시,2014.08,2895292
인천광역시,2014.09,2897018
인천광역시,2014.10,2899071
인천광역시,2014.11,2900996
인천광역시,2014.12,2902608
인천광역시,2015.01,2904876
인천광역시,2015.02,2906603
인천광역시,2015.03,2908418
인천광역시,2015.04,2910307
인천광역시,2015.05,2912114
인천광역시,2015.06,2914271
인천광역시,2015.07,2916719
인천광역시,2015.08,2918982
인천광역시,2015.09,2920938
인천광역시,2015.10,2923030
인천광역시,2015.11,2924578
인천광역시,2015.12,2925815
인천광역시,2016.01,2927195
인천광역시,2016.02,2928596
인천광역시,2016.03,2929817
인천광역시,2016.04,2932141
인천광역시,2016.05,2933959
인천광역시,2016.06,2935314
인천광역시,2016.07,2937217
인천광역시,2016.08,2938902
인천광역시,2016.09,2940436
인천광역시,2016.10,2941793
인천광역시,2016.11,2942613
인천광역시,2016.12,2943069
인천광역시,2017.01,2944009
인천광역시,2017.02,2944266
인천광역시,2017.03,2944630
인천광역시,2017.04,2945305
인천광역시,2017.05,2946270
인천광역시,2017.06,2946915
인천광역시,2017.07,2947803
인천광역시,2017.08,2948014
인천광역시,2017.09,2947298
인천광역시,2017.10,2948098
인천광역시,2017.11,2948241
인천광역시,2017.12,2948542
인천광역시,2018.01,2950771
인천광역시,2018.02,2951629
인천광역시,2018.03,2951442
인천광역시,2018.04,2952476
인천광역시,2018.05,2953255
인천광역시,2018.06,2953883
인천광역시,2018.07,2953841
인천광역시,2018.08,2953206
인천광역시,2018.09,2953116
인천광역시,2018.10,2953333
인천광역시,2018.11,2953844
인천광역시,2018.12,2954642
인천광역시,2019.01,2955916
인천광역시,2019.02,2956063
인천광역시,2019.03,2956513
인천광역시,2019.04,2956700
인천광역시,2019.05,2957179
인천광역시,2019.06,2957024
인천광역시,2019.07,2956828
인천광역시,2019.08,2956525
인천광역시,2019.09,2956804
인천광역시,2019.10,2956984
인천광역시,2019.11,2957249
인천광역시,2019.12,2957026
인천광역시,2020.01,2956119
인천광역시,2020.02,2954955
인천광역시,2020.03,2952689
인천광역시,2020.04,2950972
인천광역시,2020.05,2950063
인천광역시,2020.06,2947217
인천광역시,2020.07,2945565
인천광역시,2020.08,2943491
인천광역시,2020.09,2942553
인천광역시,2020.10,2942233
인천광역시,2020.11,2942307
인천광역시,2020.12,2942828
인천광역시,2021.01,2942452
인천광역시,2021.02,2941705
인천광역시,2021.03,2936461
인천광역시,2021.04,2936214
인천광역시,2021.05,2936382
인천광역시,2021.06,2936367
인천광역시,2021.07,2937440
인천광역시,2021.08,2938429
인천광역시,2021.09,2941795
인천광역시,2021.10,2945009
인천광역시,2021.11,2946319
인천광역시,2021.12,2948375
인천광역시,2022.01,2949150
인천광역시,2022.02,2950978
인천광역시,2022.03,2952699
전국,2011.01,50534731
전국,2011.02,50555262
전국,2011.03,50575130
전국,2011.04,50594424
전국,2011.05,50613213
전국,2011.06,50627347
전국,2011.07,50641565
전국,2011.08,50662739
전국,2011.09,50681829
전국,2011.10,50699478
전국,2011.11,50717719
전국,2011.12,50734284
전국,2012.01,50750837
전국,2012.02,50767313
전국,2012.03,50783029
전국,2012.04,50801531
전국,2012.05,50819380
전국,2012.06,50832898
전국,2012.07,50851082
전국,2012.08,50871606
전국,2012.09,50891223
전국,2012.10,50912264
전국,2012.11,50930805
전국,2012.12,50948272
전국,2013.01,50965180
전국,2013.02,50991003
전국,2013.03,51003843
전국,2013.04,51018468
전국,2013.05,51034494
전국,2013.06,51047880
전국,2013.07,51064841
전국,2013.08,51081507
전국,2013.09,51098531
전국,2013.10,51115702
전국,2013.11,51127984
전국,2013.12,51141463
전국,2014.01,51156168
전국,2014.02,51171176
전국,2014.03,51185882
전국,2014.04,51202130
전국,2014.05,51218424
전국,2014.06,51233579
전국,2014.07,51250261
전국,2014.08,51266779
전국,2014.09,51284774
전국,2014.10,51302044
전국,2014.11,51314683
전국,2014.12,51327916
전국,2015.01,51342881
전국,2015.02,51360454
전국,2015.03,51378174
전국,2015.04,51395238
전국,2015.05,51413925
전국,2015.06,51431100
전국,2015.07,51448183
전국,2015.08,51465228
전국,2015.09,51482816
전국,2015.10,51500986
전국,2015.11,51515399
전국,2015.12,51529338
전국,2016.01,51541582
전국,2016.02,51555409
전국,2016.03,51569536
전국,2016.04,51584349
전국,2016.05,51601265
전국,2016.06,51619330
전국,2016.07,51634618
전국,2016.08,51649552
전국,2016.09,51664244
전국,2016.10,51677054
전국,2016.11,51687682
전국,2016.12,51696216
전국,2017.01,51704332
전국,2017.02,51712221
전국,2017.03,51714935
전국,2017.04,51722903
전국,2017.05,51732586
전국,2017.06,51736224
전국,2017.07,51744948
전국,2017.08,51753820
전국,2017.09,51762492
전국,2017.10,51769092
전국,2017.11,51774649
전국,2017.12,51778544
전국,2018.01,51779148
전국,2018.02,51779892
전국,2018.03,51784669
전국,2018.04,51790131
전국,2018.05,51796179
전국,2018.06,51801449
전국,2018.07,51806977
전국,2018.08,51812153
전국,2018.09,51817851
전국,2018.10,51821881
전국,2018.11,51824477
전국,2018.12,51826059
전국,2019.01,51826287
전국,2019.02,51829538
전국,2019.03,51833175
전국,2019.04,51836763
전국,2019.05,51840339
전국,2019.06,51842636
전국,2019.07,51845612
전국,2019.08,51847538
전국,2019.09,51849253
전국,2019.10,51850705
전국,2019.11,51851427
전국,2019.12,51849861
전국,2020.01,51847509
전국,2020.02,51844627
전국,2020.03,51843195
전국,2020.04,51842524
전국,2020.05,51841371
전국,2020.06,51839408
전국,2020.07,51839852
전국,2020.08,51839953
전국,2020.09,51841786
전국,2020.10,51838016
전국,2020.11,51834302
전국,2020.12,51829023
전국,2021.01,51825932
전국,2021.02,51824142
전국,2021.03,51705905
전국,2021.04,51702100
전국,2021.05,51683025
전국,2021.06,51672400
전국,2021.07,51671569
전국,2021.08,51669716
전국,2021.09,51667688
전국,2021.10,51662290
전국,2021.11,51652704
전국,2021.12,51638809
전국,2022.01,51632473
전국,2022.02,51625561
전국,2022.03,51610695
전라남도,2011.01,1916912
전라남도,2011.02,1914191
전라남도,2011.03,1914176
전라남도,2011.04,1913918
전라남도,2011.05,1913641
전라남도,2011.06,1914142
전라남도,2011.07,1913185
전라남도,2011.08,1911983
전라남도,2011.09,1912151
전라남도,2011.10,1912509
전라남도,2011.11,1913002
전라남도,2011.12,1914339
전라남도,2012.01,1912725
전라남도,2012.02,1910664
전라남도,2012.03,1910746
전라남도,2012.04,1910533
전라남도,2012.05,1910689
전라남도,2012.06,1910707
전라남도,2012.07,1910298
전라남도,2012.08,1909493
전라남도,2012.09,1909212
전라남도,2012.10,1908998
전라남도,2012.11,1908834
전라남도,2012.12,1909618
전라남도,2013.01,1907945
전라남도,2013.02,1907027
전라남도,2013.03,1906887
전라남도,2013.04,1906477
전라남도,2013.05,1906335
전라남도,2013.06,1906575
전라남도,2013.07,1906028
전라남도,2013.08,1905442
전라남도,2013.09,1905374
전라남도,2013.10,1905627
전라남도,2013.11,1906495
전라남도,2013.12,1907172
전라남도,2014.01,1906363
전라남도,2014.02,1905198
전라남도,2014.03,1905860
전라남도,2014.04,1907343
전라남도,2014.05,1906487
전라남도,2014.06,1905242
전라남도,2014.07,1904195
전라남도,2014.08,1903177
전라남도,2014.09,1902350
전라남도,2014.10,1902324
전라남도,2014.11,1902916
전라남도,2014.12,1905780
전라남도,2015.01,1904220
전라남도,2015.02,1903220
전라남도,2015.03,1902274
전라남도,2015.04,1902212
전라남도,2015.05,1902383
전라남도,2015.06,1902638
전라남도,2015.07,1903046
전라남도,2015.08,1903609
전라남도,2015.09,1904402
전라남도,2015.10,1905616
전라남도,2015.11,1905373
전라남도,2015.12,1908996
전라남도,2016.01,1906904
전라남도,2016.02,1905700
전라남도,2016.03,1905239
전라남도,2016.04,1904917
전라남도,2016.05,1904449
전라남도,2016.06,1904314
전라남도,2016.07,1903692
전라남도,2016.08,1902883
전라남도,2016.09,1902077
전라남도,2016.10,1902022
전라남도,2016.11,1902260
전라남도,2016.12,1903914
전라남도,2017.01,1902380
전라남도,2017.02,1900797
전라남도,2017.03,1899441
전라남도,2017.04,1899604
전라남도,2017.05,1899088
전라남도,2017.06,1898065
전라남도,2017.07,1897681
전라남도,2017.08,1895974
전라남도,2017.09,1895233
전라남도,2017.10,1894676
전라남도,2017.11,1894426
전라남도,2017.12,1896424
전라남도,2018.01,1893444
전라남도,2018.02,1891308
전라남도,2018.03,1890423
전라남도,2018.04,1890412
전라남도,2018.05,1889726
전라남도,2018.06,1887991
전라남도,2018.07,1886297
전라남도,2018.08,1884285
전라남도,2018.09,1882637
전라남도,2018.10,1881420
전라남도,2018.11,1881518
전라남도,2018.12,1882970
전라남도,2019.01,1878904
전라남도,2019.02,1875862
전라남도,2019.03,1874232
전라남도,2019.04,1873183
전라남도,2019.05,1871718
전라남도,2019.06,1870587
전라남도,2019.07,1868856
전라남도,2019.08,1867094
전라남도,2019.09,1865915
전라남도,2019.10,1865039
전라남도,2019.11,1865588
전라남도,2019.12,1868745
전라남도,2020.01,1864712
전라남도,2020.02,1861894
전라남도,2020.03,1859290
전라남도,2020.04,1857083
전라남도,2020.05,1855945
전라남도,2020.06,1854618
전라남도,2020.07,1853339
전라남도,2020.08,1851985
전라남도,2020.09,1851124
전라남도,2020.10,1850680
전라남도,2020.11,1850557
전라남도,2020.12,1851549
전라남도,2021.01,1850575
전라남도,2021.02,1849795
전라남도,2021.03,1844811
전라남도,2021.04,1844148
전라남도,2021.05,1842423
전라남도,2021.06,1840921
전라남도,2021.07,1839698
전라남도,2021.08,1838353
전라남도,2021.09,1835690
전라남도,2021.10,1834653
전라남도,2021.11,1833864
전라남도,2021.12,1832803
전라남도,2022.01,1832604
전라남도,2022.02,1831451
전라남도,2022.03,1829501
전라북도,2011.01,1868745
전라북도,2011.02,1868363
전라북도,2011.03,1868476
전라북도,2011.04,1868846
전라북도,2011.05,1869418
전라북도,2011.06,1870863
전라북도,2011.07,1871388
전라북도,2011.08,1872346
전라북도,2011.09,1873956
전라북도,2011.10,1874058
전라북도,2011.11,1874181
전라북도,2011.12,1874031
전라북도,2012.01,1873491
전라북도,2012.02,1872933
전라북도,2012.03,1873678
전라북도,2012.04,1873333
전라북도,2012.05,1873141
전라북도,2012.06,1873093
전라북도,2012.07,1872830
전라북도,2012.08,1872957
전라북도,2012.09,1873134
전라북도,2012.10,1873353
전라북도,2012.11,1873561
전라북도,2012.12,1873341
전라북도,2013.01,1872500
전라북도,2013.02,1872311
전라북도,2013.03,1871818
전라북도,2013.04,1871979
전라북도,2013.05,1871592
전라북도,2013.06,1871545
전라북도,2013.07,1871570
전라북도,2013.08,1871498
전라북도,2013.09,1871726
전라북도,2013.10,1871776
전라북도,2013.11,1872370
전라북도,2013.12,1872965
전라북도,2014.01,1872297
전라북도,2014.02,1871267
전라북도,2014.03,1871139
전라북도,2014.04,1871174
전라북도,2014.05,1871333
전라북도,2014.06,1870844
전라북도,2014.07,1871456
전라북도,2014.08,1872056
전라북도,2014.09,1871931
전라북도,2014.10,1871747
전라북도,2014.11,1871725
전라북도,2014.12,1871560
전라북도,2015.01,1871018
전라북도,2015.02,1870728
전라북도,2015.03,1869966
전라북도,2015.04,1869900
전라북도,2015.05,1869965
전라북도,2015.06,1869668
전라북도,2015.07,1869354
전라북도,2015.08,1869025
전라북도,2015.09,1869255
전라북도,2015.10,1869297
전라북도,2015.11,1869654
전라북도,2015.12,1869711
전라북도,2016.01,1868354
전라북도,2016.02,1867534
전라북도,2016.03,1866691
전라북도,2016.04,1866184
전라북도,2016.05,1865634
전라북도,2016.06,1865900
전라북도,2016.07,1865612
전라북도,2016.08,1865232
전라북도,2016.09,1864729
전라북도,2016.10,1864043
전라북도,2016.11,1864475
전라북도,2016.12,1864791
전라북도,2017.01,1863298
전라북도,2017.02,1861955
전라북도,2017.03,1860485
전라북도,2017.04,1859703
전라북도,2017.05,1858927
전라북도,2017.06,1857815
전라북도,2017.07,1856921
전라북도,2017.08,1855985
전라북도,2017.09,1855450
전라북도,2017.10,1854688
전라북도,2017.11,1853886
전라북도,2017.12,1854607
전라북도,2018.01,1851694
전라북도,2018.02,1849543
전라북도,2018.03,1848066
전라북도,2018.04,1847089
전라북도,2018.05,1846144
전라북도,2018.06,1844639
전라북도,2018.07,1843009
전라북도,2018.08,1841427
전라북도,2018.09,1840544
전라북도,2018.10,1839358
전라북도,2018.11,1838049
전라북도,2018.12,1836832
전라북도,2019.01,1834532
전라북도,2019.02,1832227
전라북도,2019.03,1830499
전라북도,2019.04,1829273
전라북도,2019.05,1827871
전라북도,2019.06,1826717
전라북도,2019.07,1825381
전라북도,2019.08,1823982
전라북도,2019.09,1822883
전라북도,2019.10,1821813
전라북도,2019.11,1820799
전라북도,2019.12,1818917
전라북도,2020.01,1817302
전라북도,2020.02,1815112
전라북도,2020.03,1812936
전라북도,2020.04,1811619
전라북도,2020.05,1810097
전라북도,2020.06,1808802
전라북도,2020.07,1808044
전라북도,2020.08,1807094
전라북도,2020.09,1806441
전라북도,2020.10,1805937
전라북도,2020.11,1805204
전라북도,2020.12,1804104
전라북도,2021.01,1802748
전라북도,2021.02,1801319
전라북도,2021.03,1797450
전라북도,2021.04,1796331
전라북도,2021.05,1794682
전라북도,2021.06,1794345
전라북도,2021.07,1793902
전라북도,2021.08,1792476
전라북도,2021.09,1791110
전라북도,2021.10,1789770
전라북도,2021.11,1788616
전라북도,2021.12,1786855
전라북도,2022.01,1785392
전라북도,2022.02,1783923
전라북도,2022.03,1782205
제주특별자치도,2011.01,571468
제주특별자치도,2011.02,571913
제주특별자치도,2011.03,572447
제주특별자치도,2011.04,572918
제주특별자치도,2011.05,573459
제주특별자치도,2011.06,573757
제주특별자치도,2011.07,574175
제주특별자치도,2011.08,574724
제주특별자치도,2011.09,575129
제주특별자치도,2011.10,575562
제주특별자치도,2011.11,575951
제주특별자치도,2011.12,576156
제주특별자치도,2012.01,576507
제주특별자치도,2012.02,577094
제주특별자치도,2012.03,577812
제주특별자치도,2012.04,578437
제주특별자치도,2012.05,579260
제주특별자치도,2012.06,579859
제주특별자치도,2012.07,580794
제주특별자치도,2012.08,581340
제주특별자치도,2012.09,582022
제주특별자치도,2012.10,582693
제주특별자치도,2012.11,583293
제주특별자치도,2012.12,583713
제주특별자치도,2013.01,584045
제주특별자치도,2013.02,585231
제주특별자치도,2013.03,586149
제주특별자치도,2013.04,587153
제주특별자치도,2013.05,588001
제주특별자치도,2013.06,588618
제주특별자치도,2013.07,589622
제주특별자치도,2013.08,590450
제주특별자치도,2013.09,591341
제주특별자치도,2013.10,592199
제주특별자치도,2013.11,593004
제주특별자치도,2013.12,593806
제주특별자치도,2014.01,594623
제주특별자치도,2014.02,595913
제주특별자치도,2014.03,596941
제주특별자치도,2014.04,598015
제주특별자치도,2014.05,599122
제주특별자치도,2014.06,600284
제주특별자치도,2014.07,601467
제주특별자치도,2014.08,602521
제주특별자치도,2014.09,603567
제주특별자치도,2014.10,604771
제주특별자치도,2014.11,606072
제주특별자치도,2014.12,607346
제주특별자치도,2015.01,608325
제주특별자치도,2015.02,609612
제주특별자치도,2015.03,611044
제주특별자치도,2015.04,612505
제주특별자치도,2015.05,613858
제주특별자치도,2015.06,615250
제주특별자치도,2015.07,617038
제주특별자치도,2015.08,618447
제주특별자치도,2015.09,620009
제주특별자치도,2015.10,621661
제주특별자치도,2015.11,622952
제주특별자치도,2015.12,624395
제주특별자치도,2016.01,625451
제주특별자치도,2016.02,627442
제주특별자치도,2016.03,629220
제주특별자치도,2016.04,631061
제주특별자치도,2016.05,632802
제주특별자치도,2016.06,634274
제주특별자치도,2016.07,635800
제주특별자치도,2016.08,637172
제주특별자치도,2016.09,638199
제주특별자치도,2016.10,639306
제주특별자치도,2016.11,640488
제주특별자치도,2016.12,641597
제주특별자치도,2017.01,642388
제주특별자치도,2017.02,643736
제주특별자치도,2017.03,644924
제주특별자치도,2017.04,646140
제주특별자치도,2017.05,647547
제주특별자치도,2017.06,648497
제주특별자치도,2017.07,650190
제주특별자치도,2017.08,651888
제주특별자치도,2017.09,653270
제주특별자치도,2017.10,654750
제주특별자치도,2017.11,656013
제주특별자치도,2017.12,657083
제주특별자치도,2018.01,658167
제주특별자치도,2018.02,659189
제주특별자치도,2018.03,660441
제주특별자치도,2018.04,661511
제주특별자치도,2018.05,662633
제주특별자치도,2018.06,663526
제주특별자치도,2018.07,664579
제주특별자치도,2018.08,665517
제주특별자치도,2018.09,666151
제주특별자치도,2018.10,666686
제주특별자치도,2018.11,667064
제주특별자치도,2018.12,667191
제주특별자치도,2019.01,667337
제주특별자치도,2019.02,667522
제주특별자치도,2019.03,668120
제주특별자치도,2019.04,668648
제주특별자치도,2019.05,669328
제주특별자치도,2019.06,669771
제주특별자치도,2019.07,670209
제주특별자치도,2019.08,670521
제주특별자치도,2019.09,670610
제주특별자치도,2019.10,670738
제주특별자치도,2019.11,670895
제주특별자치도,2019.12,670989
제주특별자치도,2020.01,670749
제주특별자치도,2020.02,670876
제주특별자치도,2020.03,670508
제주특별자치도,2020.04,670595
제주특별자치도,2020.05,670793
제주특별자치도,2020.06,671316
제주특별자치도,2020.07,671913
제주특별자치도,2020.08,672524
제주특별자치도,2020.09,672948
제주특별자치도,2020.10,673606
제주특별자치도,2020.11,674001
제주특별자치도,2020.12,674635
제주특별자치도,2021.01,674615
제주특별자치도,2021.02,675137
제주특별자치도,2021.03,673974
제주특별자치도,2021.04,674484
제주특별자치도,2021.05,674877
제주특별자치도,2021.06,675293
제주특별자치도,2021.07,675876
제주특별자치도,2021.08,675883
제주특별자치도,2021.09,676079
제주특별자치도,2021.10,676569
제주특별자치도,2021.11,676768
제주특별자치도,2021.12,676759
제주특별자치도,2022.01,676691
제주특별자치도,2022.02,677143
제주특별자치도,2022.03,677218
충청남도,2011.01,2076239
충청남도,2011.02,2077703
충청남도,2011.03,2081390
충청남도,2011.04,2083893
충청남도,2011.05,2086490
충청남도,2011.06,2088281
충청남도,2011.07,2090270
충청남도,2011.08,2092262
충청남도,2011.09,2094358
충청남도,2011.10,2096445
충청남도,2011.11,2098469
충청남도,2011.12,2101284
충청남도,2012.01,2103129
충청남도,2012.02,2106223
충청남도,2012.03,2108537
충청남도,2012.04,2110896
충청남도,2012.05,2112849
충청남도,2012.06,2114599
충청남도,2012.07,2021776
충청남도,2012.08,2022434
충청남도,2012.09,2023534
충청남도,2012.10,2025274
충청남도,2012.11,2026849
충청남도,2012.12,2028777
충청남도,2013.01,2029769
충청남도,2013.02,2031839
충청남도,2013.03,2033019
충청남도,2013.04,2034946
충청남도,2013.05,2036661
충청남도,2013.06,2038322
충청남도,2013.07,2039668
충청남도,2013.08,2041263
충청남도,2013.09,2043056
충청남도,2013.10,2045203
충청남도,2013.11,2046550
충청남도,2013.12,2047631
충청남도,2014.01,2048438
충청남도,2014.02,2049750
충청남도,2014.03,2051940
충청남도,2014.04,2053837
충청남도,2014.05,2056156
충청남도,2014.06,2057178
충청남도,2014.07,2058114
충청남도,2014.08,2058652
충청남도,2014.09,2059085
충청남도,2014.10,2059871
충청남도,2014.11,2060971
충청남도,2014.12,2062273
충청남도,2015.01,2063050
충청남도,2015.02,2062924
충청남도,2015.03,2064229
충청남도,2015.04,2065609
충청남도,2015.05,2067096
충청남도,2015.06,2068444
충청남도,2015.07,2069109
충청남도,2015.08,2071333
충청남도,2015.09,2072314
충청남도,2015.10,2073340
충청남도,2015.11,2074956
충청남도,2015.12,2077649
충청남도,2016.01,2078572
충청남도,2016.02,2080030
충청남도,2016.03,2081092
충청남도,2016.04,2082319
충청남도,2016.05,2084034
충청남도,2016.06,2085844
충청남도,2016.07,2086737
충청남도,2016.08,2088268
충청남도,2016.09,2089831
충청남도,2016.10,2091626
충청남도,2016.11,2093838
충청남도,2016.12,2096727
충청남도,2017.01,2097406
충청남도,2017.02,2099924
충청남도,2017.03,2102327
충청남도,2017.04,2104463
충청남도,2017.05,2105959
충청남도,2017.06,2107562
충청남도,2017.07,2109230
충청남도,2017.08,2111419
충청남도,2017.09,2113033
충청남도,2017.10,2114284
충청남도,2017.11,2115586
충청남도,2017.12,2116770
충청남도,2018.01,2117685
충청남도,2018.02,2118099
충청남도,2018.03,2119468
충청남도,2018.04,2120666
충청남도,2018.05,2121618
충청남도,2018.06,2122220
충청남도,2018.07,2122531
충청남도,2018.08,2123368
충청남도,2018.09,2123776
충청남도,2018.10,2124524
충청남도,2018.11,2125409
충청남도,2018.12,2126282
충청남도,2019.01,2125797
충청남도,2019.02,2125372
충청남도,2019.03,2125778
충청남도,2019.04,2125912
충청남도,2019.05,2125732
충청남도,2019.06,2125855
충청남도,2019.07,2125349
충청남도,2019.08,2125160
충청남도,2019.09,2124855
충청남도,2019.10,2124619
충청남도,2019.11,2124302
충청남도,2019.12,2123709
충청남도,2020.01,2122455
충청남도,2020.02,2120995
충청남도,2020.03,2119749
충청남도,2020.04,2118457
충청남도,2020.05,2118510
충청남도,2020.06,2119771
충청남도,2020.07,2120692
충청남도,2020.08,2120519
충청남도,2020.09,2120559
충청남도,2020.10,2120347
충청남도,2020.11,2120607
충청남도,2020.12,2121029
충청남도,2021.01,2119837
충청남도,2021.02,2119542
충청남도,2021.03,2115823
충청남도,2021.04,2116452
충청남도,2021.05,2117260
충청남도,2021.06,2117400
충청남도,2021.07,2118205
충청남도,2021.08,2118183
충청남도,2021.09,2118098
충청남도,2021.10,2118977
충청남도,2021.11,2119529
충청남도,2021.12,2119257
충청남도,2022.01,2118638
충청남도,2022.02,2118912
충청남도,2022.03,2119099
충청북도,2011.01,1550474
충청북도,2011.02,1551621
충청북도,2011.03,1552707
충청북도,2011.04,1554195
충청북도,2011.05,1555169
충청북도,2011.06,1555952
충청북도,2011.07,1556984
충청북도,2011.08,1558289
충청북도,2011.09,1559572
충청북도,2011.10,1560895
충청북도,2011.11,1562374
충청북도,2011.12,1562903
충청북도,2012.01,1563023
충청북도,2012.02,1563091
충청북도,2012.03,1564283
충청북도,2012.04,1565389
충청북도,2012.05,1566183
충청북도,2012.06,1566992
충청북도,2012.07,1561493
충청북도,2012.08,1562289
충청북도,2012.09,1563323
충청북도,2012.10,1564665
충청북도,2012.11,1565188
충청북도,2012.12,1565628
충청북도,2013.01,1565670
충청북도,2013.02,1565697
충청북도,2013.03,1565972
충청북도,2013.04,1566920
충청북도,2013.05,1567548
충청북도,2013.06,1568860
충청북도,2013.07,1569348
충청북도,2013.08,1569731
충청북도,2013.09,1570486
충청북도,2013.10,1571704
충청북도,2013.11,1572158
충청북도,2013.12,1572732
충청북도,2014.01,1572779
충청북도,2014.02,1572923
충청북도,2014.03,1572914
충청북도,2014.04,1574548
충청북도,2014.05,1575073
충청북도,2014.06,1576066
충청북도,2014.07,1576819
충청북도,2014.08,1577549
충청북도,2014.09,1578401
충청북도,2014.10,1578934
충청북도,2014.11,1579037
충청북도,2014.12,1578933
충청북도,2015.01,1578531
충청북도,2015.02,1578253
충청북도,2015.03,1578748
충청북도,2015.04,1579291
충청북도,2015.05,1580042
충청북도,2015.06,1582181
충청북도,2015.07,1581840
충청북도,2015.08,1581792
충청북도,2015.09,1582080
충청북도,2015.10,1582656
충청북도,2015.11,1583053
충청북도,2015.12,1583952
충청북도,2016.01,1583982
충청북도,2016.02,1583781
충청북도,2016.03,1584325
충청북도,2016.04,1585312
충청북도,2016.05,1586414
충청북도,2016.06,1586943
충청북도,2016.07,1587539
충청북도,2016.08,1588025
충청북도,2016.09,1588548
충청북도,2016.10,1589268
충청북도,2016.11,1590537
충청북도,2016.12,1591625
충청북도,2017.01,1591674
충청북도,2017.02,1592001
충청북도,2017.03,1591697
충청북도,2017.04,1592492
충청북도,2017.05,1592573
충청북도,2017.06,1592634
충청북도,2017.07,1592817
충청북도,2017.08,1593022
충청북도,2017.09,1593313
충청북도,2017.10,1593577
충청북도,2017.11,1594005
충청북도,2017.12,1594432
충청북도,2018.01,1593903
충청북도,2018.02,1594066
충청북도,2018.03,1594708
충청북도,2018.04,1595164
충청북도,2018.05,1595822
충청북도,2018.06,1595772
충청북도,2018.07,1596161
충청북도,2018.08,1596324
충청북도,2018.09,1596734
충청북도,2018.10,1597709
충청북도,2018.11,1598184
충청북도,2018.12,1599252
충청북도,2019.01,1599155
충청북도,2019.02,1598868
충청북도,2019.03,1598775
충청북도,2019.04,1599488
충청북도,2019.05,1599854
충청북도,2019.06,1599650
충청북도,2019.07,1599368
충청북도,2019.08,1599402
충청북도,2019.09,1599339
충청북도,2019.10,1599499
충청북도,2019.11,1599651
충청북도,2019.12,1600007
충청북도,2020.01,1599391
충청북도,2020.02,1598599
충청북도,2020.03,1597639
충청북도,2020.04,1596613
충청북도,2020.05,1596710
충청북도,2020.06,1597593
충청북도,2020.07,1597936
충청북도,2020.08,1598162
충청북도,2020.09,1598536
충청북도,2020.10,1599102
충청북도,2020.11,1599680
충청북도,2020.12,1600837
충청북도,2021.01,1599658
충청북도,2021.02,1599122
충청북도,2021.03,1595714
충청북도,2021.04,1596303
충청북도,2021.05,1596955
충청북도,2021.06,1597503
충청북도,2021.07,1597501
충청북도,2021.08,1597179
충청북도,2021.09,1596765
충청북도,2021.10,1596948
충청북도,2021.11,1597019
충청북도,2021.12,1597427
충청북도,2022.01,1597097
충청북도,2022.02,1597022
충청북도,2022.03,1597484
