행정구역별(1),행정구역별(2),year,주민1인당 생활폐기물배출량,생활폐기물발생량,주민등록인구
서울특별시,종로구,2010,2.6,439,170578
서울특별시,중구,2010,4,529.2,132822
서울특별시,용산구,2010,0.8,203.7,244853
서울특별시,성동구,2010,0.9,282,309093
서울특별시,광진구,2010,1,392.3,375463
서울특별시,동대문구,2010,1.1,409.4,366786
서울특별시,중랑구,2010,0.5,214.9,427455
서울특별시,성북구,2010,0.7,357.8,488932
서울특별시,강북구,2010,0.7,233.4,346520
서울특별시,도봉구,2010,1.1,400.6,368298
서울특별시,노원구,2010,0.7,452.9,611230
서울특별시,은평구,2010,0.5,264.6,488109
서울특별시,서대문구,2010,0.9,308.3,324541
서울특별시,마포구,2010,0.8,303.1,391865
서울특별시,양천구,2010,0.6,277.4,500001
서울특별시,강서구,2010,1.2,671.4,574127
서울특별시,구로구,2010,0.7,308.1,423736
서울특별시,금천구,2010,0.8,196.7,245195
서울특별시,영등포구,2010,1.3,541.1,406833
서울특별시,동작구,2010,0.8,323.1,402709
서울특별시,관악구,2010,0.6,340,531434
서울특별시,서초구,2010,1.4,589.1,434720
서울특별시,강남구,2010,1.7,990.5,570095
서울특별시,송파구,2010,1.1,733.3,685279
서울특별시,강동구,2010,0.5,258.5,491871
부산광역시,중구,2010,1.6,79,49442
부산광역시,서구,2010,1,120.9,126040
부산광역시,동구,2010,1,100.8,101514
부산광역시,영도구,2010,0.9,128,146798
부산광역시,부산진구,2010,1,378.7,395826
부산광역시,동래구,2010,0.8,236.9,282779
부산광역시,남구,2010,0.8,235.3,298458
부산광역시,북구,2010,0.8,261.4,312218
부산광역시,해운대구,2010,0.9,371.4,426729
부산광역시,사하구,2010,0.9,324.7,358730
부산광역시,금정구,2010,0.9,220,255419
부산광역시,강서구,2010,1.2,76.9,62594
부산광역시,연제구,2010,0.8,178.9,212696
부산광역시,수영구,2010,0.8,148,178267
부산광역시,사상구,2010,1.1,279.2,257843
부산광역시,기장군,2010,0.8,81.8,102557
대구광역시,중구,2010,2.5,198.1,77857
대구광역시,동구,2010,1,339.7,337529
대구광역시,서구,2010,1.1,246,224618
대구광역시,남구,2010,1.5,251.6,171197
대구광역시,북구,2010,0.9,412.3,452505
대구광역시,수성구,2010,0.8,373.4,461988
대구광역시,달서구,2010,0.9,535.3,607083
대구광역시,달성군,2010,1.3,228.4,178899
인천광역시,중구,2010,2.2,205.2,92890
인천광역시,동구,2010,1.3,103.9,79663
인천광역시,남구,2010,0.9,401.7,423876
인천광역시,연수구,2010,0.7,191.7,279230
인천광역시,남동구,2010,0.6,277,473423
인천광역시,부평구,2010,0.9,484.3,567493
인천광역시,계양구,2010,0.8,266.1,347810
인천광역시,서구,2010,0.5,222.2,408068
인천광역시,미추홀구,2010,-,-,-
인천광역시,강화군,2010,1,66.1,67104
인천광역시,옹진군,2010,1.1,19.7,18739
광주광역시,동구,2010,1.5,159.4,104449
광주광역시,서구,2010,1.1,342.6,303219
광주광역시,남구,2010,0.9,197.6,216863
광주광역시,북구,2010,0.9,403.9,466866
광주광역시,광산구,2010,0.8,293.4,363239
대전광역시,동구,2010,1.2,304.9,248835
대전광역시,중구,2010,1,266.7,265846
대전광역시,서구,2010,0.9,456.5,499742
대전광역시,유성구,2010,1,274.6,281692
대전광역시,대덕구,2010,1.2,254.9,207549
울산광역시,중구,2010,0.9,207.4,232915
울산광역시,남구,2010,1.1,364.8,344131
울산광역시,동구,2010,1.1,186,170764
울산광역시,북구,2010,0.9,151.7,177488
울산광역시,울주군,2010,0.9,181.1,201000
경기도,수원시,2010,1,1024.8,1077535
경기도,성남시,2010,0.8,755.7,980190
경기도,의정부시,2010,1.1,455.1,431801
경기도,안양시,2010,0.7,448.1,621714
경기도,부천시,2010,0.8,728,875204
경기도,광명시,2010,0.8,271.8,343982
경기도,평택시,2010,0.8,332.5,419457
경기도,동두천시,2010,0.8,78.9,95653
경기도,안산시,2010,0.6,436.5,714891
경기도,고양시,2010,0.9,843.5,950115
경기도,과천시,2010,1.1,79.8,72279
경기도,구리시,2010,1.1,209.6,196398
경기도,남양주시,2010,0.7,421.7,564141
경기도,오산시,2010,0.8,145,182516
경기도,시흥시,2010,0.8,303,403797
경기도,군포시,2010,1.1,305,287833
경기도,의왕시,2010,0.8,122,147443
경기도,하남시,2010,1.1,168.4,150479
경기도,용인시,2010,0.9,787.4,876550
경기도,파주시,2010,1,357.4,355632
경기도,이천시,2010,1,203.2,202595
경기도,안성시,2010,1.8,322.6,177937
경기도,김포시,2010,0.8,199.6,238339
경기도,화성시,2010,0.6,324.1,505838
경기도,광주시,2010,1,262.1,249789
경기도,양주시,2010,1.2,229,196706
경기도,포천시,2010,0.8,125.2,158658
경기도,여주시,2010,-,-,-
경기도,경기 여주군,2010,2,219.5,109250
경기도,연천군,2010,1.3,59.3,45177
경기도,가평군,2010,1,59.5,58890
경기도,양평군,2010,0.9,84.1,95833
강원도,춘천시,2010,1.8,475.5,269950
강원도,원주시,2010,1.1,335.2,314678
강원도,강릉시,2010,1.5,336.1,218503
강원도,동해시,2010,1.1,108.6,95236
강원도,태백시,2010,2.4,120.8,50864
강원도,속초시,2010,2.2,182.9,84302
강원도,삼척시,2010,1.4,102.5,72046
강원도,홍천군,2010,1.6,113.3,69893
강원도,횡성군,2010,1.2,54.1,44254
강원도,영월군,2010,1,40.6,40407
강원도,평창군,2010,3.9,171.9,43622
강원도,정선군,2010,1.4,57.9,41045
강원도,철원군,2010,0.9,43.8,48928
강원도,화천군,2010,1.8,44.1,24364
강원도,양구군,2010,1.7,36.8,21843
강원도,인제군,2010,1.9,59.1,31842
강원도,고성군,2010,1.9,56.5,30112
강원도,양양군,2010,1.4,39.8,27929
충청북도,충북 청주시,2010,1.3,823.5,655971
충청북도,충주시,2010,1.1,227.3,208481
충청북도,제천시,2010,1.1,148.9,137264
충청북도,청주시,2010,-,-,-
충청북도,충북 청원군,2010,1.1,168,152944
충청북도,보은군,2010,1.3,46.4,34956
충청북도,옥천군,2010,0.9,46.8,54025
충청북도,영동군,2010,0.7,37.2,50523
충청북도,진천군,2010,1,63.9,62094
충청북도,괴산군,2010,0.9,33.8,36827
충청북도,음성군,2010,1,94.9,91093
충청북도,단양군,2010,1.4,45.1,31817
충청북도,증평군,2010,1.2,39,33533
충청남도,천안시,2010,1.7,954.6,557673
충청남도,공주시,2010,1.1,135.1,124930
충청남도,보령시,2010,1,102.1,107346
충청남도,아산시,2010,1.1,299.6,265191
충청남도,서산시,2010,1.2,193.6,160468
충청남도,논산시,2010,1.3,169.7,127507
충청남도,계룡시,2010,0.8,35.1,43088
충청남도,당진시,2010,-,-,-
충청남도,금산군,2010,0.7,41.9,56555
충청남도,충남 연기군,2010,0.6,52.7,81871
충청남도,부여군,2010,0.8,61.3,75029
충청남도,서천군,2010,0.6,36.5,60085
충청남도,청양군,2010,0.9,29.8,32541
충청남도,홍성군,2010,0.7,59.6,88078
충청남도,예산군,2010,0.8,69.7,87002
충청남도,태안군,2010,1.2,77.5,63247
충청남도,충남 당진군,2010,1,142.5,144903
전라북도,전주시,2010,0.9,594.8,641525
전라북도,군산시,2010,0.9,245.6,272601
전라북도,익산시,2010,0.8,257.2,307289
전라북도,정읍시,2010,0.6,77,122000
전라북도,남원시,2010,1.2,101.4,87775
전라북도,김제시,2010,0.6,61,94346
전라북도,완주군,2010,0.5,46.7,85119
전라북도,진안군,2010,0.8,22.6,27543
전라북도,무주군,2010,0.9,23.4,25578
전라북도,장수군,2010,1.1,25.5,23386
전라북도,임실군,2010,0.7,20.5,30593
전라북도,순창군,2010,0.7,22.4,30209
전라북도,고창군,2010,0.8,45.7,60861
전라북도,부안군,2010,0.8,48.8,60138
전라남도,목포시,2010,1.2,292.3,245422
전라남도,여수시,2010,1.2,359.2,293488
전라남도,순천시,2010,1,274.1,272620
전라남도,나주시,2010,1,93.1,90118
전라남도,광양시,2010,0.9,131,145512
전라남도,담양군,2010,1,49.5,47808
전라남도,곡성군,2010,0.6,17.7,31886
전라남도,구례군,2010,0.9,23.9,27375
전라남도,고흥군,2010,0.8,61,73924
전라남도,보성군,2010,0.7,35.1,48792
전라남도,화순군,2010,0.7,46.9,69368
전라남도,장흥군,2010,0.9,39.2,42394
전라남도,강진군,2010,0.6,26.5,41624
전라남도,해남군,2010,0.6,48.5,79579
전라남도,영암군,2010,0.7,39.7,60082
전라남도,무안군,2010,0.6,48.3,74475
전라남도,함평군,2010,0.5,17.8,36702
전라남도,영광군,2010,0.9,48.9,57362
전라남도,장성군,2010,0.5,23.7,46514
전라남도,완도군,2010,1,53.8,54269
전라남도,진도군,2010,1.1,38.5,33743
전라남도,신안군,2010,0.9,41.8,45428
경상북도,포항시,2010,1.1,586.3,514755
경상북도,경주시,2010,1,272.9,267098
경상북도,김천시,2010,1.5,208.7,136136
경상북도,안동시,2010,1.2,208.9,167886
경상북도,구미시,2010,0.6,255.2,404920
경상북도,영주시,2010,1.5,170.2,113926
경상북도,영천시,2010,0.9,88.4,103190
경상북도,상주시,2010,0.9,94.1,105607
경상북도,문경시,2010,1.6,123.1,77391
경상북도,경산시,2010,0.8,202.6,240708
경상북도,군위군,2010,0.9,22.9,24736
경상북도,의성군,2010,0.6,38.2,58832
경상북도,청송군,2010,1,26,26715
경상북도,영양군,2010,0.8,14.3,18451
경상북도,영덕군,2010,0.9,38.3,41377
경상북도,청도군,2010,0.4,16.3,44391
경상북도,고령군,2010,0.6,20.4,34678
경상북도,성주군,2010,0.6,25.7,45289
경상북도,칠곡군,2010,1,113.4,119087
경상북도,예천군,2010,1,46.1,47049
경상북도,봉화군,2010,1.1,38.5,34567
경상북도,울진군,2010,1,53.5,52430
경상북도,울릉군,2010,1.4,15.1,10701
경상남도,진주시,2010,1.1,376.7,335037
경상남도,통영시,2010,1.4,192.9,140297
경상남도,사천시,2010,1.1,123.5,114148
경상남도,김해시,2010,0.9,453.9,503348
경상남도,밀양시,2010,0.8,92.5,110479
경상남도,거제시,2010,1.3,286.9,228355
경상남도,양산시,2010,0.7,183.1,260239
경상남도,창원시,2010,1.1,1199.6,1090181
경상남도,의령군,2010,0.7,21.5,30162
경상남도,함안군,2010,0.6,37,67207
경상남도,창녕군,2010,0.7,43.4,61714
경상남도,고성군,2010,0.6,32.9,57231
경상남도,남해군,2010,0.8,40.3,49328
경상남도,하동군,2010,0.9,45.9,51509
경상남도,산청군,2010,0.8,26.8,35591
경상남도,함양군,2010,0.7,27.3,41197
경상남도,거창군,2010,0.8,50.5,63421
경상남도,합천군,2010,0.7,35.3,51092
제주특별자치도,제주시,2010,1.1,471.4,417539
제주특별자치도,서귀포시,2010,1.1,167.4,153716
서울특별시,종로구,2011,2.4,411,168382
서울특별시,중구,2011,4.2,562.9,133193
서울특별시,용산구,2011,0.9,214.2,246501
서울특별시,성동구,2011,1,290.2,300711
서울특별시,광진구,2011,1,365.2,371936
서울특별시,동대문구,2011,1.2,444.5,365486
서울특별시,중랑구,2011,0.5,213.1,423706
서울특별시,성북구,2011,0.6,297.5,485171
서울특별시,강북구,2011,0.7,242.9,345054
서울특별시,도봉구,2011,1.1,404.3,365573
서울특별시,노원구,2011,0.5,303.7,603930
서울특별시,은평구,2011,0.5,270.3,493634
서울특별시,서대문구,2011,0.9,291.4,314852
서울특별시,마포구,2011,0.8,309.6,389493
서울특별시,양천구,2011,0.5,257.4,500210
서울특별시,강서구,2011,0.8,429.8,569072
서울특별시,구로구,2011,0.6,276.7,427468
서울특별시,금천구,2011,0.9,221.2,243438
서울특별시,영등포구,2011,0.9,366,397443
서울특별시,동작구,2011,0.8,327.7,401408
서울특별시,관악구,2011,0.6,321,526397
서울특별시,서초구,2011,1.4,588,433564
서울특별시,강남구,2011,1.8,1017.3,565710
서울특별시,송파구,2011,1.1,751.5,682209
서울특별시,강동구,2011,0.5,262.7,495138
부산광역시,중구,2011,1.7,80.9,48686
부산광역시,서구,2011,1,120.5,123718
부산광역시,동구,2011,1,98.1,100420
부산광역시,영도구,2011,0.9,123.2,143205
부산광역시,부산진구,2011,0.9,372.6,395044
부산광역시,동래구,2011,0.8,235.9,283742
부산광역시,남구,2011,0.8,229,295121
부산광역시,북구,2011,0.8,256.8,307988
부산광역시,해운대구,2011,0.9,370.8,425618
부산광역시,사하구,2011,0.9,321.5,355443
부산광역시,금정구,2011,0.9,219.1,254720
부산광역시,강서구,2011,1.3,81.2,64733
부산광역시,연제구,2011,0.8,177.2,213326
부산광역시,수영구,2011,0.8,143.3,176691
부산광역시,사상구,2011,1.1,273.2,254413
부산광역시,기장군,2011,0.8,86.4,108095
대구광역시,중구,2011,2.4,182.7,76600
대구광역시,동구,2011,1,340.7,341206
대구광역시,서구,2011,1.1,246.6,222619
대구광역시,남구,2011,1.3,212.1,169095
대구광역시,북구,2011,1,430,449775
대구광역시,수성구,2011,0.9,404.9,461083
대구광역시,달서구,2011,1,582.6,606542
대구광역시,달성군,2011,1.2,225.4,180351
인천광역시,중구,2011,2.2,207.7,93581
인천광역시,동구,2011,1.5,117.3,78692
인천광역시,남구,2011,0.7,308.7,417996
인천광역시,연수구,2011,0.5,147.7,287903
인천광역시,남동구,2011,0.6,281.5,495469
인천광역시,부평구,2011,0.9,483.5,560936
인천광역시,계양구,2011,0.7,234.7,344299
인천광역시,서구,2011,0.5,222.3,436134
인천광역시,미추홀구,2011,-,-,-
인천광역시,강화군,2011,0.9,61.5,66779
인천광역시,옹진군,2011,1.2,23.7,19485
광주광역시,동구,2011,1.5,162.4,106495
광주광역시,서구,2011,1,326.2,317936
광주광역시,남구,2011,0.9,204.4,219041
광주광역시,북구,2011,0.8,352.7,444483
광주광역시,광산구,2011,0.8,288.2,375509
대전광역시,동구,2011,1.2,294.6,251285
대전광역시,중구,2011,1,266.4,265502
대전광역시,서구,2011,0.9,443.8,499124
대전광역시,유성구,2011,0.9,271.7,294353
대전광역시,대덕구,2011,1.2,242.7,205339
울산광역시,중구,2011,1,222.5,232634
울산광역시,남구,2011,1.1,384.5,343504
울산광역시,동구,2011,1.1,188.7,172172
울산광역시,북구,2011,1,174.8,182504
울산광역시,울주군,2011,1.1,220.8,204680
경기도,수원시,2011,0.9,1027.2,1088489
경기도,성남시,2011,0.8,772,979323
경기도,의정부시,2011,1.3,579,430400
경기도,안양시,2011,0.7,457.2,615642
경기도,부천시,2011,0.8,738.7,872452
경기도,광명시,2011,0.8,276.1,355226
경기도,평택시,2011,0.9,395.5,426886
경기도,동두천시,2011,1.1,105.2,96253
경기도,안산시,2011,0.6,445,715586
경기도,고양시,2011,0.9,877.2,961239
경기도,과천시,2011,1.1,78.2,71955
경기도,구리시,2011,1,195.6,194881
경기도,남양주시,2011,0.8,436.5,578485
경기도,오산시,2011,0.9,168.3,193892
경기도,시흥시,2011,0.7,300.4,401149
경기도,군포시,2011,1.1,314.1,287294
경기도,의왕시,2011,0.7,102.9,149607
경기도,하남시,2011,0.9,131.1,148397
경기도,용인시,2011,0.9,772.3,896044
경기도,파주시,2011,1.2,436,378790
경기도,이천시,2011,1.2,248.7,204566
경기도,안성시,2011,1.6,292.6,180743
경기도,김포시,2011,0.8,213,256994
경기도,화성시,2011,0.6,327.4,516765
경기도,광주시,2011,0.9,233.8,265222
경기도,양주시,2011,0.9,181.8,200360
경기도,포천시,2011,1.1,174.5,157967
경기도,여주시,2011,-,-,-
경기도,경기 여주군,2011,3,322.7,109120
경기도,연천군,2011,1.3,56.2,44900
경기도,가평군,2011,1,59.5,59358
경기도,양평군,2011,0.8,79.5,99430
강원도,춘천시,2011,1.8,481.6,272805
강원도,원주시,2011,1.1,346,320536
강원도,강릉시,2011,1.6,350.5,217571
강원도,동해시,2011,1.2,117.8,95804
강원도,태백시,2011,1.7,86.6,50176
강원도,속초시,2011,2,168.2,83745
강원도,삼척시,2011,1.4,104.4,72312
강원도,홍천군,2011,1,68.2,69899
강원도,횡성군,2011,1.1,48.6,44360
강원도,영월군,2011,1,41.4,40199
강원도,평창군,2011,1,45.2,43577
강원도,정선군,2011,1.2,48.5,40181
강원도,철원군,2011,1,47.9,48084
강원도,화천군,2011,1.7,42.6,24945
강원도,양구군,2011,1.6,35.4,22285
강원도,인제군,2011,2.1,66,31970
강원도,고성군,2011,2.4,71.4,30057
강원도,양양군,2011,1.4,38.2,27942
충청북도,충북 청주시,2011,1.2,788.4,661946
충청북도,충주시,2011,1,209.4,208433
충청북도,제천시,2011,1,137.7,137689
충청북도,청주시,2011,-,-,-
충청북도,충북 청원군,2011,1.1,172.8,158369
충청북도,보은군,2011,1.3,45,34717
충청북도,옥천군,2011,0.9,46.5,53496
충청북도,영동군,2011,0.7,37.6,50621
충청북도,진천군,2011,1.7,106.3,63051
충청북도,괴산군,2011,0.8,31.3,37333
충청북도,음성군,2011,1.1,99,91644
충청북도,단양군,2011,1.3,42,31595
충청북도,증평군,2011,1.1,38,34009
충청남도,천안시,2011,1.6,932.1,571377
충청남도,공주시,2011,1.1,135.5,124748
충청남도,보령시,2011,1,104.7,106421
충청남도,아산시,2011,0.9,241,274523
충청남도,서산시,2011,1.1,170,161489
충청남도,논산시,2011,1.4,174.5,127533
충청남도,계룡시,2011,2,86.2,42942
충청남도,당진시,2011,-,-,-
충청남도,금산군,2011,0.8,43.2,56030
충청남도,충남 연기군,2011,0.6,52.3,82890
충청남도,부여군,2011,0.8,58,74004
충청남도,서천군,2011,0.6,38.7,59541
충청남도,청양군,2011,0.9,28.4,32291
충청남도,홍성군,2011,0.7,60.6,88108
충청남도,예산군,2011,0.8,68.3,86421
충청남도,태안군,2011,1,62.8,62747
충청남도,충남 당진군,2011,1,147.7,150219
전라북도,전주시,2011,1,616.3,645894
전라북도,군산시,2011,1.2,319.8,275659
전라북도,익산시,2011,1,316.4,309804
전라북도,정읍시,2011,0.6,76.3,120466
전라북도,남원시,2011,1,84.5,87455
전라북도,김제시,2011,0.7,62.3,93111
전라북도,완주군,2011,1.9,157.1,84660
전라북도,진안군,2011,0.7,20.4,28473
전라북도,무주군,2011,0.9,22,25863
전라북도,장수군,2011,0.9,19.8,23215
전라북도,임실군,2011,0.5,16.4,30789
전라북도,순창군,2011,0.8,22.4,29497
전라북도,고창군,2011,0.7,41.5,60065
전라북도,부안군,2011,0.9,55.4,59080
전라남도,목포시,2011,1.2,302.3,244871
전라남도,여수시,2011,1.4,405.8,292750
전라남도,순천시,2011,0.9,245.6,272201
전라남도,나주시,2011,1.1,92.8,88243
전라남도,광양시,2011,1,144,150725
전라남도,담양군,2011,0.8,37.5,47819
전라남도,곡성군,2011,0.6,18.7,31332
전라남도,구례군,2011,0.7,19.5,27422
전라남도,고흥군,2011,0.8,60.2,72607
전라남도,보성군,2011,0.7,32.8,47894
전라남도,화순군,2011,0.6,43.9,68985
전라남도,장흥군,2011,0.9,39.7,42552
전라남도,강진군,2011,0.6,24.2,41599
전라남도,해남군,2011,0.7,53.5,78346
전라남도,영암군,2011,0.6,35,60139
전라남도,무안군,2011,0.8,59.6,75718
전라남도,함평군,2011,0.5,18.4,36134
전라남도,영광군,2011,0.9,48.5,56863
전라남도,장성군,2011,0.4,19.6,46245
전라남도,완도군,2011,1.1,61.4,54037
전라남도,진도군,2011,0.7,23.7,33502
전라남도,신안군,2011,0.9,42.1,44355
경상북도,포항시,2011,1.2,643.9,517088
경상북도,경주시,2011,1,268.8,265488
경상북도,김천시,2011,0.8,113.2,136185
경상북도,안동시,2011,1.1,192.7,168157
경상북도,구미시,2011,0.6,254.6,413446
경상북도,영주시,2011,1.5,169,114148
경상북도,영천시,2011,0.6,65.4,104182
경상북도,상주시,2011,0.9,96.5,104685
경상북도,문경시,2011,1.4,105.2,76727
경상북도,경산시,2011,0.8,187.7,243684
경상북도,군위군,2011,0.7,17.6,24268
경상북도,의성군,2011,1.5,86.4,57744
경상북도,청송군,2011,1,27.6,26569
경상북도,영양군,2011,0.8,14.1,18241
경상북도,영덕군,2011,1,42.6,40794
경상북도,청도군,2011,0.4,16.4,44298
경상북도,고령군,2011,0.6,19.6,35455
경상북도,성주군,2011,0.5,22.7,45640
경상북도,칠곡군,2011,0.9,110.6,118838
경상북도,예천군,2011,0.7,30.9,46579
경상북도,봉화군,2011,1.1,37.5,34192
경상북도,울진군,2011,1.1,55.7,52045
경상북도,울릉군,2011,1.4,15.5,10742
경상남도,진주시,2011,1.1,376.3,335502
경상남도,통영시,2011,1.4,191,140195
경상남도,사천시,2011,1.3,146.1,114133
경상남도,김해시,2011,0.9,448.7,507062
경상남도,밀양시,2011,0.8,88.6,109329
경상남도,거제시,2011,1.2,280.2,232787
경상남도,양산시,2011,0.8,213.5,266403
경상남도,창원시,2011,1.1,1156,1091881
경상남도,의령군,2011,0.7,20.9,30045
경상남도,함안군,2011,0.7,43.7,66971
경상남도,창녕군,2011,0.8,46.9,62490
경상남도,고성군,2011,0.6,32.2,57264
경상남도,남해군,2011,0.7,37.6,50242
경상남도,하동군,2011,0.7,40.1,53975
경상남도,산청군,2011,0.9,33.7,35651
경상남도,함양군,2011,0.6,26.5,41081
경상남도,거창군,2011,0.9,56.4,63146
경상남도,합천군,2011,0.7,36.2,50608
제주특별자치도,제주시,2011,1.3,557.4,422790
제주특별자치도,서귀포시,2011,1.4,207.3,153366
서울특별시,종로구,2012,2.3,386.6,165207
서울특별시,중구,2012,4.1,553.4,133360
서울특별시,용산구,2012,0.9,227.9,243232
서울특별시,성동구,2012,0.9,267.6,299604
서울특별시,광진구,2012,1,368.5,371313
서울특별시,동대문구,2012,1.1,400,363258
서울특별시,중랑구,2012,0.5,222.5,419295
서울특별시,성북구,2012,0.6,300.6,481857
서울특별시,강북구,2012,0.7,242.5,343157
서울특별시,도봉구,2012,1.1,400.4,362270
서울특별시,노원구,2012,0.5,307.9,597189
서울특별시,은평구,2012,0.5,261.1,501480
서울특별시,서대문구,2012,0.8,263.6,315113
서울특별시,마포구,2012,0.7,279.6,384644
서울특별시,양천구,2012,0.6,274.5,495911
서울특별시,강서구,2012,0.7,399.1,567431
서울특별시,구로구,2012,0.7,285.7,427520
서울특별시,금천구,2012,0.9,223.5,243288
서울특별시,영등포구,2012,1,403.2,391408
서울특별시,동작구,2012,0.8,337.7,405491
서울특별시,관악구,2012,0.6,317.6,523029
서울특별시,서초구,2012,1.3,578.1,435044
서울특별시,강남구,2012,1.7,984.9,564197
서울특별시,송파구,2012,1,644.2,673115
서울특별시,강동구,2012,0.5,258.6,487905
부산광역시,중구,2012,1.7,81.3,48148
부산광역시,서구,2012,1,117.8,120828
부산광역시,동구,2012,1,94.3,98529
부산광역시,영도구,2012,0.9,120.1,139765
부산광역시,부산진구,2012,1,373.7,392731
부산광역시,동래구,2012,0.8,234.2,278767
부산광역시,남구,2012,0.8,223.5,291175
부산광역시,북구,2012,0.8,258.5,312937
부산광역시,해운대구,2012,0.9,383.2,428188
부산광역시,사하구,2012,0.9,323.7,352726
부산광역시,금정구,2012,0.9,219.9,255692
부산광역시,강서구,2012,1.2,79.7,65806
부산광역시,연제구,2012,0.8,174.8,211536
부산광역시,수영구,2012,0.8,144.6,176666
부산광역시,사상구,2012,1.1,267.2,250424
부산광역시,기장군,2012,0.8,92.5,114566
대구광역시,중구,2012,2.5,188.4,75439
대구광역시,동구,2012,1,352.6,342092
대구광역시,서구,2012,1.2,253.3,220211
대구광역시,남구,2012,1.3,217.1,168715
대구광역시,북구,2012,1,436.3,448485
대구광역시,수성구,2012,0.9,415.1,459779
대구광역시,달서구,2012,1,587.4,606557
대구광역시,달성군,2012,1.3,233.6,184366
인천광역시,중구,2012,2,195.9,98648
인천광역시,동구,2012,1.2,89.3,76720
인천광역시,남구,2012,0.7,296.8,414500
인천광역시,연수구,2012,0.5,152.6,292589
인천광역시,남동구,2012,0.6,282.2,503597
인천광역시,부평구,2012,0.6,353.4,559047
인천광역시,계양구,2012,0.7,241.8,342202
인천광역시,서구,2012,0.5,219.2,469887
인천광역시,미추홀구,2012,-,-,-
인천광역시,강화군,2012,1.2,79.4,66752
인천광역시,옹진군,2012,1.1,22.6,20039
광주광역시,동구,2012,1.6,165.6,105580
광주광역시,서구,2012,1.1,338.7,316545
광주광역시,남구,2012,0.8,177.6,218313
광주광역시,북구,2012,0.8,353.1,443677
광주광역시,광산구,2012,0.8,293.8,385101
대전광역시,동구,2012,1,240.9,251945
대전광역시,중구,2012,1,267.7,264125
대전광역시,서구,2012,0.9,442.5,496513
대전광역시,유성구,2012,0.9,282.7,306312
대전광역시,대덕구,2012,1.1,235.1,205688
울산광역시,중구,2012,1.1,246.7,233013
울산광역시,남구,2012,1.2,407.6,346836
울산광역시,동구,2012,1.3,224.6,175479
울산광역시,북구,2012,1.1,195.7,184088
울산광역시,울주군,2012,1,205.8,207840
경기도,수원시,2012,1,1074.7,1120258
경기도,성남시,2012,0.8,773.5,978615
경기도,의정부시,2012,1,415.8,429147
경기도,안양시,2012,0.7,419.3,611412
경기도,부천시,2012,0.8,702.3,869944
경기도,광명시,2012,0.8,268.1,355560
경기도,평택시,2012,0.9,410.4,434305
경기도,동두천시,2012,0.8,73,97175
경기도,안산시,2012,0.7,492.4,715108
경기도,고양시,2012,0.9,845.6,969916
경기도,과천시,2012,1.1,79.5,71068
경기도,구리시,2012,1,192,192341
경기도,남양주시,2012,0.8,483.3,599539
경기도,오산시,2012,0.8,158,200291
경기도,시흥시,2012,0.8,302.4,399485
경기도,군포시,2012,1,301,286841
경기도,의왕시,2012,0.7,107.5,154757
경기도,하남시,2012,0.9,136,146269
경기도,용인시,2012,0.9,779.1,915959
경기도,파주시,2012,0.9,373.3,394201
경기도,이천시,2012,1.4,276.9,204917
경기도,안성시,2012,1.6,293.5,181608
경기도,김포시,2012,0.8,234.8,287432
경기도,화성시,2012,0.6,320,525490
경기도,광주시,2012,0.9,250.6,275656
경기도,양주시,2012,0.9,172.1,200310
경기도,포천시,2012,1.1,173.9,157559
경기도,여주시,2012,-,-,-
경기도,경기 여주군,2012,1.2,132.1,109550
경기도,연천군,2012,1.2,54,45599
경기도,가평군,2012,1,60.5,60794
경기도,양평군,2012,0.7,72.6,102193
강원도,춘천시,2012,1.7,465.6,273364
강원도,원주시,2012,1,323.2,323885
강원도,강릉시,2012,1.7,369.3,217741
강원도,동해시,2012,1.2,110.2,93897
강원도,태백시,2012,1.7,83,49493
강원도,속초시,2012,2,165.9,83579
강원도,삼척시,2012,1.4,104.3,72463
강원도,홍천군,2012,0.8,57.4,69727
강원도,횡성군,2012,1,43.1,44615
강원도,영월군,2012,1,40,40155
강원도,평창군,2012,1,44.5,43627
강원도,정선군,2012,1.2,49,39915
강원도,철원군,2012,1.4,66.2,47968
강원도,화천군,2012,1.7,42.5,25020
강원도,양구군,2012,1.5,35.3,22799
강원도,인제군,2012,2.2,70.3,32456
강원도,고성군,2012,2.4,71.1,30124
강원도,양양군,2012,1.2,34.4,27802
충청북도,충북 청주시,2012,1.1,747.7,666852
충청북도,충주시,2012,1.2,253.4,208447
충청북도,제천시,2012,0.9,121.1,137521
충청북도,청주시,2012,-,-,-
충청북도,충북 청원군,2012,1.5,229.9,154780
충청북도,보은군,2012,1.2,42.9,34438
충청북도,옥천군,2012,0.9,46.8,53244
충청북도,영동군,2012,0.7,35.1,50663
충청북도,진천군,2012,1.4,88.9,63458
충청북도,괴산군,2012,1.3,47.6,37713
충청북도,음성군,2012,1,93.2,92980
충청북도,단양군,2012,1.2,38.9,31253
충청북도,증평군,2012,0.8,28,34279
충청남도,천안시,2012,1.7,981.9,581988
충청남도,공주시,2012,1.1,130.6,117298
충청남도,보령시,2012,1,106,105559
충청남도,아산시,2012,1,271.9,280490
충청남도,서산시,2012,1.1,177.6,163315
충청남도,논산시,2012,1.4,174.6,126653
충청남도,계룡시,2012,1.4,56.5,41550
충청남도,당진시,2012,1,149.3,155104
충청남도,금산군,2012,1,54.4,55715
충청남도,충남 연기군,2012,-,-,-
충청남도,부여군,2012,0.8,58.7,73259
충청남도,서천군,2012,0.7,41.7,58920
충청남도,청양군,2012,0.9,28.1,32087
충청남도,홍성군,2012,0.7,60.6,88415
충청남도,예산군,2012,0.7,63.8,85876
충청남도,태안군,2012,0.9,55.8,62548
충청남도,충남 당진군,2012,-,-,-
전라북도,전주시,2012,1,635.3,648863
전라북도,군산시,2012,1.1,313.6,278341
전라북도,익산시,2012,1.3,383.1,306469
전라북도,정읍시,2012,0.7,79.8,119392
전라북도,남원시,2012,0.9,76.6,87000
전라북도,김제시,2012,0.7,62.2,92317
전라북도,완주군,2012,0.5,46.2,86164
전라북도,진안군,2012,0.8,20.5,26963
전라북도,무주군,2012,1,24.4,25321
전라북도,장수군,2012,0.8,19,23191
전라북도,임실군,2012,0.5,14.7,29956
전라북도,순창군,2012,0.8,22.6,30055
전라북도,고창군,2012,0.7,45,60440
전라북도,부안군,2012,0.9,53.4,58869
전라남도,목포시,2012,1.2,305.9,245073
전라남도,여수시,2012,1.7,484.5,292217
전라남도,순천시,2012,1.4,371.1,273798
전라남도,나주시,2012,1,91.3,88067
전라남도,광양시,2012,1,155.5,150837
전라남도,담양군,2012,0.7,32.3,47612
전라남도,곡성군,2012,0.6,19.9,30878
전라남도,구례군,2012,0.7,19.4,27077
전라남도,고흥군,2012,0.9,64.3,71560
전라남도,보성군,2012,0.7,32.7,47050
전라남도,화순군,2012,0.6,43,68378
전라남도,장흥군,2012,0.7,30.9,42672
전라남도,강진군,2012,0.7,26.2,40241
전라남도,해남군,2012,2,157.3,78150
전라남도,영암군,2012,0.8,48.7,59997
전라남도,무안군,2012,0.8,57.4,75741
전라남도,함평군,2012,0.6,22.7,35780
전라남도,영광군,2012,0.8,48,57224
전라남도,장성군,2012,0.5,25,46289
전라남도,완도군,2012,1.2,65.3,53871
전라남도,진도군,2012,1.1,35.9,33208
전라남도,신안군,2012,1,44,43898
경상북도,포항시,2012,1.5,753.3,518913
경상북도,경주시,2012,1.1,277.4,264091
경상북도,김천시,2012,0.8,108.3,135504
경상북도,안동시,2012,1,165.9,168302
경상북도,구미시,2012,0.6,253.9,416949
경상북도,영주시,2012,1.6,181.8,113547
경상북도,영천시,2012,0.6,59.9,101798
경상북도,상주시,2012,0.8,87.3,104182
경상북도,문경시,2012,1.4,103.5,75899
경상북도,경산시,2012,0.7,170.3,246358
경상북도,군위군,2012,0.7,17.4,24119
경상북도,의성군,2012,0.7,41.8,57043
경상북도,청송군,2012,0.9,24.7,26481
경상북도,영양군,2012,0.7,12.6,18208
경상북도,영덕군,2012,1.4,55.1,40257
경상북도,청도군,2012,0.4,18.8,43968
경상북도,고령군,2012,0.6,19.6,35343
경상북도,성주군,2012,0.5,23.6,45127
경상북도,칠곡군,2012,0.9,103.6,119786
경상북도,예천군,2012,0.6,28.1,46027
경상북도,봉화군,2012,1.2,41.8,33934
경상북도,울진군,2012,1.1,54.7,51844
경상북도,울릉군,2012,1.9,19.8,10673
경상남도,진주시,2012,1.1,376.1,337314
경상남도,통영시,2012,1.4,190.5,139347
경상남도,사천시,2012,1.3,153.5,115321
경상남도,김해시,2012,0.9,443.6,513260
경상남도,밀양시,2012,0.8,87,108755
경상남도,거제시,2012,1,235.5,236944
경상남도,양산시,2012,0.9,250.1,270460
경상남도,창원시,2012,1.2,1299.8,1091471
경상남도,의령군,2012,0.7,20.9,30329
경상남도,함안군,2012,0.8,56.7,67425
경상남도,창녕군,2012,0.8,49.5,62966
경상남도,고성군,2012,0.6,35.5,56906
경상남도,남해군,2012,0.8,38.3,48223
경상남도,하동군,2012,0.9,44,50806
경상남도,산청군,2012,0.7,25.7,35691
경상남도,함양군,2012,0.6,26.1,40714
경상남도,거창군,2012,1.3,79.4,63103
경상남도,합천군,2012,0.8,41.4,50279
제주특별자치도,제주시,2012,1.3,561.2,429656
제주특별자치도,서귀포시,2012,2,300.7,154057
서울특별시,종로구,2013,2.2,354.7,160070
서울특별시,중구,2013,3.9,507.9,130465
서울특별시,용산구,2013,0.8,193.2,239740
서울특별시,성동구,2013,0.9,261.8,299337
서울특별시,광진구,2013,1,379.3,368927
서울특별시,동대문구,2013,1.1,396.8,364273
서울특별시,중랑구,2013,0.5,227.4,416798
서울특별시,성북구,2013,0.6,274.9,476589
서울특별시,강북구,2013,0.7,232.6,338707
서울특별시,도봉구,2013,1.1,386.2,358582
서울특별시,노원구,2013,0.5,302.4,590479
서울특별시,은평구,2013,0.6,294.9,503660
서울특별시,서대문구,2013,0.8,262.4,314110
서울특별시,마포구,2013,0.8,287,381856
서울특별시,양천구,2013,0.6,276.1,492528
서울특별시,강서구,2013,0.7,370.2,569070
서울특별시,구로구,2013,0.7,278.5,424964
서울특별시,금천구,2013,0.7,180.2,241020
서울특별시,영등포구,2013,0.8,305.8,386471
서울특별시,동작구,2013,0.8,327.5,410815
서울특별시,관악구,2013,0.6,315.5,518028
서울특별시,서초구,2013,1.3,552.3,441763
서울특별시,강남구,2013,1.3,745.2,563599
서울특별시,송파구,2013,0.9,599.8,668415
서울특별시,강동구,2013,0.5,246.4,483379
부산광역시,중구,2013,1.7,79.7,47345
부산광역시,서구,2013,1,117.4,118783
부산광역시,동구,2013,1,94.7,96011
부산광역시,영도구,2013,0.9,117.8,135816
부산광역시,부산진구,2013,0.9,366.5,389765
부산광역시,동래구,2013,0.8,227.9,276689
부산광역시,남구,2013,0.8,219.4,291770
부산광역시,북구,2013,0.8,261.9,309719
부산광역시,해운대구,2013,0.9,375.2,425536
부산광역시,사하구,2013,0.9,323.3,349110
부산광역시,금정구,2013,0.9,217.4,253526
부산광역시,강서구,2013,1.2,83.5,69873
부산광역시,연제구,2013,0.8,175.2,209290
부산광역시,수영구,2013,0.9,149,175098
부산광역시,사상구,2013,1.1,265.7,246797
부산광역시,기장군,2013,0.7,99.2,132507
대구광역시,중구,2013,2.5,191.6,76246
대구광역시,동구,2013,1,360.1,343802
대구광역시,서구,2013,1.2,260.5,215399
대구광역시,남구,2013,1.3,222.6,166062
대구광역시,북구,2013,1,457,444359
대구광역시,수성구,2013,1,448.7,461004
대구광역시,달서구,2013,1,622,610358
대구광역시,달성군,2013,1.2,227.2,184358
인천광역시,중구,2013,1,104.7,107774
인천광역시,동구,2013,0.6,47.3,75093
인천광역시,남구,2013,0.7,287.7,411330
인천광역시,연수구,2013,0.5,142.6,300305
인천광역시,남동구,2013,0.5,267.7,507021
인천광역시,부평구,2013,0.6,355,556985
인천광역시,계양구,2013,0.8,262,343806
인천광역시,서구,2013,1.6,784.8,490035
인천광역시,미추홀구,2013,-,-,-
인천광역시,강화군,2013,0.7,45.7,66735
인천광역시,옹진군,2013,0.7,13.7,20698
광주광역시,동구,2013,1.5,155,103016
광주광역시,서구,2013,1,323.5,315276
광주광역시,남구,2013,0.8,173,216254
광주광역시,북구,2013,0.8,372.5,445489
광주광역시,광산구,2013,0.8,303,392875
대전광역시,동구,2013,0.9,235.6,250653
대전광역시,중구,2013,1,276,264913
대전광역시,서구,2013,0.9,426.3,498917
대전광역시,유성구,2013,0.9,284.9,313968
대전광역시,대덕구,2013,1.2,250.6,204360
울산광역시,중구,2013,1.1,258.4,234607
울산광역시,남구,2013,1.2,410.8,349064
울산광역시,동구,2013,1.2,211.4,178468
울산광역시,북구,2013,0.8,156,185695
울산광역시,울주군,2013,0.9,197.6,208646
경기도,수원시,2013,0.9,1050,1148157
경기도,성남시,2013,0.8,775.3,979534
경기도,의정부시,2013,0.9,370.3,430976
경기도,안양시,2013,0.7,429.1,607877
경기도,부천시,2013,0.6,503.8,863720
경기도,광명시,2013,0.7,256.7,353100
경기도,평택시,2013,0.9,419.5,442034
경기도,동두천시,2013,0.7,65.3,97557
경기도,안산시,2013,0.7,532.1,713666
경기도,고양시,2013,0.9,895.9,990571
경기도,과천시,2013,1.1,76.8,70578
경기도,구리시,2013,0.9,176.7,189680
경기도,남양주시,2013,0.5,336.6,618305
경기도,오산시,2013,0.8,170.4,205460
경기도,시흥시,2013,0.8,312.3,396765
경기도,군포시,2013,0.7,201.3,286344
경기도,의왕시,2013,0.8,128.3,159772
경기도,하남시,2013,1,147.2,145096
경기도,용인시,2013,0.8,787.8,941477
경기도,파주시,2013,0.9,378.5,401718
경기도,이천시,2013,1.1,221.8,205479
경기도,안성시,2013,1.4,249.1,182173
경기도,김포시,2013,0.8,263.2,312305
경기도,화성시,2013,0.5,244.5,530251
경기도,광주시,2013,0.9,257.6,286699
경기도,양주시,2013,1,206,199143
경기도,포천시,2013,1.1,173,156603
경기도,여주시,2013,0.8,92.9,109343
경기도,경기 여주군,2013,-,-,-
경기도,연천군,2013,1.3,61.2,45610
경기도,가평군,2013,1.2,74.6,61017
경기도,양평군,2013,0.6,61.4,103620
강원도,춘천시,2013,1.6,434.9,274455
강원도,원주시,2013,1,310.7,324837
강원도,강릉시,2013,1.7,371.1,216806
강원도,동해시,2013,1.1,107.2,95143
강원도,태백시,2013,1.6,76.3,48794
강원도,속초시,2013,2,165.3,83109
강원도,삼척시,2013,1.5,106.2,73023
강원도,홍천군,2013,0.6,42.9,70638
강원도,횡성군,2013,0.8,37.5,44937
강원도,영월군,2013,1.1,43.9,40150
강원도,평창군,2013,1.1,49,43666
강원도,정선군,2013,1.3,53.7,39985
강원도,철원군,2013,1.2,55.2,47473
강원도,화천군,2013,1.8,44.2,25079
강원도,양구군,2013,1.5,35.4,23594
강원도,인제군,2013,1.9,60.8,32517
강원도,고성군,2013,2.3,69.7,30398
강원도,양양군,2013,1.3,36.6,27659
충청북도,충북 청주시,2013,1.2,781.7,672904
충청북도,충주시,2013,1.2,247.3,208115
충청북도,제천시,2013,0.9,127.9,137204
충청북도,청주시,2013,-,-,-
충청북도,충북 청원군,2013,1.4,209.9,155002
충청북도,보은군,2013,0.9,29.9,34318
충청북도,옥천군,2013,0.8,43.9,52763
충청북도,영동군,2013,0.8,38.3,50539
충청북도,진천군,2013,1.4,89.3,64606
충청북도,괴산군,2013,1.2,46.9,38059
충청북도,음성군,2013,0.8,76.1,93505
충청북도,단양군,2013,1.2,37.3,31171
충청북도,증평군,2013,1,35.6,34546
충청남도,천안시,2013,1.8,1077.7,591089
충청남도,공주시,2013,1.1,130.7,116369
충청남도,보령시,2013,1.1,111.7,104938
충청남도,아산시,2013,1.1,324.7,287073
충청남도,서산시,2013,1.1,178.9,165837
충청남도,논산시,2013,1.4,176,125844
충청남도,계룡시,2013,1.2,47.7,40957
충청남도,당진시,2013,0.9,150.7,159615
충청남도,금산군,2013,1,55.9,55441
충청남도,충남 연기군,2013,-,-,-
충청남도,부여군,2013,1,75.2,72547
충청남도,서천군,2013,0.7,42.7,58441
충청남도,청양군,2013,0.9,28.3,32155
충청남도,홍성군,2013,0.8,67.9,89704
충청남도,예산군,2013,0.6,48.3,85205
충청남도,태안군,2013,1.1,66.2,62416
충청남도,충남 당진군,2013,-,-,-
전라북도,전주시,2013,1.1,699.9,650082
전라북도,군산시,2013,1,289.8,278319
전라북도,익산시,2013,0.7,201,306539
전라북도,정읍시,2013,0.7,83.5,118328
전라북도,남원시,2013,0.8,71.7,86460
전라북도,김제시,2013,0.7,66.1,91218
전라북도,완주군,2013,0.6,48,86978
전라북도,진안군,2013,0.8,20.3,26703
전라북도,무주군,2013,0.9,23.4,25398
전라북도,장수군,2013,0.8,19.7,23243
전라북도,임실군,2013,0.4,12.6,29739
전라북도,순창군,2013,0.6,17.6,30272
전라북도,고창군,2013,0.8,45.6,60522
전라북도,부안군,2013,1,57.1,59164
전라남도,목포시,2013,1,247.4,240936
전라남도,여수시,2013,1.3,384.4,291366
전라남도,순천시,2013,1.2,321,275668
전라남도,나주시,2013,1,90.1,87754
전라남도,광양시,2013,1.7,264.9,151621
전라남도,담양군,2013,0.7,33.4,47365
전라남도,곡성군,2013,0.7,20.2,31009
전라남도,구례군,2013,0.6,17.6,27115
전라남도,고흥군,2013,0.9,63.6,70631
전라남도,보성군,2013,0.7,32.9,46385
전라남도,화순군,2013,0.6,42.7,67829
전라남도,장흥군,2013,0.8,32.9,43004
전라남도,강진군,2013,0.7,28.8,40079
전라남도,해남군,2013,0.7,56.1,77684
전라남도,영암군,2013,1.9,111.5,59061
전라남도,무안군,2013,0.9,67.6,79367
전라남도,함평군,2013,0.5,17.2,35610
전라남도,영광군,2013,0.9,49.2,57617
전라남도,장성군,2013,0.5,23.9,46292
전라남도,완도군,2013,1,52.4,53619
전라남도,진도군,2013,1.4,46.5,32998
전라남도,신안군,2013,1,42.3,44162
경상북도,포항시,2013,1.5,762.5,519467
경상북도,경주시,2013,1,272.4,263283
경상북도,김천시,2013,0.9,119,135259
경상북도,안동시,2013,1.7,278.2,168461
경상북도,구미시,2013,0.6,249.2,419428
경상북도,영주시,2013,1.5,172.4,112625
경상북도,영천시,2013,0.6,61.2,100778
경상북도,상주시,2013,0.8,85,103346
경상북도,문경시,2013,1.5,112.3,75664
경상북도,경산시,2013,0.7,172,248805
경상북도,군위군,2013,0.7,17.4,24172
경상북도,의성군,2013,0.8,42.4,56064
경상북도,청송군,2013,0.9,24.9,26470
경상북도,영양군,2013,0.7,13.1,18297
경상북도,영덕군,2013,1.2,50,40142
경상북도,청도군,2013,0.4,19.5,43788
경상북도,고령군,2013,0.5,17.5,35198
경상북도,성주군,2013,0.6,25.6,45067
경상북도,칠곡군,2013,0.9,112,121182
경상북도,예천군,2013,2,90.4,45573
경상북도,봉화군,2013,1.2,40.7,33894
경상북도,울진군,2013,1,53.7,51953
경상북도,울릉군,2013,1.2,13,10524
경상남도,진주시,2013,1.2,415.1,337071
경상남도,통영시,2013,1.4,191.4,139719
경상남도,사천시,2013,1.4,169,116851
경상남도,김해시,2013,0.9,449.4,522049
경상남도,밀양시,2013,0.8,90.5,108342
경상남도,거제시,2013,0.8,195.2,242077
경상남도,양산시,2013,0.8,235.9,279565
경상남도,창원시,2013,0.9,945,1083731
경상남도,의령군,2013,0.8,23.5,29417
경상남도,함안군,2013,1.2,80.4,67667
경상남도,창녕군,2013,0.8,49.6,63447
경상남도,고성군,2013,0.7,36.9,56369
경상남도,남해군,2013,0.8,39.3,47244
경상남도,하동군,2013,0.9,42.8,50177
경상남도,산청군,2013,1.1,40.4,35935
경상남도,함양군,2013,0.8,31,40692
경상남도,거창군,2013,1.3,79.5,63177
경상남도,합천군,2013,1.2,61.3,50290
제주특별자치도,제주시,2013,1.4,605.9,438165
제주특별자치도,서귀포시,2013,2.4,378.3,155641
서울특별시,종로구,2014,2.3,365.4,156993
서울특별시,중구,2014,3.9,504.5,128065
서울특별시,용산구,2014,1.2,273,235951
서울특별시,성동구,2014,0.9,254.1,296086
서울특별시,광진구,2014,1,348.9,363354
서울특별시,동대문구,2014,1.1,414.7,363687
서울특별시,중랑구,2014,0.9,369.4,418836
서울특별시,성북구,2014,0.8,366.6,466706
서울특별시,강북구,2014,0.7,232,335025
서울특별시,도봉구,2014,1,348.1,353709
서울특별시,노원구,2014,0.6,356.4,582552
서울특별시,은평구,2014,0.6,300.3,498644
서울특별시,서대문구,2014,1,311.7,310376
서울특별시,마포구,2014,1.2,458.1,385439
서울특별시,양천구,2014,0.7,347.9,486221
서울특별시,강서구,2014,0.7,436.8,585160
서울특별시,구로구,2014,0.8,322.5,425831
서울특별시,금천구,2014,1.1,250.6,238463
서울특별시,영등포구,2014,0.9,356.1,382352
서울특별시,동작구,2014,0.8,339.8,407470
서울특별시,관악구,2014,0.7,354.3,513186
서울특별시,서초구,2014,1.2,546.3,449678
서울특별시,강남구,2014,1.4,808.2,578114
서울특별시,송파구,2014,0.8,555.5,664738
서울특별시,강동구,2014,0.8,392.6,476597
부산광역시,중구,2014,2,95.1,46737
부산광역시,서구,2014,1,121.7,118115
부산광역시,동구,2014,1.1,100.7,94565
부산광역시,영도구,2014,1,129,132102
부산광역시,부산진구,2014,1,381.1,387378
부산광역시,동래구,2014,0.9,241.2,275971
부산광역시,남구,2014,0.8,228,286989
부산광역시,북구,2014,0.9,280.8,306974
부산광역시,해운대구,2014,0.9,394.9,423531
부산광역시,사하구,2014,1,330.4,343371
부산광역시,금정구,2014,0.9,228.3,249856
부산광역시,강서구,2014,1.2,95,79619
부산광역시,연제구,2014,0.9,186.3,208012
부산광역시,수영구,2014,1,172.3,178480
부산광역시,사상구,2014,1.1,275.1,242953
부산광역시,기장군,2014,1,137.9,144748
대구광역시,중구,2014,2.1,169,78812
대구광역시,동구,2014,1,341.5,347975
대구광역시,서구,2014,1.3,276,210770
대구광역시,남구,2014,1.1,188,163492
대구광역시,북구,2014,1.1,504.9,444375
대구광역시,수성구,2014,0.9,420.6,456505
대구광역시,달서구,2014,1.2,733,606433
대구광역시,달성군,2014,1.4,266.4,184902
인천광역시,중구,2014,1,109.8,111929
인천광역시,동구,2014,0.7,48.4,73978
인천광역시,남구,2014,0.6,233.2,408305
인천광역시,연수구,2014,0.4,133.6,310703
인천광역시,남동구,2014,0.6,308.3,514656
인천광역시,부평구,2014,0.6,331.9,556992
인천광역시,계양구,2014,0.5,185.2,339538
인천광역시,서구,2014,0.6,295.2,498686
인천광역시,미추홀구,2014,-,-,-
인천광역시,강화군,2014,0.4,29.9,67118
인천광역시,옹진군,2014,0.6,12.6,20703
광주광역시,동구,2014,1.6,157.8,100786
광주광역시,서구,2014,1,304.9,310317
광주광역시,남구,2014,0.8,180.9,219815
광주광역시,북구,2014,0.8,353.3,447685
광주광역시,광산구,2014,0.8,319.5,397281
대전광역시,동구,2014,1,256.6,245493
대전광역시,중구,2014,0.9,237.6,261165
대전광역시,서구,2014,0.9,434.5,496132
대전광역시,유성구,2014,0.9,295.8,327461
대전광역시,대덕구,2014,1.1,226.7,201558
울산광역시,중구,2014,1.1,265.8,238825
울산광역시,남구,2014,1.3,466.9,347759
울산광역시,동구,2014,1.3,231.6,176668
울산광역시,북구,2014,1.3,238.4,188733
울산광역시,울주군,2014,1.2,246.6,214392
경기도,수원시,2014,0.9,1028.6,1174228
경기도,성남시,2014,0.8,827.1,974608
경기도,의정부시,2014,0.9,376.9,431112
경기도,안양시,2014,0.7,414.6,600809
경기도,부천시,2014,0.7,587.8,855586
경기도,광명시,2014,0.7,251.5,348560
경기도,평택시,2014,1,448.1,449555
경기도,동두천시,2014,0.7,71.2,97595
경기도,안산시,2014,0.8,599.4,707876
경기도,고양시,2014,0.9,874.2,1006154
경기도,과천시,2014,1,73.6,70156
경기도,구리시,2014,1.1,209.3,186820
경기도,남양주시,2014,0.6,366.8,636256
경기도,오산시,2014,1,200.4,208565
경기도,시흥시,2014,0.9,349.2,394639
경기도,군포시,2014,0.6,181.3,288408
경기도,의왕시,2014,0.9,144.2,158482
경기도,하남시,2014,2.1,316.9,148896
경기도,용인시,2014,0.9,825,961026
경기도,파주시,2014,1,393.5,411348
경기도,이천시,2014,1,206.6,205014
경기도,안성시,2014,1.3,231.5,181896
경기도,김포시,2014,0.7,252.6,340310
경기도,화성시,2014,0.6,323.3,540862
경기도,광주시,2014,0.9,271.2,298858
경기도,양주시,2014,1,203.5,202072
경기도,포천시,2014,1.1,173.4,155798
경기도,여주시,2014,0.8,86.5,110386
경기도,경기 여주군,2014,-,-,-
경기도,연천군,2014,1,43.5,45363
경기도,가평군,2014,1.1,68.7,61213
경기도,양평군,2014,0.5,51.7,105379
강원도,춘천시,2014,1.8,488,275791
강원도,원주시,2014,0.7,243.7,327292
강원도,강릉시,2014,1.7,370,215807
강원도,동해시,2014,1.3,122.3,94562
강원도,태백시,2014,1.2,58.5,48258
강원도,속초시,2014,2.2,183.2,82432
강원도,삼척시,2014,1.5,110.1,72314
강원도,홍천군,2014,0.7,49.8,70451
강원도,횡성군,2014,0.8,37,45373
강원도,영월군,2014,0.9,35.2,40191
강원도,평창군,2014,1.3,55.9,43660
강원도,정선군,2014,1.4,54.6,39425
강원도,철원군,2014,1.3,60.8,47590
강원도,화천군,2014,1.8,48.4,27143
강원도,양구군,2014,1.5,35.5,23888
강원도,인제군,2014,1.7,55.5,32475
강원도,고성군,2014,1.9,57.9,30269
강원도,양양군,2014,1.4,37.7,27521
충청북도,충북 청주시,2014,-,-,-
충청북도,충주시,2014,1.3,265.8,208527
충청북도,제천시,2014,0.9,122.8,136805
충청북도,청주시,2014,1.4,1163.7,831521
충청북도,충북 청원군,2014,-,-,-
충청북도,보은군,2014,0.9,30.6,34240
충청북도,옥천군,2014,0.8,44.4,52469
충청북도,영동군,2014,0.9,46.8,50803
충청북도,진천군,2014,1,62.1,65174
충청북도,괴산군,2014,1.2,44.2,38351
충청북도,음성군,2014,0.9,87.9,95324
충청북도,단양군,2014,1.2,35.8,30948
충청북도,증평군,2014,1.1,38.9,34771
충청남도,천안시,2014,1.6,943.3,598346
충청남도,공주시,2014,1.1,128.1,113621
충청남도,보령시,2014,1.2,123.2,104321
충청남도,아산시,2014,1,290.2,293954
충청남도,서산시,2014,1.1,179.4,167611
충청남도,논산시,2014,1.4,175.8,124784
충청남도,계룡시,2014,1.6,64,40552
충청남도,당진시,2014,1.2,188.7,162844
충청남도,금산군,2014,1.1,60.7,55166
충청남도,충남 연기군,2014,-,-,-
충청남도,부여군,2014,1.1,77.1,71754
충청남도,서천군,2014,0.7,41.4,57713
충청남도,청양군,2014,0.8,27.2,32248
충청남도,홍성군,2014,0.8,69.3,91866
충청남도,예산군,2014,0.6,52.1,84919
충청남도,태안군,2014,1,62.3,62574
충청남도,충남 당진군,2014,-,-,-
전라북도,전주시,2014,1.1,699.4,652877
전라북도,군산시,2014,1,289,278098
전라북도,익산시,2014,0.7,221.3,304117
전라북도,정읍시,2014,0.7,87.3,117183
전라북도,남원시,2014,0.8,72.2,85643
전라북도,김제시,2014,0.8,71.7,90108
전라북도,완주군,2014,0.6,52,90377
전라북도,진안군,2014,0.8,21.3,26474
전라북도,무주군,2014,0.9,24.1,25390
전라북도,장수군,2014,1.1,25,23335
전라북도,임실군,2014,0.5,14.8,29966
전라북도,순창군,2014,0.4,13,30368
전라북도,고창군,2014,0.9,54.1,60090
전라북도,부안군,2014,1,59.8,57534
전라남도,목포시,2014,1,237.8,239109
전라남도,여수시,2014,1.3,381.7,290900
전라남도,순천시,2014,1.2,342,277188
전라남도,나주시,2014,1,91.6,90669
전라남도,광양시,2014,1.3,196,152097
전라남도,담양군,2014,0.7,31.3,47177
전라남도,곡성군,2014,0.7,22.8,30732
전라남도,구례군,2014,0.6,15.5,27170
전라남도,고흥군,2014,0.8,58,69641
전라남도,보성군,2014,0.8,35.9,45882
전라남도,화순군,2014,0.6,43,66772
전라남도,장흥군,2014,0.8,32.8,43190
전라남도,강진군,2014,0.7,28,39861
전라남도,해남군,2014,0.7,56.6,76981
전라남도,영암군,2014,2,118.9,58852
전라남도,무안군,2014,1.1,90.6,81696
전라남도,함평군,2014,0.4,15.3,35090
전라남도,영광군,2014,0.7,38.2,56833
전라남도,장성군,2014,0.5,21.8,46273
전라남도,완도군,2014,1.2,62.6,53174
전라남도,진도군,2014,1.5,49.1,32746
전라남도,신안군,2014,0.9,40.2,43747
경상북도,포항시,2014,1.2,635.4,519368
경상북도,경주시,2014,1,269.3,261535
경상북도,김천시,2014,0.8,106.1,135456
경상북도,안동시,2014,1.8,300,168697
경상북도,구미시,2014,0.9,358.5,420320
경상북도,영주시,2014,1.6,175.7,110780
경상북도,영천시,2014,0.7,66.4,100689
경상북도,상주시,2014,0.9,90.1,102892
경상북도,문경시,2014,1.5,116.6,75911
경상북도,경산시,2014,0.7,181.8,253968
경상북도,군위군,2014,0.6,15.5,24170
경상북도,의성군,2014,0.8,46,55212
경상북도,청송군,2014,1,27,26453
경상북도,영양군,2014,0.7,13.3,18197
경상북도,영덕군,2014,1.3,51.9,39586
경상북도,청도군,2014,0.5,20.3,43993
경상북도,고령군,2014,0.6,20.3,35033
경상북도,성주군,2014,0.6,27.9,44981
경상북도,칠곡군,2014,1,116.3,122058
경상북도,예천군,2014,1.1,47.8,45104
경상북도,봉화군,2014,1.5,50.6,34023
경상북도,울진군,2014,0.9,46.5,52104
경상북도,울릉군,2014,1.2,12,10264
경상남도,진주시,2014,1.2,413.2,340241
경상남도,통영시,2014,1.4,192.6,139439
경상남도,사천시,2014,1.3,153,116485
경상남도,김해시,2014,0.8,437,527240
경상남도,밀양시,2014,1.5,157.5,107765
경상남도,거제시,2014,1,250.2,248287
경상남도,양산시,2014,0.9,266.6,292376
경상남도,창원시,2014,1,1121.7,1075168
경상남도,의령군,2014,1.1,31.6,29209
경상남도,함안군,2014,1.2,83.1,68741
경상남도,창녕군,2014,0.8,51.4,63502
경상남도,고성군,2014,0.7,37.5,55916
경상남도,남해군,2014,0.8,35.8,46638
경상남도,하동군,2014,0.9,44.1,49223
경상남도,산청군,2014,0.8,28.4,35849
경상남도,함양군,2014,0.9,37.8,40584
경상남도,거창군,2014,1.1,69.5,63137
경상남도,합천군,2014,0.8,41.5,50457
제주특별자치도,제주시,2014,1.5,657.5,448834
제주특별자치도,서귀포시,2014,2,318.7,158512
서울특별시,종로구,2015,2.1,324.4,154986
서울특별시,중구,2015,4,500.3,125733
서울특별시,용산구,2015,1.1,255.1,233342
서울특별시,성동구,2015,0.9,259.4,297003
서울특별시,광진구,2015,0.9,339.4,360369
서울특별시,동대문구,2015,1.1,408.3,360153
서울특별시,중랑구,2015,0.9,392.1,413909
서울특별시,성북구,2015,0.8,359.2,459275
서울특별시,강북구,2015,0.7,230.2,330873
서울특별시,도봉구,2015,0.9,314.7,351242
서울특별시,노원구,2015,0.8,464.2,574583
서울특별시,은평구,2015,0.5,227.5,497920
서울특별시,서대문구,2015,1,301.5,312141
서울특별시,마포구,2015,1.2,461.6,387643
서울특별시,양천구,2015,0.7,322.5,484532
서울특별시,강서구,2015,0.7,434.2,589074
서울특별시,구로구,2015,0.7,314.7,422092
서울특별시,금천구,2015,1,240.1,236284
서울특별시,영등포구,2015,1,389.9,378504
서울특별시,동작구,2015,0.7,297.9,400641
서울특별시,관악구,2015,0.7,337.9,509663
서울특별시,서초구,2015,1.3,562.3,446764
서울특별시,강남구,2015,1.2,713.2,576495
서울특별시,송파구,2015,0.9,575.7,660302
서울특별시,강동구,2015,0.9,412.4,458658
부산광역시,중구,2015,1.9,88.7,45816
부산광역시,서구,2015,1.1,122.1,115963
부산광역시,동구,2015,1.1,99.9,92069
부산광역시,영도구,2015,1,124.6,129385
부산광역시,부산진구,2015,1,377.4,381572
부산광역시,동래구,2015,0.9,240.8,272837
부산광역시,남구,2015,0.8,238.2,283101
부산광역시,북구,2015,0.9,280.7,310484
부산광역시,해운대구,2015,0.9,393.5,422818
부산광역시,사하구,2015,1,329.1,337781
부산광역시,금정구,2015,0.9,228.1,246026
부산광역시,강서구,2015,1.1,100.7,94608
부산광역시,연제구,2015,0.9,186.9,210718
부산광역시,수영구,2015,0.9,157,179795
부산광역시,사상구,2015,1.2,273.8,237711
부산광역시,기장군,2015,0.8,124.9,153093
대구광역시,중구,2015,2.3,182.8,80928
대구광역시,동구,2015,1,340.7,349728
대구광역시,서구,2015,1.5,299.4,206028
대구광역시,남구,2015,1.3,201.5,160852
대구광역시,북구,2015,1.2,536.7,443119
대구광역시,수성구,2015,1,441.3,451786
대구광역시,달서구,2015,1.2,707.4,602641
대구광역시,달성군,2015,1.3,256.7,192747
인천광역시,중구,2015,0.9,102.6,114493
인천광역시,동구,2015,0.6,46.7,72571
인천광역시,남구,2015,0.6,238.9,404893
인천광역시,연수구,2015,0.4,135,319052
인천광역시,남동구,2015,0.6,330.1,531395
인천광역시,부평구,2015,0.6,333.1,555844
인천광역시,계양구,2015,0.6,195.2,334332
인천광역시,서구,2015,0.6,307.1,504606
인천광역시,미추홀구,2015,-,-,-
인천광역시,강화군,2015,0.7,45.8,67667
인천광역시,옹진군,2015,0.7,15.5,20962
광주광역시,동구,2015,1.3,126.8,98784
광주광역시,서구,2015,0.9,266.9,305028
광주광역시,남구,2015,0.9,192.1,221318
광주광역시,북구,2015,0.7,331.2,446316
광주광역시,광산구,2015,0.9,355.9,400753
대전광역시,동구,2015,1,247.8,239579
대전광역시,중구,2015,1,261.7,256186
대전광역시,서구,2015,0.9,460.9,490859
대전광역시,유성구,2015,1,325.9,335312
대전광역시,대덕구,2015,1.5,293.5,196839
울산광역시,중구,2015,1.1,271.7,244481
울산광역시,남구,2015,1.4,494.2,343598
울산광역시,동구,2015,1.3,220.2,174963
울산광역시,북구,2015,1.3,239.1,191063
울산광역시,울주군,2015,1.5,326.3,219429
경기도,수원시,2015,0.9,1101.5,1184624
경기도,성남시,2015,0.8,791,971424
경기도,의정부시,2015,0.9,387.8,433937
경기도,안양시,2015,0.9,513.8,597789
경기도,부천시,2015,0.7,559.4,848987
경기도,광명시,2015,0.7,250,344978
경기도,평택시,2015,1,454.5,460532
경기도,동두천시,2015,0.7,72.1,97974
경기도,안산시,2015,0.8,560.9,697885
경기도,고양시,2015,0.9,913,1027546
경기도,과천시,2015,1.1,73.5,68946
경기도,구리시,2015,1,192.9,186721
경기도,남양주시,2015,0.5,346.2,653454
경기도,오산시,2015,0.9,186.9,206828
경기도,시흥시,2015,0.9,371.2,398256
경기도,군포시,2015,0.7,193.1,287519
경기도,의왕시,2015,0.9,136,157740
경기도,하남시,2015,2.3,386.1,166713
경기도,용인시,2015,1,977.3,975746
경기도,파주시,2015,1,422.6,423321
경기도,이천시,2015,1.4,291.8,204935
경기도,안성시,2015,1.3,231.3,180199
경기도,김포시,2015,0.9,316.4,349990
경기도,화성시,2015,0.8,454.1,596525
경기도,광주시,2015,0.9,292.7,312579
경기도,양주시,2015,1.1,224.5,205184
경기도,포천시,2015,2.4,374.4,155192
경기도,여주시,2015,1.5,161,111033
경기도,경기 여주군,2015,-,-,-
경기도,연천군,2015,0.9,43.4,45725
경기도,가평군,2015,2.1,132.1,62008
경기도,양평군,2015,0.5,55.6,108316
강원도,춘천시,2015,1.6,436.8,277997
강원도,원주시,2015,0.7,243.3,332995
강원도,강릉시,2015,1.7,355.8,214560
강원도,동해시,2015,1.3,125.4,93895
강원도,태백시,2015,1.3,64,47501
강원도,속초시,2015,1.8,150.9,81992
강원도,삼척시,2015,1.5,108.8,70839
강원도,홍천군,2015,0.9,60.1,70336
강원도,횡성군,2015,0.9,40.3,45777
강원도,영월군,2015,0.8,32.3,40216
강원도,평창군,2015,1,45.6,43500
강원도,정선군,2015,1.4,55.6,39197
강원도,철원군,2015,1.2,57.9,48799
강원도,화천군,2015,1.8,49.4,27020
강원도,양구군,2015,1.2,28.6,24089
강원도,인제군,2015,2.3,76.3,33255
강원도,고성군,2015,1.9,58.2,30060
강원도,양양군,2015,1.5,42.3,27479
충청북도,충북 청주시,2015,-,-,-
충청북도,충주시,2015,0.8,166,207913
충청북도,제천시,2015,0.9,123,136138
충청북도,청주시,2015,1.2,989.4,831912
충청북도,충북 청원군,2015,-,-,-
충청북도,보은군,2015,1,35.9,34296
충청북도,옥천군,2015,0.8,43.7,52404
충청북도,영동군,2015,0.9,47.9,50693
충청북도,진천군,2015,1.1,72.6,67981
충청북도,괴산군,2015,1.3,49.2,38787
충청북도,음성군,2015,0.7,71.3,96396
충청북도,단양군,2015,1.3,39.3,30761
충청북도,증평군,2015,1.2,42.3,36671
충청남도,천안시,2015,1.4,853.9,605776
충청남도,공주시,2015,1.3,150,111261
충청남도,보령시,2015,1.1,117.8,104754
충청남도,아산시,2015,1.3,382.2,297737
충청남도,서산시,2015,1.5,263.1,170099
충청남도,논산시,2015,1.5,184.3,124232
충청남도,계룡시,2015,1,41.8,41730
충청남도,당진시,2015,0.9,142.6,165122
충청남도,금산군,2015,1,54.3,54879
충청남도,충남 연기군,2015,-,-,-
충청남도,부여군,2015,1.1,77.2,71143
충청남도,서천군,2015,1.1,61.7,56910
충청남도,청양군,2015,0.8,25.8,32485
충청남도,홍성군,2015,0.8,71.8,94553
충청남도,예산군,2015,0.7,55.9,83484
충청남도,태안군,2015,1.5,96.7,63484
충청남도,충남 당진군,2015,-,-,-
전라북도,전주시,2015,1.2,796.6,652282
전라북도,군산시,2015,1.1,299.6,278398
전라북도,익산시,2015,0.9,260.3,302061
전라북도,정읍시,2015,0.7,83.9,115977
전라북도,남원시,2015,0.8,69.1,84856
전라북도,김제시,2015,0.8,70.8,88721
전라북도,완주군,2015,0.7,65.1,95303
전라북도,진안군,2015,0.8,20.5,26203
전라북도,무주군,2015,1.1,26.9,25220
전라북도,장수군,2015,1,23.6,23277
전라북도,임실군,2015,0.5,15.4,30271
전라북도,순창군,2015,0.5,14.3,30248
전라북도,고창군,2015,0.7,43.7,60046
전라북도,부안군,2015,0.7,41.4,56848
전라남도,목포시,2015,1.1,257.8,238382
전라남도,여수시,2015,1.3,378.2,290168
전라남도,순천시,2015,1,268.7,278765
전라남도,나주시,2015,1,94.6,98182
전라남도,광양시,2015,1.4,220.6,153587
전라남도,담양군,2015,0.7,34.1,47009
전라남도,곡성군,2015,0.9,26.6,30672
전라남도,구례군,2015,0.6,15.8,27308
전라남도,고흥군,2015,0.9,63.7,68601
전라남도,보성군,2015,0.8,37.4,45349
전라남도,화순군,2015,0.7,43.2,65848
전라남도,장흥군,2015,0.7,31.6,43513
전라남도,강진군,2015,0.7,28.8,38758
전라남도,해남군,2015,0.7,54.1,76194
전라남도,영암군,2015,2,113.4,58137
전라남도,무안군,2015,0.9,70.1,82236
전라남도,함평군,2015,0.5,15.8,34876
전라남도,영광군,2015,0.7,39.1,56267
전라남도,장성군,2015,0.7,30.9,46360
전라남도,완도군,2015,1,52,53014
전라남도,진도군,2015,1,32.3,32476
전라남도,신안군,2015,0.9,39.8,43294
경상북도,포항시,2015,1,525.2,519584
경상북도,경주시,2015,1.1,287.3,259773
경상북도,김천시,2015,0.8,111.1,140132
경상북도,안동시,2015,1.7,282.9,169221
경상북도,구미시,2015,1,402.8,419915
경상북도,영주시,2015,1.5,162.1,109735
경상북도,영천시,2015,0.8,81,100648
경상북도,상주시,2015,0.9,95.9,102374
경상북도,문경시,2015,1.5,112.7,75784
경상북도,경산시,2015,0.9,218.9,256888
경상북도,군위군,2015,0.8,19.3,24126
경상북도,의성군,2015,0.7,39.5,54477
경상북도,청송군,2015,1.2,32,26384
경상북도,영양군,2015,0.8,13.5,17898
경상북도,영덕군,2015,1.3,51.9,39191
경상북도,청도군,2015,0.5,22,43724
경상북도,고령군,2015,0.7,23.7,34594
경상북도,성주군,2015,0.8,37.9,45029
경상북도,칠곡군,2015,1,119.6,122829
경상북도,예천군,2015,0.7,33.2,44674
경상북도,봉화군,2015,1.9,64.1,33808
경상북도,울진군,2015,1.1,56.1,51885
경상북도,울릉군,2015,1.2,12.3,10153
경상남도,진주시,2015,1.2,427.8,344426
경상남도,통영시,2015,1.5,208,139168
경상남도,사천시,2015,1.5,169.6,115452
경상남도,김해시,2015,0.9,455.3,528865
경상남도,밀양시,2015,0.9,98.3,107896
경상남도,거제시,2015,1,264.8,255828
경상남도,양산시,2015,0.9,269.5,301291
경상남도,창원시,2015,1,1123.2,1070064
경상남도,의령군,2015,0.9,25.5,28544
경상남도,함안군,2015,1.1,75.3,69156
경상남도,창녕군,2015,0.8,50.7,63817
경상남도,고성군,2015,0.7,39.2,55284
경상남도,남해군,2015,1.2,55,45865
경상남도,하동군,2015,0.9,46.4,50259
경상남도,산청군,2015,0.8,30,36071
경상남도,함양군,2015,0.8,33,40339
경상남도,거창군,2015,1.2,78.9,63232
경상남도,합천군,2015,0.9,45.9,49145
제주특별자치도,제주시,2015,1.8,819.3,459876
제주특별자치도,서귀포시,2015,2.1,343,164519
서울특별시,종로구,2016,2.7,406,152737
서울특별시,중구,2016,4,499.2,125249
서울특별시,용산구,2016,1.1,262.1,230241
서울특별시,성동구,2016,0.9,257.8,299259
서울특별시,광진구,2016,0.9,326.3,357215
서울특별시,동대문구,2016,1.2,426.6,355069
서울특별시,중랑구,2016,0.9,387.9,411005
서울특별시,성북구,2016,0.8,358.3,450355
서울특별시,강북구,2016,0.7,230,327195
서울특별시,도봉구,2016,0.9,315.1,348220
서울특별시,노원구,2016,0.8,455.1,567581
서울특별시,은평구,2016,0.6,283.4,491476
서울특별시,서대문구,2016,0.9,298.4,314194
서울특별시,마포구,2016,1.2,456.6,379892
서울특별시,양천구,2016,0.6,287.9,477739
서울특별시,강서구,2016,0.7,425.3,595485
서울특별시,구로구,2016,0.8,318.2,417551
서울특별시,금천구,2016,1,239.6,235386
서울특별시,영등포구,2016,1.1,406.8,370613
서울특별시,동작구,2016,0.7,280.5,400997
서울특별시,관악구,2016,0.7,339.7,506851
서울특별시,서초구,2016,1.3,570.1,447192
서울특별시,강남구,2016,1.2,707.2,567115
서울특별시,송파구,2016,0.9,569.7,657831
서울특별시,강동구,2016,1.1,500.2,444168
부산광역시,중구,2016,1.9,88,45208
부산광역시,서구,2016,1.1,121.2,112973
부산광역시,동구,2016,1.1,97.9,89826
부산광역시,영도구,2016,1,126.3,126362
부산광역시,부산진구,2016,1,371.3,376526
부산광역시,동래구,2016,0.9,242,272745
부산광역시,남구,2016,0.8,231.6,278779
부산광역시,북구,2016,0.9,277.7,310202
부산광역시,해운대구,2016,1,400.6,419853
부산광역시,사하구,2016,0.9,312.8,334603
부산광역시,금정구,2016,0.9,229,244624
부산광역시,강서구,2016,1,113.6,108909
부산광역시,연제구,2016,0.9,185.5,207268
부산광역시,수영구,2016,0.9,157.9,179324
부산광역시,사상구,2016,1.1,264.9,232800
부산광역시,기장군,2016,0.8,131.9,158527
대구광역시,중구,2016,2.4,193.3,79712
대구광역시,동구,2016,1,353.9,351352
대구광역시,서구,2016,1.4,285,199507
대구광역시,남구,2016,1.3,203.7,156433
대구광역시,북구,2016,1.2,528.3,440383
대구광역시,수성구,2016,1,459.6,447011
대구광역시,달서구,2016,1.1,679.3,591891
대구광역시,달성군,2016,1.2,253.8,218268
인천광역시,중구,2016,1.1,132.1,115249
인천광역시,동구,2016,0.8,54.8,71014
인천광역시,남구,2016,0.6,262.1,417103
인천광역시,연수구,2016,0.7,229.7,328627
인천광역시,남동구,2016,1,551.8,530982
인천광역시,부평구,2016,0.7,395.5,549716
인천광역시,계양구,2016,0.6,206.4,330284
인천광역시,서구,2016,0.9,480.2,510733
인천광역시,미추홀구,2016,-,-,-
인천광역시,강화군,2016,0.7,50.5,68010
인천광역시,옹진군,2016,0.8,17.9,21351
광주광역시,동구,2016,1.1,106.2,95791
광주광역시,서구,2016,0.9,281.6,309579
광주광역시,남구,2016,0.9,191.2,219729
광주광역시,북구,2016,0.7,322.6,441066
광주광역시,광산구,2016,0.9,345.6,403049
대전광역시,동구,2016,1.1,255.5,234959
대전광역시,중구,2016,1.2,297.2,252490
대전광역시,서구,2016,0.9,451.4,491011
대전광역시,유성구,2016,1,350.8,343222
대전광역시,대덕구,2016,1.4,273.6,192688
울산광역시,중구,2016,1.2,294,242536
울산광역시,남구,2016,1.5,520.8,340714
울산광역시,동구,2016,1.3,223.2,174514
울산광역시,북구,2016,1.3,262.9,195285
울산광역시,울주군,2016,1.3,290.5,219255
경기도,수원시,2016,1,1241,1194041
경기도,성남시,2016,0.9,873.8,974580
경기도,의정부시,2016,0.9,378.9,438457
경기도,안양시,2016,0.8,494.6,597414
경기도,부천시,2016,0.7,573.4,851380
경기도,광명시,2016,0.7,244.3,339484
경기도,평택시,2016,0.9,411.8,470832
경기도,동두천시,2016,0.8,79.5,98277
경기도,안산시,2016,0.8,562,689859
경기도,고양시,2016,0.9,885.6,1039684
경기도,과천시,2016,1.4,89.6,63778
경기도,구리시,2016,1.1,222.2,193763
경기도,남양주시,2016,0.6,379,662154
경기도,오산시,2016,0.9,179.8,208656
경기도,시흥시,2016,1.2,465.7,402888
경기도,군포시,2016,0.8,219.5,284890
경기도,의왕시,2016,0.9,144.4,156763
경기도,하남시,2016,1.5,326.8,211101
경기도,용인시,2016,1.1,1062,991126
경기도,파주시,2016,1.1,472.9,430781
경기도,이천시,2016,1.5,322.3,210359
경기도,안성시,2016,1.2,222.5,182896
경기도,김포시,2016,0.7,249.7,363443
경기도,화성시,2016,0.9,603.7,640890
경기도,광주시,2016,0.9,295.9,327723
경기도,양주시,2016,1.2,247.5,205513
경기도,포천시,2016,2.7,424.1,154763
경기도,여주시,2016,1.9,207.4,111563
경기도,경기 여주군,2016,-,-,-
경기도,연천군,2016,1.2,52.9,45907
경기도,가평군,2016,1.2,76.5,62448
경기도,양평군,2016,0.5,60.2,111367
강원도,춘천시,2016,1.5,430.8,280707
강원도,원주시,2016,0.8,268.2,337979
강원도,강릉시,2016,1.8,384,213846
강원도,동해시,2016,1.4,130.9,93297
강원도,태백시,2016,1,45.8,47070
강원도,속초시,2016,1.9,156.2,81793
강원도,삼척시,2016,2.1,144.5,69599
강원도,홍천군,2016,1.1,80.1,70076
강원도,횡성군,2016,1.3,59.5,45991
강원도,영월군,2016,0.8,32.6,40073
강원도,평창군,2016,1.3,58.1,43318
강원도,정선군,2016,1.7,66.2,38718
강원도,철원군,2016,1.2,55.7,48013
강원도,화천군,2016,1.9,49.6,26264
강원도,양구군,2016,1.5,36,24010
강원도,인제군,2016,2.6,83.9,32720
강원도,고성군,2016,1.7,50,30114
강원도,양양군,2016,1.7,47,27218
충청북도,충북 청주시,2016,-,-,-
충청북도,충주시,2016,1.6,340.9,208350
충청북도,제천시,2016,0.8,114,136517
충청북도,청주시,2016,1.5,1212.7,835197
충청북도,충북 청원군,2016,-,-,-
충청북도,보은군,2016,1,32.7,34221
충청북도,옥천군,2016,1.2,60.9,52267
충청북도,영동군,2016,0.9,46.2,50552
충청북도,진천군,2016,1.1,79.2,69950
충청북도,괴산군,2016,1.5,58.6,38973
충청북도,음성군,2016,0.8,81.1,97787
충청북도,단양군,2016,1.6,47.5,30503
충청북도,증평군,2016,1.1,40.6,37308
충청남도,천안시,2016,1.4,883,617955
충청남도,공주시,2016,1.3,141.2,109931
충청남도,보령시,2016,1.4,145.9,103873
충청남도,아산시,2016,1,297,302929
충청남도,서산시,2016,1,169.7,170788
충청남도,논산시,2016,1.4,173.3,123213
충청남도,계룡시,2016,1,44.7,42634
충청남도,당진시,2016,1.1,183.1,166630
충청남도,금산군,2016,1,55,54612
충청남도,충남 연기군,2016,-,-,-
충청남도,부여군,2016,1.1,77.5,70187
충청남도,서천군,2016,1.3,72.1,56012
충청남도,청양군,2016,0.8,26.3,32753
충청남도,홍성군,2016,0.8,78.6,99971
충청남도,예산군,2016,0.9,72,81339
충청남도,태안군,2016,1.3,82.6,63900
충청남도,충남 당진군,2016,-,-,-
전라북도,전주시,2016,1.1,729,651744
전라북도,군산시,2016,1.1,302.7,277551
전라북도,익산시,2016,0.9,265.3,300479
전라북도,정읍시,2016,0.8,87.5,115173
전라북도,남원시,2016,1.1,92.8,84188
전라북도,김제시,2016,1,86.5,87782
전라북도,완주군,2016,1.1,101.3,95480
전라북도,진안군,2016,0.6,14.5,26069
전라북도,무주군,2016,1.2,28.7,24949
전라북도,장수군,2016,0.9,21.8,23628
전라북도,임실군,2016,0.5,15.1,30197
전라북도,순창군,2016,0.5,15.1,29949
전라북도,고창군,2016,0.7,44.3,60597
전라북도,부안군,2016,0.8,42.9,57005
전라남도,목포시,2016,1.1,268.6,237739
전라남도,여수시,2016,1.5,426.7,288988
전라남도,순천시,2016,0.9,240.9,278548
전라남도,나주시,2016,0.8,83.9,104376
전라남도,광양시,2016,1.6,244,155580
전라남도,담양군,2016,0.3,14.9,47229
전라남도,곡성군,2016,0.8,25.1,30400
전라남도,구례군,2016,0.6,16.9,27412
전라남도,고흥군,2016,0.8,55,67656
전라남도,보성군,2016,0.7,30.8,44469
전라남도,화순군,2016,0.7,43.5,65303
전라남도,장흥군,2016,0.9,35.3,40669
전라남도,강진군,2016,1,36.7,37753
전라남도,해남군,2016,0.8,57.2,75121
전라남도,영암군,2016,1.7,99,57045
전라남도,무안군,2016,0.9,75.6,82109
전라남도,함평군,2016,0.5,16.8,34397
전라남도,영광군,2016,0.7,38.3,55618
전라남도,장성군,2016,0.9,43.7,46104
전라남도,완도군,2016,0.8,43,52668
전라남도,진도군,2016,0.9,29.9,32078
전라남도,신안군,2016,1,41,42652
경상북도,포항시,2016,1,541.1,516775
경상북도,경주시,2016,1.2,300.7,259452
경상북도,김천시,2016,1,136.9,142256
경상북도,안동시,2016,1.2,199.5,168798
경상북도,구미시,2016,0.9,380.3,419891
경상북도,영주시,2016,1.8,195.5,109247
경상북도,영천시,2016,1.3,129,100521
경상북도,상주시,2016,0.9,95.6,101799
경상북도,문경시,2016,1.7,125.3,74702
경상북도,경산시,2016,0.9,235.5,258037
경상북도,군위군,2016,0.9,21.4,24171
경상북도,의성군,2016,0.8,42.7,54014
경상북도,청송군,2016,1,27.4,26301
경상북도,영양군,2016,0.8,14.8,17713
경상북도,영덕군,2016,1.5,58.5,39052
경상북도,청도군,2016,0.7,31.6,43564
경상북도,고령군,2016,0.7,25.5,34257
경상북도,성주군,2016,0.7,32.4,45205
경상북도,칠곡군,2016,1,126.2,123199
경상북도,예천군,2016,0.8,34.8,46166
경상북도,봉화군,2016,1.7,56.7,33539
경상북도,울진군,2016,1.2,59.6,51738
경상북도,울릉군,2016,1.4,14.4,10001
경상남도,진주시,2016,1.2,401.7,346739
경상남도,통영시,2016,1.7,229.8,138160
경상남도,사천시,2016,1.7,190.1,114912
경상남도,김해시,2016,0.9,498.8,529422
경상남도,밀양시,2016,1,112.4,108354
경상남도,거제시,2016,1.4,350.4,257183
경상남도,양산시,2016,1.1,357.5,317037
경상남도,창원시,2016,1.2,1245.7,1063907
경상남도,의령군,2016,1,28.6,28111
경상남도,함안군,2016,1.1,77.6,68937
경상남도,창녕군,2016,0.8,51.5,63982
경상남도,고성군,2016,0.9,51,54703
경상남도,남해군,2016,1.5,67.9,45129
경상남도,하동군,2016,1.1,56.1,49622
경상남도,산청군,2016,1.2,41.8,36098
경상남도,함양군,2016,1.2,46.7,40241
경상남도,거창군,2016,1.3,83.3,63308
경상남도,합천군,2016,1.3,60.5,48026
제주특별자치도,제주시,2016,1.9,881.9,470665
제주특별자치도,서귀포시,2016,2.5,423.4,170932
서울특별시,종로구,2017,2.4,375.1,154770
서울특별시,중구,2017,3.5,446,125709
서울특별시,용산구,2017,1.1,262.7,229161
서울특별시,성동구,2017,0.8,255.7,304808
서울특별시,광진구,2017,0.9,319.2,357703
서울특별시,동대문구,2017,1.2,422.5,350647
서울특별시,중랑구,2017,0.9,361.3,408226
서울특별시,성북구,2017,0.8,345.5,444055
서울특별시,강북구,2017,0.7,224.9,324479
서울특별시,도봉구,2017,0.7,243.6,344166
서울특별시,노원구,2017,0.8,416.7,554403
서울특별시,은평구,2017,0.7,319.6,486794
서울특별시,서대문구,2017,1,298.3,312800
서울특별시,마포구,2017,1.2,437.7,374915
서울특별시,양천구,2017,0.6,295.4,471154
서울특별시,강서구,2017,0.8,463.7,601691
서울특별시,구로구,2017,0.8,310.8,410742
서울특별시,금천구,2017,1,241.8,235154
서울특별시,영등포구,2017,0.9,340.7,368550
서울특별시,동작구,2017,0.7,269,396217
서울특별시,관악구,2017,0.7,361.8,503297
서울특별시,서초구,2017,1.3,571.7,441102
서울특별시,강남구,2017,1.3,708.3,556164
서울특별시,송파구,2017,0.8,550.3,664496
서울특별시,강동구,2017,0.9,375,436223
부산광역시,중구,2017,1.9,85,44218
부산광역시,서구,2017,1.1,117.4,110039
부산광역시,동구,2017,1.1,94,88868
부산광역시,영도구,2017,1,120.5,123521
부산광역시,부산진구,2017,1,365.9,371703
부산광역시,동래구,2017,0.9,235.2,270727
부산광역시,남구,2017,0.8,223.7,273854
부산광역시,북구,2017,0.9,270.3,302924
부산광역시,해운대구,2017,0.9,388.7,412039
부산광역시,사하구,2017,1.1,350.6,333301
부산광역시,금정구,2017,1,232.5,244469
부산광역시,강서구,2017,1.2,140.5,117382
부산광역시,연제구,2017,0.9,185.2,206742
부산광역시,수영구,2017,0.8,152.3,179996
부산광역시,사상구,2017,1.1,250.4,229219
부산광역시,기장군,2017,0.8,131,161651
대구광역시,중구,2017,2.3,185.1,78986
대구광역시,동구,2017,1,349.2,349379
대구광역시,서구,2017,1.5,295.2,191992
대구광역시,남구,2017,1.3,193.8,152845
대구광역시,북구,2017,1.1,492.8,441375
대구광역시,수성구,2017,1,442.7,439211
대구광역시,달서구,2017,1.2,666.3,578068
대구광역시,달성군,2017,1.1,270.3,243375
인천광역시,중구,2017,1.9,219,117999
인천광역시,동구,2017,1,67.9,69487
인천광역시,남구,2017,0.6,259.1,419267
인천광역시,연수구,2017,0.7,246.2,335142
인천광역시,남동구,2017,0.9,473.2,536578
인천광역시,부평구,2017,0.7,387.5,539941
인천광역시,계양구,2017,0.6,206,323784
인천광역시,서구,2017,0.7,340.4,516017
인천광역시,미추홀구,2017,-,-,-
인천광역시,강화군,2017,0.7,49.1,68754
인천광역시,옹진군,2017,0.8,17.9,21573
광주광역시,동구,2017,1.1,102.3,95448
광주광역시,서구,2017,0.9,262.1,306957
광주광역시,남구,2017,0.9,187,218454
광주광역시,북구,2017,0.8,364.7,438780
광주광역시,광산구,2017,0.9,353,404131
대전광역시,동구,2017,1.2,271.4,230516
대전광역시,중구,2017,1.2,291.4,248933
대전광역시,서구,2017,0.9,449.4,487448
대전광역시,유성구,2017,1,353.6,348428
대전광역시,대덕구,2017,1.6,298.2,186902
울산광역시,중구,2017,1.1,264.8,238652
울산광역시,남구,2017,1.5,512.6,335439
울산광역시,동구,2017,1.2,212,169605
울산광역시,북구,2017,1.2,250.1,200718
울산광역시,울주군,2017,1.2,270.3,220718
경기도,수원시,2017,1,1143.6,1202628
경기도,성남시,2017,0.9,864.2,967510
경기도,의정부시,2017,1,425.8,441584
경기도,안양시,2017,0.6,366.5,587764
경기도,부천시,2017,0.9,747.1,850329
경기도,광명시,2017,0.8,255.9,332790
경기도,평택시,2017,0.8,395.3,481530
경기도,동두천시,2017,0.8,75.6,97071
경기도,안산시,2017,0.8,552.7,677710
경기도,고양시,2017,0.9,953.4,1041983
경기도,과천시,2017,1.2,70.3,57527
경기도,구리시,2017,0.8,156.9,200042
경기도,남양주시,2017,0.6,367.5,665321
경기도,오산시,2017,0.9,202.6,213437
경기도,시흥시,2017,1.1,479.5,419664
경기도,군포시,2017,0.8,229.7,281205
경기도,의왕시,2017,1,150.4,155767
경기도,하남시,2017,0.8,176.6,232487
경기도,용인시,2017,0.9,874.3,1004081
경기도,파주시,2017,1,434.4,437848
경기도,이천시,2017,1.3,282.2,213142
경기도,안성시,2017,1.3,230.8,182786
경기도,김포시,2017,0.6,253.4,392092
경기도,화성시,2017,1,716.6,691086
경기도,광주시,2017,0.9,301,345947
경기도,양주시,2017,1.8,377.9,212146
경기도,포천시,2017,0.9,143.6,152925
경기도,여주시,2017,1.8,197.8,111984
경기도,경기 여주군,2017,-,-,-
경기도,연천군,2017,0.8,36.9,45431
경기도,가평군,2017,1.2,75.7,62973
경기도,양평군,2017,0.6,67.1,115105
강원도,춘천시,2017,1.5,409.2,280514
강원도,원주시,2017,1.3,453.8,341337
강원도,강릉시,2017,1.7,358.3,213952
강원도,동해시,2017,1.4,128.9,92851
강원도,태백시,2017,2,93,45888
강원도,속초시,2017,1.8,146,82273
강원도,삼척시,2017,1.5,105.7,68514
강원도,홍천군,2017,1.1,76.2,70340
강원도,횡성군,2017,1.3,61,46281
강원도,영월군,2017,0.8,30.9,40067
강원도,평창군,2017,1.4,59,43092
강원도,정선군,2017,1.4,52.1,38173
강원도,철원군,2017,1.2,55.7,47185
강원도,화천군,2017,1.9,49.8,26022
강원도,양구군,2017,1.6,39.3,23835
강원도,인제군,2017,3.1,100.5,32582
강원도,고성군,2017,2,61.2,30029
강원도,양양군,2017,1.9,52.9,27207
충청북도,충북 청주시,2017,-,-,-
충청북도,충주시,2017,1.4,295,208316
충청북도,제천시,2017,0.9,120.3,136432
충청북도,청주시,2017,1.3,1124.4,835590
충청북도,충북 청원군,2017,-,-,-
충청북도,보은군,2017,1,35.3,34053
충청북도,옥천군,2017,1.3,65.5,51766
충청북도,영동군,2017,0.9,45.4,50240
충청북도,진천군,2017,1.5,107.8,73677
충청북도,괴산군,2017,1.8,70.1,39054
충청북도,음성군,2017,0.9,85.4,97306
충청북도,단양군,2017,1.5,44.7,30215
충청북도,증평군,2017,1,39,37783
충청남도,천안시,2017,1.5,940.9,631531
충청남도,공주시,2017,1.4,155.8,108432
충청남도,보령시,2017,1.3,131.8,103198
충청남도,아산시,2017,1.5,462.3,311453
충청남도,서산시,2017,1,173.5,171678
충청남도,논산시,2017,1.4,173.7,122240
충청남도,계룡시,2017,1,45.3,43967
충청남도,당진시,2017,0.9,150.1,167439
충청남도,금산군,2017,1.1,58.4,53894
충청남도,충남 연기군,2017,-,-,-
충청남도,부여군,2017,1.2,79.5,69086
충청남도,서천군,2017,1.3,70.8,55175
충청남도,청양군,2017,0.8,27,32837
충청남도,홍성군,2017,0.8,85.7,101570
충청남도,예산군,2017,1,81,80338
충청남도,태안군,2017,1.3,82.5,63932
충청남도,충남 당진군,2017,-,-,-
전라북도,전주시,2017,1.2,753.9,648964
전라북도,군산시,2017,1.2,327.8,274997
전라북도,익산시,2017,0.8,253.5,300187
전라북도,정읍시,2017,0.8,89.2,113776
전라북도,남원시,2017,1,86.1,83281
전라북도,김제시,2017,1,83.2,86926
전라북도,완주군,2017,1.1,102.2,95975
전라북도,진안군,2017,0.5,13.2,26271
전라북도,무주군,2017,1.2,29.1,24809
전라북도,장수군,2017,1.1,24.3,23003
전라북도,임실군,2017,0.4,12.7,30162
전라북도,순창군,2017,0.5,15.9,29698
전라북도,고창군,2017,1.3,80.8,60472
전라북도,부안군,2017,0.8,44.3,56086
전라남도,목포시,2017,1,237.2,234379
전라남도,여수시,2017,1.5,428.7,286382
전라남도,순천시,2017,1.1,293.6,279331
전라남도,나주시,2017,0.8,85.2,110110
전라남도,광양시,2017,1.5,233.6,155857
전라남도,담양군,2017,0.5,22.7,47285
전라남도,곡성군,2017,0.7,21.7,30131
전라남도,구례군,2017,0.6,16,27525
전라남도,고흥군,2017,0.9,60.7,66736
전라남도,보성군,2017,0.7,29.1,43755
전라남도,화순군,2017,0.7,42.2,64680
전라남도,장흥군,2017,0.8,33.1,40136
전라남도,강진군,2017,1,36.3,36868
전라남도,해남군,2017,0.7,54.4,73604
전라남도,영암군,2017,1.8,101,55616
전라남도,무안군,2017,1,79.7,82872
전라남도,함평군,2017,0.6,21.1,34328
전라남도,영광군,2017,0.7,36.6,54774
전라남도,장성군,2017,0.8,36.2,46111
전라남도,완도군,2017,0.8,43.1,52109
전라남도,진도군,2017,0.9,29.8,31765
전라남도,신안군,2017,1,41,42070
경상북도,포항시,2017,1,521.9,513832
경상북도,경주시,2017,1.6,410.6,257903
경상북도,김천시,2017,0.9,125,142908
경상북도,안동시,2017,1.8,296.8,166272
경상북도,구미시,2017,1.1,461.6,421799
경상북도,영주시,2017,1.6,174.3,108371
경상북도,영천시,2017,1.3,128.8,100615
경상북도,상주시,2017,1.1,108.3,100947
경상북도,문경시,2017,1.5,108.1,73294
경상북도,경산시,2017,0.9,239,259485
경상북도,군위군,2017,1,24.4,24215
경상북도,의성군,2017,0.9,50.3,53474
경상북도,청송군,2017,1.2,30.6,26006
경상북도,영양군,2017,0.8,14.8,17479
경상북도,영덕군,2017,1.7,66.4,38529
경상북도,청도군,2017,0.7,30.4,43346
경상북도,고령군,2017,0.8,27,33768
경상북도,성주군,2017,0.9,39.1,45138
경상북도,칠곡군,2017,1,126,120864
경상북도,예천군,2017,0.9,46.2,49253
경상북도,봉화군,2017,1.6,54.7,33259
경상북도,울진군,2017,1.2,63.6,50974
경상북도,울릉군,2017,1.6,15.6,9975
경상남도,진주시,2017,1.2,425.5,346681
경상남도,통영시,2017,1.7,232.8,135833
경상남도,사천시,2017,1.5,169.1,114252
경상남도,김해시,2017,0.9,481.7,532132
경상남도,밀양시,2017,1.2,125.8,107898
경상남도,거제시,2017,1.5,369.1,254073
경상남도,양산시,2017,1.1,370,338535
경상남도,창원시,2017,1.2,1301.5,1057032
경상남도,의령군,2017,1,28,27849
경상남도,함안군,2017,1.1,76.2,68207
경상남도,창녕군,2017,0.8,53,64101
경상남도,고성군,2017,0.9,47.1,54060
경상남도,남해군,2017,1.4,61.5,44642
경상남도,하동군,2017,1.2,56.2,48831
경상남도,산청군,2017,1.1,39.1,36340
경상남도,함양군,2017,1.1,43,40175
경상남도,거창군,2017,1.2,76.3,62763
경상남도,합천군,2017,1,48,47000
제주특별자치도,제주시,2017,1.8,881.3,478700
제주특별자치도,서귀포시,2017,2.4,430.8,178383
서울특별시,종로구,2018,2.4,362.7,153065
서울특별시,중구,2018,3.4,429.7,125725
서울특별시,용산구,2018,1.3,288.4,228999
서울특별시,성동구,2018,0.9,270,308221
서울특별시,광진구,2018,1,342.5,355559
서울특별시,동대문구,2018,1.2,416.3,348052
서울특별시,중랑구,2018,1,391.9,403209
서울특별시,성북구,2018,0.8,348.5,435868
서울특별시,강북구,2018,0.7,230.6,319164
서울특별시,도봉구,2018,0.8,255.7,339413
서울특별시,노원구,2018,0.9,467.2,543752
서울특별시,은평구,2018,0.7,333.3,483197
서울특별시,서대문구,2018,0.9,285.3,310313
서울특별시,마포구,2018,1.2,439.5,375077
서울특별시,양천구,2018,0.6,297.7,464185
서울특별시,강서구,2018,0.8,480,596949
서울특별시,구로구,2018,0.8,319.4,404497
서울특별시,금천구,2018,1.1,248.8,233917
서울특별시,영등포구,2018,0.9,335.3,367778
서울특별시,동작구,2018,0.7,290.6,396203
서울특별시,관악구,2018,0.9,436.8,501957
서울특별시,서초구,2018,1.3,563.7,433951
서울특별시,강남구,2018,1.2,677.1,542364
서울특별시,송파구,2018,0.9,611.8,666635
서울특별시,강동구,2018,0.9,370.1,427573
부산광역시,중구,2018,1.9,81.5,42795
부산광역시,서구,2018,1.1,118.3,110534
부산광역시,동구,2018,1.1,95.2,86912
부산광역시,영도구,2018,1,121.1,120109
부산광역시,부산진구,2018,1,364,362357
부산광역시,동래구,2018,0.9,235.7,266515
부산광역시,남구,2018,0.8,230.1,279917
부산광역시,북구,2018,0.9,268.3,296952
부산광역시,해운대구,2018,0.9,383.8,409347
부산광역시,사하구,2018,1,341.1,327791
부산광역시,금정구,2018,1,234.6,242956
부산광역시,강서구,2018,1.2,143.2,122957
부산광역시,연제구,2018,0.9,186.7,207840
부산광역시,수영구,2018,0.9,151.1,176246
부산광역시,사상구,2018,1.1,252.2,223361
부산광역시,기장군,2018,0.8,130.3,164864
대구광역시,중구,2018,2.3,184.1,79401
대구광역시,동구,2018,1.2,413.4,351291
대구광역시,서구,2018,1.6,301.2,184372
대구광역시,남구,2018,1.3,189.8,150501
대구광역시,북구,2018,1.2,536.3,439489
대구광역시,수성구,2018,1.1,465.3,432759
대구광역시,달서구,2018,1.1,637,573413
대구광역시,달성군,2018,1.1,287.7,250543
인천광역시,중구,2018,2.6,324.3,122499
인천광역시,동구,2018,2.1,141.8,66233
인천광역시,남구,2018,-,-,-
인천광역시,연수구,2018,0.8,269.6,346359
인천광역시,남동구,2018,1,521.9,537161
인천광역시,부평구,2018,0.8,412.6,524640
인천광역시,계양구,2018,0.7,218.8,312680
인천광역시,서구,2018,0.8,444.4,538596
인천광역시,미추홀구,2018,0.6,-,416542
인천광역시,강화군,2018,1.4,96.2,68896
인천광역시,옹진군,2018,0.9,18.4,21036
광주광역시,동구,2018,1.2,108.8,94475
광주광역시,서구,2018,0.9,269.1,304172
광주광역시,남구,2018,0.9,190.8,216369
광주광역시,북구,2018,0.8,338.5,439773
광주광역시,광산구,2018,0.9,365.1,404547
대전광역시,동구,2018,1.2,270.7,229071
대전광역시,중구,2018,1.2,296.7,244421
대전광역시,서구,2018,1,461.7,484663
대전광역시,유성구,2018,0.9,323.7,349790
대전광역시,대덕구,2018,1.4,258.5,181991
울산광역시,중구,2018,1.1,254.6,231973
울산광역시,남구,2018,1.6,537.2,330732
울산광역시,동구,2018,1.3,213.6,164642
울산광역시,북구,2018,1.2,250.6,206434
울산광역시,울주군,2018,1.3,294.2,221842
경기도,수원시,2018,0.9,1134.5,1201166
경기도,성남시,2018,1,918.4,954347
경기도,의정부시,2018,1,460,447026
경기도,안양시,2018,0.7,388.1,576831
경기도,부천시,2018,1,844.6,843768
경기도,광명시,2018,0.8,268.1,326841
경기도,평택시,2018,1,490.6,495642
경기도,동두천시,2018,0.8,76.8,96226
경기도,안산시,2018,0.9,592.9,660343
경기도,고양시,2018,0.9,924.3,1044189
경기도,과천시,2018,1.5,88.7,58142
경기도,구리시,2018,0.8,165.9,203553
경기도,남양주시,2018,0.6,407.2,681828
경기도,오산시,2018,0.8,178.5,220070
경기도,시흥시,2018,1,432.1,448687
경기도,군포시,2018,0.9,252.6,276916
경기도,의왕시,2018,0.7,112.7,153932
경기도,하남시,2018,1.5,388.9,254415
경기도,용인시,2018,1.1,1088.2,1035126
경기도,파주시,2018,1.1,505.2,451848
경기도,이천시,2018,1.2,264.5,214206
경기도,안성시,2018,1.3,234.9,183579
경기도,김포시,2018,0.8,337.5,423170
경기도,화성시,2018,0.9,656.1,758722
경기도,광주시,2018,1,366.7,363782
경기도,양주시,2018,1.1,236.4,216951
경기도,포천시,2018,1.2,188,150676
경기도,여주시,2018,1.8,197.3,111525
경기도,경기 여주군,2018,-,-,-
경기도,연천군,2018,1.3,58.8,44633
경기도,가평군,2018,1.2,74.6,62918
경기도,양평군,2018,0.6,73,116095
강원도,춘천시,2018,1.6,462.9,280640
강원도,원주시,2018,1.3,434.4,344070
강원도,강릉시,2018,1.8,386.7,212957
강원도,동해시,2018,1.2,113.7,91272
강원도,태백시,2018,1.9,87.3,44858
강원도,속초시,2018,1.6,132.8,81682
강원도,삼척시,2018,1.5,104.3,68326
강원도,홍천군,2018,1.6,112.2,69949
강원도,횡성군,2018,1.4,66.5,46726
강원도,영월군,2018,0.9,34.6,39730
강원도,평창군,2018,1.8,78.1,42610
강원도,정선군,2018,1.1,40.4,37700
강원도,철원군,2018,1.2,53.8,46413
강원도,화천군,2018,1.8,44.9,25084
강원도,양구군,2018,1.3,31.3,23408
강원도,인제군,2018,3,95.1,32136
강원도,고성군,2018,1.2,34,28144
강원도,양양군,2018,2.2,59.3,27347
충청북도,충북 청주시,2018,-,-,-
충청북도,충주시,2018,1.7,355.6,210504
충청북도,제천시,2018,1.1,149.5,135386
충청북도,청주시,2018,1.3,1083,837749
충청북도,충북 청원군,2018,-,-,-
충청북도,보은군,2018,1,34.7,33680
충청북도,옥천군,2018,1.4,69.5,51465
충청북도,영동군,2018,0.8,39.4,49715
충청북도,진천군,2018,1.5,114.7,78218
충청북도,괴산군,2018,1.8,71,39133
충청북도,음성군,2018,1.6,154,95830
충청북도,단양군,2018,1.7,52.8,30255
충청북도,증평군,2018,1,38.9,37317
충청남도,천안시,2018,1.3,822.1,646075
충청남도,공주시,2018,1.6,173.8,107581
충청남도,보령시,2018,1.4,143.6,101990
충청남도,아산시,2018,2.4,760.9,312822
충청남도,서산시,2018,1,172.5,174162
충청남도,논산시,2018,1.4,170.6,120230
충청남도,계룡시,2018,1,42.8,43731
충청남도,당진시,2018,0.9,155,167770
충청남도,금산군,2018,1,52,53222
충청남도,충남 연기군,2018,-,-,-
충청남도,부여군,2018,1.2,79.5,68078
충청남도,서천군,2018,1.7,91.2,53922
충청남도,청양군,2018,1,32.1,32296
충청남도,홍성군,2018,1,99.6,101082
충청남도,예산군,2018,1,83.1,80083
충청남도,태안군,2018,1.3,83.1,63238
충청남도,충남 당진군,2018,-,-,-
전라북도,전주시,2018,1.3,859.3,651091
전라북도,군산시,2018,1.6,442.3,272645
전라북도,익산시,2018,0.8,241.3,294062
전라북도,정읍시,2018,0.8,90.3,112169
전라북도,남원시,2018,1.1,88.5,82554
전라북도,김제시,2018,1.1,95.4,85331
전라북도,완주군,2018,0.9,84.5,94444
전라북도,진안군,2018,0.4,10.7,25963
전라북도,무주군,2018,1.2,29,24589
전라북도,장수군,2018,1.2,28.6,23221
전라북도,임실군,2018,0.3,10.3,30072
전라북도,순창군,2018,0.5,15.7,29209
전라북도,고창군,2018,1.1,63.1,57041
전라북도,부안군,2018,0.9,50.4,54441
전라남도,목포시,2018,1.1,256.3,232327
전라남도,여수시,2018,1.5,435.1,283300
전라남도,순천시,2018,1.1,293.9,279389
전라남도,나주시,2018,0.6,71.8,113839
전라남도,광양시,2018,1.6,243.8,156564
전라남도,담양군,2018,0.4,20.7,46917
전라남도,곡성군,2018,0.7,21.5,29624
전라남도,구례군,2018,0.6,17.3,27117
전라남도,고흥군,2018,1,64.9,65777
전라남도,보성군,2018,0.7,30.6,42803
전라남도,화순군,2018,0.7,46.2,63933
전라남도,장흥군,2018,0.6,24.4,39312
전라남도,강진군,2018,0.8,29.5,36144
전라남도,해남군,2018,0.9,63.2,71901
전라남도,영암군,2018,1.3,73.2,54731
전라남도,무안군,2018,1,81.9,81991
전라남도,함평군,2018,0.6,19.1,33420
전라남도,영광군,2018,2,110.7,54127
전라남도,장성군,2018,0.9,43.5,45795
전라남도,완도군,2018,0.9,43.9,51477
전라남도,진도군,2018,1.1,35.5,31219
전라남도,신안군,2018,1,39.8,41263
경상북도,포항시,2018,1,503.3,510013
경상북도,경주시,2018,2.3,582,256864
경상북도,김천시,2018,0.9,125.2,141104
경상북도,안동시,2018,1.1,184.6,162180
경상북도,구미시,2018,1.1,464.9,421494
경상북도,영주시,2018,1.7,177,106801
경상북도,영천시,2018,1.1,115.1,101595
경상북도,상주시,2018,0.9,86.3,100297
경상북도,문경시,2018,2,140.8,71874
경상북도,경산시,2018,1,268.8,261093
경상북도,군위군,2018,0.9,21.7,23919
경상북도,의성군,2018,1.1,58,52944
경상북도,청송군,2018,1.2,30.8,25678
경상북도,영양군,2018,0.9,15.1,17356
경상북도,영덕군,2018,1.4,52.2,38108
경상북도,청도군,2018,0.7,28.9,43057
경상북도,고령군,2018,1.2,39,32969
경상북도,성주군,2018,0.9,40,44672
경상북도,칠곡군,2018,1,122.2,118828
경상북도,예천군,2018,1,53.5,53274
경상북도,봉화군,2018,1.6,53.6,32843
경상북도,울진군,2018,1.3,66,50036
경상북도,울릉군,2018,1.7,17.2,9832
경상남도,진주시,2018,1.3,447.7,345987
경상남도,통영시,2018,1.6,214.8,133720
경상남도,사천시,2018,1.3,152.9,113888
경상남도,김해시,2018,0.9,494.6,533672
경상남도,밀양시,2018,1.2,125.5,106744
경상남도,거제시,2018,1.4,352.7,250516
경상남도,양산시,2018,1.1,395.5,348639
경상남도,창원시,2018,1.2,1232.9,1053601
경상남도,의령군,2018,1.1,29.3,27667
경상남도,함안군,2018,1,69.7,67025
경상남도,창녕군,2018,0.9,56.6,63396
경상남도,고성군,2018,1,51.1,53243
경상남도,남해군,2018,1.5,67.5,43990
경상남도,하동군,2018,1.1,53.3,47533
경상남도,산청군,2018,1,37,35952
경상남도,함양군,2018,1.1,43.2,40044
경상남도,거창군,2018,1.1,70.3,62455
경상남도,합천군,2018,0.9,42.7,45916
제주특별자치도,제주시,2018,1.9,923.2,485946
제주특별자치도,서귀포시,2018,2.2,390.7,181245
서울특별시,종로구,2019,2.2,339.9,151290
서울특별시,중구,2019,3.3,413.7,126171
서울특별시,용산구,2019,1.3,305.2,228670
서울특별시,성동구,2019,1,303.1,300889
서울특별시,광진구,2019,1,333.9,351350
서울특별시,동대문구,2019,1.2,411.2,346194
서울특별시,중랑구,2019,0.8,330.5,397015
서울특별시,성북구,2019,0.8,371.3,442650
서울특별시,강북구,2019,0.8,251.2,313954
서울특별시,도봉구,2019,1,345.1,333362
서울특별시,노원구,2019,0.6,317.3,532905
서울특별시,은평구,2019,0.8,369,480032
서울특별시,서대문구,2019,0.8,240.1,309397
서울특별시,마포구,2019,1.3,477.5,374035
서울특별시,양천구,2019,0.7,340.8,458165
서울특별시,강서구,2019,1,599.4,591796
서울특별시,구로구,2019,0.8,326.5,406664
서울특별시,금천구,2019,1.2,286.7,232810
서울특별시,영등포구,2019,1.1,417.3,367678
서울특별시,동작구,2019,0.8,315.4,395963
서울특별시,관악구,2019,0.9,434.7,500094
서울특별시,서초구,2019,1.2,498.3,430826
서울특별시,강남구,2019,1.1,591.2,545169
서울특별시,송파구,2019,1.2,808.2,675961
서울특별시,강동구,2019,1,419.9,436067
부산광역시,중구,2019,1.9,81.3,41910
부산광역시,서구,2019,1.1,116.3,108229
부산광역시,동구,2019,1.1,92.9,88165
부산광역시,영도구,2019,1,118.5,116711
부산광역시,부산진구,2019,1,363.1,357880
부산광역시,동래구,2019,0.8,228.6,271247
부산광역시,남구,2019,0.9,234.9,274480
부산광역시,북구,2019,0.9,263.9,291132
부산광역시,해운대구,2019,0.9,385.6,406102
부산광역시,사하구,2019,1.1,337.7,321004
부산광역시,금정구,2019,1,233,239062
부산광역시,강서구,2019,1.2,153.1,129566
부산광역시,연제구,2019,0.9,187.8,209395
부산광역시,수영구,2019,0.8,145.3,176148
부산광역시,사상구,2019,1.2,254.2,218094
부산광역시,기장군,2019,0.8,129.8,164716
대구광역시,중구,2019,2.2,173,77421
대구광역시,동구,2019,1.2,417.3,345469
대구광역시,서구,2019,1.4,240.4,175277
대구광역시,남구,2019,1.2,183.8,148113
대구광역시,북구,2019,1.2,527.2,437710
대구광역시,수성구,2019,1,444.2,428614
대구광역시,달서구,2019,1.2,657.5,568887
대구광역시,달성군,2019,1.1,294.7,256540
인천광역시,중구,2019,1.9,263.5,135135
인천광역시,동구,2019,0.9,59.5,64427
인천광역시,남구,2019,-,-,-
인천광역시,연수구,2019,0.6,237.4,366550
인천광역시,남동구,2019,0.9,469.3,532704
인천광역시,부평구,2019,0.8,416.3,511577
인천광역시,계양구,2019,0.8,228.4,303471
인천광역시,서구,2019,0.9,506.8,544556
인천광역시,미추홀구,2019,0.8,310.6,408862
인천광역시,강화군,2019,1.9,130.2,69178
인천광역시,옹진군,2019,1,20.1,20566
광주광역시,동구,2019,1.1,108.7,98585
광주광역시,서구,2019,0.9,268.4,300975
광주광역시,남구,2019,0.8,163.6,218060
광주광역시,북구,2019,0.9,408.9,433533
광주광역시,광산구,2019,1,418.7,405315
대전광역시,동구,2019,1.1,249.6,226771
대전광역시,중구,2019,1.1,267.4,240473
대전광역시,서구,2019,0.8,386.8,481222
대전광역시,유성구,2019,1,342.8,349373
대전광역시,대덕구,2019,1.2,210.6,177031
울산광역시,중구,2019,1.1,247.2,223581
울산광역시,남구,2019,1.6,505.9,323819
울산광역시,동구,2019,1.3,207.4,159656
울산광역시,북구,2019,1.1,245.2,217796
울산광역시,울주군,2019,1.9,416.6,223167
경기도,수원시,2019,0.9,1019.8,1194465
경기도,성남시,2019,0.9,851.4,942724
경기도,의정부시,2019,0.9,392.9,451868
경기도,안양시,2019,0.5,298.5,567044
경기도,부천시,2019,0.8,684.9,829996
경기도,광명시,2019,0.9,282,316552
경기도,평택시,2019,1.7,895.6,513027
경기도,동두천시,2019,0.8,76.9,94768
경기도,안산시,2019,1,622,650918
경기도,고양시,2019,0.9,936.9,1066351
경기도,과천시,2019,1.5,89.2,58289
경기도,구리시,2019,0.9,187.4,199265
경기도,남양주시,2019,1,684.4,701830
경기도,오산시,2019,1,228.2,226379
경기도,시흥시,2019,1,479.4,473682
경기도,군포시,2019,1,262.5,275852
경기도,의왕시,2019,0.6,89.9,161153
경기도,하남시,2019,0.8,220.3,272455
경기도,용인시,2019,1.4,1526.9,1059609
경기도,파주시,2019,1.1,494.8,454040
경기도,이천시,2019,2,434.9,215834
경기도,안성시,2019,1.2,220.8,183405
경기도,김포시,2019,0.8,344.9,437221
경기도,화성시,2019,0.8,614.3,815396
경기도,광주시,2019,0.8,312.2,372654
경기도,양주시,2019,1.1,235.2,222314
경기도,포천시,2019,2,290.5,148379
경기도,여주시,2019,1.5,171.8,111083
경기도,경기 여주군,2019,-,-,-
경기도,연천군,2019,1.6,71.8,43824
경기도,가평군,2019,1.5,95.5,62415
경기도,양평군,2019,0.7,81.1,116874
강원도,춘천시,2019,1,275.4,281291
강원도,원주시,2019,1.3,441.6,349215
강원도,강릉시,2019,1.4,294.4,213442
강원도,동해시,2019,1.5,135,90522
강원도,태백시,2019,2.2,97.3,43866
강원도,속초시,2019,1.5,126.5,81786
강원도,삼척시,2019,1.8,121.3,67228
강원도,홍천군,2019,2.6,180.4,69150
강원도,횡성군,2019,1.3,59.8,46575
강원도,영월군,2019,0.8,31.4,39127
강원도,평창군,2019,1.7,72.4,42106
강원도,정선군,2019,2,75.1,37271
강원도,철원군,2019,1.2,56.2,45584
강원도,화천군,2019,2.4,59.5,24917
강원도,양구군,2019,1.3,30.3,22764
강원도,인제군,2019,2.5,78.9,31672
강원도,고성군,2019,2,55.7,27260
강원도,양양군,2019,2.2,59.7,27726
충청북도,충북 청주시,2019,-,-,-
충청북도,충주시,2019,1.8,379.7,210737
충청북도,제천시,2019,1,135.3,134617
충청북도,청주시,2019,1.5,1224.2,839566
충청북도,충북 청원군,2019,-,-,-
충청북도,보은군,2019,1.1,35.9,32949
충청북도,옥천군,2019,1.1,56.1,51023
충청북도,영동군,2019,0.9,43,48738
충청북도,진천군,2019,1.1,91,81084
충청북도,괴산군,2019,1,39.9,39163
충청북도,음성군,2019,1.6,156.6,94982
충청북도,단양군,2019,1.9,55.8,29756
충청북도,증평군,2019,1.5,56.9,37392
충청남도,천안시,2019,1.2,807.3,652258
충청남도,공주시,2019,1.3,140.9,106474
충청남도,보령시,2019,1.4,146.5,101114
충청남도,아산시,2019,2,622,314395
충청남도,서산시,2019,1,181.4,174690
충청남도,논산시,2019,1.2,144.8,118842
충청남도,계룡시,2019,1.1,46.3,42971
충청남도,당진시,2019,1.4,238.4,167042
충청남도,금산군,2019,0.9,46.1,52257
충청남도,충남 연기군,2019,-,-,-
충청남도,부여군,2019,1,69.9,66740
충청남도,서천군,2019,1.5,79.2,52805
충청남도,청양군,2019,1.3,39.8,31717
충청남도,홍성군,2019,1,95.8,100423
충청남도,예산군,2019,1.1,84.2,79238
충청남도,태안군,2019,1.3,79.8,62743
충청남도,충남 당진군,2019,-,-,-
전라북도,전주시,2019,1,642.8,654394
전라북도,군산시,2019,1.6,444.7,270131
전라북도,익산시,2019,0.8,239.1,287771
전라북도,정읍시,2019,0.8,86.4,110541
전라북도,남원시,2019,2,159.5,81441
전라북도,김제시,2019,0.9,78,83895
전라북도,완주군,2019,1.6,144.5,92220
전라북도,진안군,2019,0.8,20.3,25697
전라북도,무주군,2019,2.3,56.6,24303
전라북도,장수군,2019,1,22.5,22441
전라북도,임실군,2019,0.4,13,28902
전라북도,순창군,2019,0.7,20.1,28382
전라북도,고창군,2019,1.1,62,55504
전라북도,부안군,2019,1.1,61.1,53295
전라남도,목포시,2019,1.1,262.5,229861
전라남도,여수시,2019,1.8,523,282786
전라남도,순천시,2019,0.9,254.6,279598
전라남도,나주시,2019,0.7,84.7,114664
전라남도,광양시,2019,1.5,236.6,156750
전라남도,담양군,2019,0.3,15.4,46535
전라남도,곡성군,2019,0.7,21,28887
전라남도,구례군,2019,0.7,18.4,26563
전라남도,고흥군,2019,1.2,80.2,64913
전라남도,보성군,2019,0.7,27,41420
전라남도,화순군,2019,0.6,37.4,62737
전라남도,장흥군,2019,0.7,26.4,38563
전라남도,강진군,2019,0.8,29.4,35286
전라남도,해남군,2019,0.9,63.9,70354
전라남도,영암군,2019,0.9,49.5,54593
전라남도,무안군,2019,1.5,122.2,81105
전라남도,함평군,2019,0.6,18.3,32861
전라남도,영광군,2019,0.7,37.3,53852
전라남도,장성군,2019,1.1,48.6,45739
전라남도,완도군,2019,0.7,37.8,50689
전라남도,진도군,2019,1.4,42.8,30715
전라남도,신안군,2019,1.5,60.8,40274
경상북도,포항시,2019,0.9,451.4,507025
경상북도,경주시,2019,1.5,378.6,255402
경상북도,김천시,2019,0.9,129.6,141229
경상북도,안동시,2019,1.7,265.4,160052
경상북도,구미시,2019,2,826.6,419742
경상북도,영주시,2019,2.1,219,105067
경상북도,영천시,2019,1.4,148.3,102470
경상북도,상주시,2019,1,102.9,100688
경상북도,문경시,2019,1.8,132.1,72242
경상북도,경산시,2019,1,256.1,263185
경상북도,군위군,2019,1.7,41.5,23843
경상북도,의성군,2019,1,50.9,52595
경상북도,청송군,2019,1.5,37.1,25416
경상북도,영양군,2019,1.2,20,16993
경상북도,영덕군,2019,2,74.3,37361
경상북도,청도군,2019,0.7,30.7,42910
경상북도,고령군,2019,1.7,53.9,32373
경상북도,성주군,2019,1.1,48.5,44015
경상북도,칠곡군,2019,1,119.9,117047
경상북도,예천군,2019,0.6,34.2,55100
경상북도,봉화군,2019,1.3,41.3,32150
경상북도,울진군,2019,1.9,91.7,49314
경상북도,울릉군,2019,1.6,15.4,9617
경상남도,진주시,2019,1.3,461,347334
경상남도,통영시,2019,1.5,202.5,131404
경상남도,사천시,2019,1.4,156.5,111925
경상남도,김해시,2019,1.3,725.3,542455
경상남도,밀양시,2019,1.1,114.3,105552
경상남도,거제시,2019,1.4,355,248276
경상남도,양산시,2019,1.2,415,350759
경상남도,창원시,2019,1.2,1226.2,1044740
경상남도,의령군,2019,1,27.2,27168
경상남도,함안군,2019,1.6,106.3,65700
경상남도,창녕군,2019,4.9,303.8,62331
경상남도,고성군,2019,0.6,31.9,52276
경상남도,남해군,2019,1.4,61.1,43622
경상남도,하동군,2019,0.9,41.9,46574
경상남도,산청군,2019,1.1,37.2,35417
경상남도,함양군,2019,1.3,53.3,39637
경상남도,거창군,2019,1.6,97.3,62179
경상남도,합천군,2019,1.2,56,45204
제주특별자치도,제주시,2019,1.8,860.3,489405
제주특별자치도,서귀포시,2019,2.1,373.2,181584
